handle,fieldType,name,visible,plainDescription,categorySlugs,primaryCategorySlug,media,mediaAltText,ribbon,brand,price,strikethroughPrice,baseUnit,baseUnitMeasurement,totalUnits,totalUnitsMeasurement,cost,inventory,preOrderEnabled,preOrderMessage,preOrderLimit,sku,barcode,weight,productOptionName1,productOptionType1,productOptionChoices1,productOptionName2,productOptionType2,productOptionChoices2,productOptionName3,productOptionType3,productOptionChoices3,productOptionName4,productOptionType4,productOptionChoices4,productOptionName5,productOptionType5,productOptionChoices5,productOptionName6,productOptionType6,productOptionChoices6,modifierName1,modifierType1,modifierCharLimit1,modifierMandatory1,modifierDescription1,modifierName2,modifierType2,modifierCharLimit2,modifierMandatory2,modifierDescription2,modifierName3,modifierType3,modifierCharLimit3,modifierMandatory3,modifierDescription3,modifierName4,modifierType4,modifierCharLimit4,modifierMandatory4,modifierDescription4,modifierName5,modifierType5,modifierCharLimit5,modifierMandatory5,modifierDescription5,modifierName6,modifierType6,modifierCharLimit6,modifierMandatory6,modifierDescription6,modifierName7,modifierType7,modifierCharLimit7,modifierMandatory7,modifierDescription7,modifierName8,modifierType8,modifierCharLimit8,modifierMandatory8,modifierDescription8,modifierName9,modifierType9,modifierCharLimit9,modifierMandatory9,modifierDescription9,modifierName10,modifierType10,modifierCharLimit10,modifierMandatory10,modifierDescription10
ds-111939,PRODUCT,Thomas Sabo Sterling Silver Venezianer Kette 925 rosé,false,"<p>925 Silber rosévergoldet, Venezianer rund, Länge: 50cmReferenz: KE1106-415-12-L50vVerfügbar in der Bijouterie am Bogen in Bremgarten AG</p>",schmuck;colliers;thomas-sabo,schmuck,,,,Thomas Sabo,139,,,,,,40.45,1,false,,,111939,KE1106-415-12-L50v,,,,,,,,,,,,,,,,,,,,,,,,,,,,,,,,,,,,,,,,,,,,,,,,,,,,,,,,,,,,,,,,,,,,,
ds-128431,PRODUCT,Certina DS 1,true,"<p>Edelstahlgehäuse, Lederband braun mit einer Faltschliesse, braunes Zifferblatt Open Heart, Saphirglas, automatisches Uhrwerk, Durchmesser: 40mm, 10bar Wasserdicht, zwei Jahre GarantieReferenz: C029.907.16.081.00Verfügbar in der Bijouterie am Bogen in Bremgarten AG</p>",uhren;herrenuhren;certina,uhren,,,,Certina,930,,,,,,515.3,1,false,,,128431,C029.907.16.081.00,,,,,,,,,,,,,,,,,,,,,,,,,,,,,,,,,,,,,,,,,,,,,,,,,,,,,,,,,,,,,,,,,,,,,
ds-128431,MEDIA,,,,,,6673aa_3a870dd31d664073bb7e0dfd5f80a377~mv2.png,,,,,,,,,,,,,,,,,,,,,,,,,,,,,,,,,,,,,,,,,,,,,,,,,,,,,,,,,,,,,,,,,,,,,,,,,,,,,,,,,,,,,
ds-124651,PRODUCT,Certina DS Powermatic 80,true,"<p>Edelstahlgehäuse rosévergoldet, weisses Zifferblatt, Datum, Natoband, Automat, 80h Gangreserve, Saphirglas, 10bar Wasserdicht, zwei Jahre GarantieReferenz: C038.407.38.037.00Verfügbar in der Bijouterie am Bogen in Bremgarten AG</p>",uhren;sale;herrenuhren;certina,uhren,,,,Certina,560,935,,,,,495.8,1,false,,,124651,C038.407.38.037.00,,,,,,,,,,,,,,,,,,,,,,,,,,,,,,,,,,,,,,,,,,,,,,,,,,,,,,,,,,,,,,,,,,,,,
ds-124651,MEDIA,,,,,,6673aa_659e89285cdc435384faaf12c6835c28~mv2.png,,,,,,,,,,,,,,,,,,,,,,,,,,,,,,,,,,,,,,,,,,,,,,,,,,,,,,,,,,,,,,,,,,,,,,,,,,,,,,,,,,,,,
ds-124618,PRODUCT,Certina DS Powermatic 80,true,"<p>Edelstahlgehäuse PVD rosé, braunes Zifferblatt, Datum, Saphirglas, braunes Lederband, Automat, Powermatic 80, 10bar Wasserdicht, zwei Jahre GarantieReferenz: C038.407.36.087.00Verfügbar in der Bijouterie am Bogen in Bremgarten AG</p>",uhren;herrenuhren;certina,uhren,,,,Certina,935,,,,,,495.8,1,false,,,124618,C038.407.36.087.00,,,,,,,,,,,,,,,,,,,,,,,,,,,,,,,,,,,,,,,,,,,,,,,,,,,,,,,,,,,,,,,,,,,,,
ds-124618,MEDIA,,,,,,6673aa_1c44bf9add444a388704318ce1639c30~mv2.png,,,,,,,,,,,,,,,,,,,,,,,,,,,,,,,,,,,,,,,,,,,,,,,,,,,,,,,,,,,,,,,,,,,,,,,,,,,,,,,,,,,,,
ds-124618,MEDIA,,,,,,6673aa_df00b146c3064c009c898ba994395ccd~mv2.jpg,,,,,,,,,,,,,,,,,,,,,,,,,,,,,,,,,,,,,,,,,,,,,,,,,,,,,,,,,,,,,,,,,,,,,,,,,,,,,,,,,,,,,
ds-133289,PRODUCT,Certina DS 8,true,"<p>Edelstahlgehäuse und -band aus Edelstahl / PVD gelb, Oberfläche: matt / poliert, Quarzwerk, Zifferblatt silber mit Datumsanzeige, Saphirglas, 10bar Wasserdicht, Durchmesser: 31mm, zwei Jahre GarantieReferenz: C045.010.55.031.00Verfügbar in der Bijouterie am Bogen in Bremgarten AG</p>",uhren;damenuhren;certina,uhren,,,,Certina,530,,,,,,294.15,1,false,,,133289,C045.010.55.031.00,,,,,,,,,,,,,,,,,,,,,,,,,,,,,,,,,,,,,,,,,,,,,,,,,,,,,,,,,,,,,,,,,,,,,
ds-133289,MEDIA,,,,,,6673aa_52ce0848a1f94b42a1f6671cd0812aa1~mv2.jpg,,,,,,,,,,,,,,,,,,,,,,,,,,,,,,,,,,,,,,,,,,,,,,,,,,,,,,,,,,,,,,,,,,,,,,,,,,,,,,,,,,,,,
ds-132916,PRODUCT,Certina DS 8,true,"<p>Edelstahlgehäuse und Band aus Edelstahl und PVD gelb, Oberfläche: matt / poliert, Quarzwerk, Zifferblatt silber mit Datumsanzeige, Saphirglas, 10bar Wasserdicht, Durchmesser: 40mm, zwei Jahre GarantieReferenz: C045.410.22.031.00Verfügbar in der Bijouterie am Bogen in Bremgarten AG</p>",uhren;damenuhren;certina,uhren,,,,Certina,470,,,,,,260.85,1,false,,,132916,C045.410.22.031.00,,,,,,,,,,,,,,,,,,,,,,,,,,,,,,,,,,,,,,,,,,,,,,,,,,,,,,,,,,,,,,,,,,,,,
ds-132916,MEDIA,,,,,,6673aa_6f6e0436ca4846c1a056b8206a3a48b1~mv2.png,,,,,,,,,,,,,,,,,,,,,,,,,,,,,,,,,,,,,,,,,,,,,,,,,,,,,,,,,,,,,,,,,,,,,,,,,,,,,,,,,,,,,
ds-132915,PRODUCT,Certina DS 8,true,"<p>Edelstahlgehäuse und -band aus Edelstahl, Oberfläche: matt / poliert, Quarzwerk, Zifferblatt silber mit Datumsanzeige, Saphirglas, 10bar Wasserdicht, Durchmesser: 31mm, zwei Jahre GarantieReferenz: C045.010.11.011.00Verfügbar in der Bijouterie am Bogen in Bremgarten AG</p>",uhren;damenuhren;certina,,,,,Certina,370,,,,,,205.35,1,false,,,132915,C045.010.11.011.00,,,,,,,,,,,,,,,,,,,,,,,,,,,,,,,,,,,,,,,,,,,,,,,,,,,,,,,,,,,,,,,,,,,,,
ds-132915,MEDIA,,,,,,6673aa_32f9187c9ce94cc18e22ec5e656e07c9~mv2.png,,,,,,,,,,,,,,,,,,,,,,,,,,,,,,,,,,,,,,,,,,,,,,,,,,,,,,,,,,,,,,,,,,,,,,,,,,,,,,,,,,,,,
ds-132263,PRODUCT,Certina DS 8,true,"<p>Edelstahlgehäuse, Oberfläche: poliert, mit einem Lederband schwarz, Quarzwerk, Zifferblatt schwarz mit einer Datumsanzeige und Mondphase, Saphirglas, 10bar Wasserdicht, Durchmesser: 38mm, zwei Jahre GarantieReferenz: C045.423.16.051.00Verfügbar in der Bijouterie am Bogen in Bremgarten AG</p>",uhren;herrenuhren;certina,uhren,,,,Certina,370,,,,,,205.35,1,false,,,132263,C045.423.16.051.00,,,,,,,,,,,,,,,,,,,,,,,,,,,,,,,,,,,,,,,,,,,,,,,,,,,,,,,,,,,,,,,,,,,,,
ds-132263,MEDIA,,,,,,6673aa_c812b005d6bb4458882e753c45611391~mv2.png,,,,,,,,,,,,,,,,,,,,,,,,,,,,,,,,,,,,,,,,,,,,,,,,,,,,,,,,,,,,,,,,,,,,,,,,,,,,,,,,,,,,,
ds-132262,PRODUCT,Certina DS 8,true,"<p>Gehäuse und -band aus Edelstahl, Oberfläche: matt / poliert, Quarzwerk, Zifferblatt schwarz mit Datumsanzeige und Chronograph, Saphirglas, 10bar Wasserdicht, Durchmesser: 41mm, zwei Jahre GarantieReferenz: C045.417.11.051.00Verfügbar in der Bijouterie am Bogen in Bremgarten AG</p>",uhren;herrenuhren;certina,uhren,,,,Certina,520,,,,,,288.6,1,false,,,132262,C045.417.11.051.00,,,,,,,,,,,,,,,,,,,,,,,,,,,,,,,,,,,,,,,,,,,,,,,,,,,,,,,,,,,,,,,,,,,,,
ds-132262,MEDIA,,,,,,6673aa_3c9a2ace72be4f93895633241aec40b7~mv2.png,,,,,,,,,,,,,,,,,,,,,,,,,,,,,,,,,,,,,,,,,,,,,,,,,,,,,,,,,,,,,,,,,,,,,,,,,,,,,,,,,,,,,
ds-132261,PRODUCT,Certina DS 8,true,"<p>Gehäuse und Band aus Edelstahl Bicolor PVD gelb, Oberfläche: poliert / mattiert, Quarzwerk EOL, Zifferblatt Perlmutt mit einer Datumsanzeige und Mondphase, Saphirglas, 10bar Wasserdicht, Durchmesser: 32mm, zwei Jahre GarantieReferenz: C045.223.22.111.00Verfügbar in der Bijouterie am Bogen in Bremgarten AG</p>",uhren;damenuhren;certina,uhren,,,,Certina,470,,,,,,260.85,1,false,,,132261,C045.223.22.111.00,,,,,,,,,,,,,,,,,,,,,,,,,,,,,,,,,,,,,,,,,,,,,,,,,,,,,,,,,,,,,,,,,,,,,
ds-132261,MEDIA,,,,,,6673aa_21fcb41785f946d29b1a33e09ddbc2d3~mv2.png,,,,,,,,,,,,,,,,,,,,,,,,,,,,,,,,,,,,,,,,,,,,,,,,,,,,,,,,,,,,,,,,,,,,,,,,,,,,,,,,,,,,,
ds-132261,MEDIA,,,,,,6673aa_3a304056e85f45c19910338612d7fcca~mv2.jpg,,,,,,,,,,,,,,,,,,,,,,,,,,,,,,,,,,,,,,,,,,,,,,,,,,,,,,,,,,,,,,,,,,,,,,,,,,,,,,,,,,,,,
ds-132261,MEDIA,,,,,,6673aa_f45d5a6ddb3c4534820b1a02a2b7ab7c~mv2.jpg,,,,,,,,,,,,,,,,,,,,,,,,,,,,,,,,,,,,,,,,,,,,,,,,,,,,,,,,,,,,,,,,,,,,,,,,,,,,,,,,,,,,,
ds-132261,MEDIA,,,,,,6673aa_86cf31aaa84b4b6095b90dde408eadd0~mv2.jpg,,,,,,,,,,,,,,,,,,,,,,,,,,,,,,,,,,,,,,,,,,,,,,,,,,,,,,,,,,,,,,,,,,,,,,,,,,,,,,,,,,,,,
ds-131697,PRODUCT,Certina DS 8,true,"<p>Edelstahlgehäuse, Oberfläche: poliert, mit einem Lederband schwarz, Quarzwerk, Zifferblatt silber mit einer Datumsanzeige, Saphirglas, 10bar Wasserdicht, Durchmesser: 40mm, zwei Jahre GarantieReferenz: C045.410.16.032.00Verfügbar in der Bijouterie am Bogen in Bremgarten AG</p>",uhren;herrenuhren;certina,uhren,,,,Certina,335,,,,,,185.95,1,false,,,131697,C045.410.16.032.00,,,,,,,,,,,,,,,,,,,,,,,,,,,,,,,,,,,,,,,,,,,,,,,,,,,,,,,,,,,,,,,,,,,,,
ds-131697,MEDIA,,,,,,6673aa_34c61bb3786c42728701c3669053673b~mv2.png,,,,,,,,,,,,,,,,,,,,,,,,,,,,,,,,,,,,,,,,,,,,,,,,,,,,,,,,,,,,,,,,,,,,,,,,,,,,,,,,,,,,,
ds-129917,PRODUCT,Certina DS 8,true,"<p>Gehäuse und -band aus Titan, Oberfläche: matt / poliert, Quarzwerk, Zifferblatt blau mit Datumsanzeige, Saphirglas, 10bar Wasserdicht, Durchmesser: 40mm, zwei Jahre GarantieReferenz: C045.410.44.041.00Verfügbar in der Bijouterie am Bogen in Bremgarten AG</p>",uhren;herrenuhren;certina,,,,,Certina,525,,,,,,291.4,1,false,,,129917,C045.410.44.041.00,,,,,,,,,,,,,,,,,,,,,,,,,,,,,,,,,,,,,,,,,,,,,,,,,,,,,,,,,,,,,,,,,,,,,
ds-129917,MEDIA,,,,,,6673aa_a6f47f292e4e47199d828e2577cad079~mv2.png,,,,,,,,,,,,,,,,,,,,,,,,,,,,,,,,,,,,,,,,,,,,,,,,,,,,,,,,,,,,,,,,,,,,,,,,,,,,,,,,,,,,,
ds-129886,PRODUCT,Certina DS 8,true,"<p>Edelstahlgehäuse aus Edelstahl und PVD gelb, mit einem Lederband braun, Oberfläche: matt / poliert, Quarzwerk, Zifferblatt silber, Saphirglas, 10bar Wasserdicht, Durchmesser: 40mm, zwei Jahre GarantieReferenz: C045.410.26.031.00Verfügbar in der Bijouterie am Bogen in Bremgarten AG</p>",herrenuhren;uhren;certina,uhren,,,,Certina,370,,,,,,205.35,1,false,,,129886,C045.410.26.031.00,,,,,,,,,,,,,,,,,,,,,,,,,,,,,,,,,,,,,,,,,,,,,,,,,,,,,,,,,,,,,,,,,,,,,
ds-129886,MEDIA,,,,,,6673aa_10d43e91e88e4262aec8988228bb2932~mv2.png,,,,,,,,,,,,,,,,,,,,,,,,,,,,,,,,,,,,,,,,,,,,,,,,,,,,,,,,,,,,,,,,,,,,,,,,,,,,,,,,,,,,,
ds-129885,PRODUCT,Certina DS 8,true,"<p>Gehäuse und -band aus Edelstahl, Oberfläche: matt / poliert, Quarzwerk, Zifferblatt weiss mit Datumsanzeige, Saphirglas, 10bar Wasserdicht, Durchmesser: 40mm, zwei Jahre GarantieReferenz: C045.410.11.011.00Verfügbar in der Bijouterie am Bogen in Bremgarten AG</p>",uhren;herrenuhren;certina,uhren,,,,Certina,395,,,,,,219.25,1,false,,,129885,C045.410.11.011.00,,,,,,,,,,,,,,,,,,,,,,,,,,,,,,,,,,,,,,,,,,,,,,,,,,,,,,,,,,,,,,,,,,,,,
ds-129885,MEDIA,,,,,,6673aa_47d33171ef9f4da3a3433a213fd18de7~mv2.png,,,,,,,,,,,,,,,,,,,,,,,,,,,,,,,,,,,,,,,,,,,,,,,,,,,,,,,,,,,,,,,,,,,,,,,,,,,,,,,,,,,,,
ds-129884,PRODUCT,Certina DS 8,true,"<p>Edelstahlgehäuse und -band aus Edelstahl PVD gelb, Oberfläche: matt / poliert, Quarzwerk, Zifferblatt vergoldet, Saphirglas, 10bar Wasserdicht, Durchmesser: 31mm, zwei Jahre GarantieReferenz: C045.010.33.361.00Verfügbar in der Bijouterie am Bogen in Bremgarten AG</p>",uhren;damenuhren;certina,uhren,,,,Certina,480,,,,,,266.4,1,false,,,129884,C045.010.33.361.00,,,,,,,,,,,,,,,,,,,,,,,,,,,,,,,,,,,,,,,,,,,,,,,,,,,,,,,,,,,,,,,,,,,,,
ds-129884,MEDIA,,,,,,6673aa_0add08e0a1884ea6b6e92e044696e453~mv2.png,,,,,,,,,,,,,,,,,,,,,,,,,,,,,,,,,,,,,,,,,,,,,,,,,,,,,,,,,,,,,,,,,,,,,,,,,,,,,,,,,,,,,
ds-129866,PRODUCT,Certina DS 8,true,"<p>Edelstahlgehäuse und -band aus Edelstahl, Oberfläche: matt / poliert, Quarzwerk, Zifferblatt schwarz, Saphirglas, 10bar Wasserdicht, Durchmesser: 31mm, zwei Jahre GarantieReferenz: C045.010.11.051.00Verfügbar in der Bijouterie am Bogen in Bremgarten AG</p>",uhren;damenuhren;certina,uhren,,,,Certina,370,,,,,,205.35,1,false,,,129866,C045.010.11.051.00,,,,,,,,,,,,,,,,,,,,,,,,,,,,,,,,,,,,,,,,,,,,,,,,,,,,,,,,,,,,,,,,,,,,,
ds-129866,MEDIA,,,,,,6673aa_5c9bf9de6b93414694542ffc93b47e57~mv2.png,,,,,,,,,,,,,,,,,,,,,,,,,,,,,,,,,,,,,,,,,,,,,,,,,,,,,,,,,,,,,,,,,,,,,,,,,,,,,,,,,,,,,
ds-127683,PRODUCT,Certina DS 8,true,"<p>Edelstahlgehäuse und -band PVD gelb, Perlmuttzifferblatt mit Datumsanzeige, Quarzwerk, Chronometer, Saphirglas, Durchmesser: 27.5mm, 10bar Wasserdicht, zwei Jahre GarantieReferenz: C033.051.33.118.00Verfügbar in der Bijouterie am Bogen in Bremgarten AG</p>",uhren;damenuhren;certina,uhren,,,,Certina,520,,,,,,288.6,1,false,,,127683,C033.051.33.118.00,,,,,,,,,,,,,,,,,,,,,,,,,,,,,,,,,,,,,,,,,,,,,,,,,,,,,,,,,,,,,,,,,,,,,
ds-127683,MEDIA,,,,,,6673aa_0b9d5f5a4caa43b985202bd847a8602d~mv2.png,,,,,,,,,,,,,,,,,,,,,,,,,,,,,,,,,,,,,,,,,,,,,,,,,,,,,,,,,,,,,,,,,,,,,,,,,,,,,,,,,,,,,
ds-127683,MEDIA,,,,,,6673aa_1c2c5d716d8f42dc951d29dca530f1c1~mv2.jpg,,,,,,,,,,,,,,,,,,,,,,,,,,,,,,,,,,,,,,,,,,,,,,,,,,,,,,,,,,,,,,,,,,,,,,,,,,,,,,,,,,,,,
ds-127683,MEDIA,,,,,,6673aa_f57ca374086a4320a695362fbe94a3e8~mv2.jpg,,,,,,,,,,,,,,,,,,,,,,,,,,,,,,,,,,,,,,,,,,,,,,,,,,,,,,,,,,,,,,,,,,,,,,,,,,,,,,,,,,,,,
ds-127683,MEDIA,,,,,,6673aa_56a0545108bb4e028880744694722354~mv2.jpg,,,,,,,,,,,,,,,,,,,,,,,,,,,,,,,,,,,,,,,,,,,,,,,,,,,,,,,,,,,,,,,,,,,,,,,,,,,,,,,,,,,,,
ds-120460,PRODUCT,Certina DS 8,true,"<p>Edelstahlgehäuse und -band, Quarzwerk, Chronometer, Saphirglas, Perlmutt Zifferblatt mit Datumsanzeige, Faltschliesse, Durchmesser: 27mm, 10bar Wasserdicht, zwei Jahre GarantieReferenz: C033.051.11.118.01Verfügbar in der Bijouterie am Bogen in Bremgarten AG</p>",uhren;damenuhren;certina,uhren,,,,Certina,440,,,,,,244.2,1,false,,,120460,C033.051.11.118.01,,,,,,,,,,,,,,,,,,,,,,,,,,,,,,,,,,,,,,,,,,,,,,,,,,,,,,,,,,,,,,,,,,,,,
ds-120460,MEDIA,,,,,,6673aa_6f62d14eedb04056ad59179cc0b42d51~mv2.png,,,,,,,,,,,,,,,,,,,,,,,,,,,,,,,,,,,,,,,,,,,,,,,,,,,,,,,,,,,,,,,,,,,,,,,,,,,,,,,,,,,,,
ds-127282,PRODUCT,Certina DS 2,true,"<p>Edelstahlgehäuse und -band, Stoffband mit einer Dornschliesse, schwarzes Zifferblatt mit Datumsanzeige, Saphirglas, Automatisches Uhrwerk Powermatic 80, 20bar Wasserdicht, Durchmesser: 41mm, zwei Jahre GarantieReferenz: C024.607.11.081.02Verfügbar in der Bijouterie am Bogen in Bremgarten AG</p>",uhren;herrenuhren;certina,,,,,Certina,995,,,,,,554.3,1,false,,,127282,C024.607.11.081.02,,,,,,,,,,,,,,,,,,,,,,,,,,,,,,,,,,,,,,,,,,,,,,,,,,,,,,,,,,,,,,,,,,,,,
ds-127282,MEDIA,,,,,,6673aa_5f106bb3a693402980ca4e15fb992349~mv2.png,,,,,,,,,,,,,,,,,,,,,,,,,,,,,,,,,,,,,,,,,,,,,,,,,,,,,,,,,,,,,,,,,,,,,,,,,,,,,,,,,,,,,
ds-127282,MEDIA,,,,,,6673aa_bceb6780cc6348eb9d0d5661ec900352~mv2.png,,,,,,,,,,,,,,,,,,,,,,,,,,,,,,,,,,,,,,,,,,,,,,,,,,,,,,,,,,,,,,,,,,,,,,,,,,,,,,,,,,,,,
ds-127282,MEDIA,,,,,,6673aa_db052b1207b84429976c6cf6789c5fcc~mv2.jpg,,,,,,,,,,,,,,,,,,,,,,,,,,,,,,,,,,,,,,,,,,,,,,,,,,,,,,,,,,,,,,,,,,,,,,,,,,,,,,,,,,,,,
ds-127282,MEDIA,,,,,,6673aa_79f55d1070ce4c1a8b1f79bb0055b7f6~mv2.jpg,,,,,,,,,,,,,,,,,,,,,,,,,,,,,,,,,,,,,,,,,,,,,,,,,,,,,,,,,,,,,,,,,,,,,,,,,,,,,,,,,,,,,
ds-117791,PRODUCT,Certina DS Caimano,true,"<p>Edelstahlgehäuse, schwarzes Lederband, Saphirglas, Quarzwerk Precidrive +/- 10 Sekunden Gangabweichung pro Jahr, schwarzes Zifferblatt, Datum, 10bar Wasserdicht, zwei Jahre GarantieReferenz: C035.410.16.057.00Verfügbar in der Bijouterie am Bogen in Bremgarten AG</p>",uhren;herrenuhren;certina,,,,,Certina,295,,,,,,164.35,1,false,,,117791,C035.410.16.057.00,,,,,,,,,,,,,,,,,,,,,,,,,,,,,,,,,,,,,,,,,,,,,,,,,,,,,,,,,,,,,,,,,,,,,
ds-117791,MEDIA,,,,,,6673aa_bed38d41f59548c1a6cc2413d9b41326~mv2.png,,,,,,,,,,,,,,,,,,,,,,,,,,,,,,,,,,,,,,,,,,,,,,,,,,,,,,,,,,,,,,,,,,,,,,,,,,,,,,,,,,,,,
ds-131831,PRODUCT,Certina DS Action,true,"<p>Gehäuse und Band aus Titan, Oberfläche: mattiert, automatisches Uhrwerk mit 80h Gangrerserve, Saphirglas, Zifferblatt blau mit Datumsanzeige, Super-Luminova, Keramik Lünette blau, verschraubte Krone, Durchmesser 40.5mm, Wassericht bis 30bar, zwei Jahre GarantieReferenz: C048.407.44.041.00Verfügbar in der Bijouterie am Bogen in Bremgarten AG</p>",uhren;herrenuhren;certina,uhren,,,,Certina,895,,,,,,496.75,1,false,,,131831,C048.407.44.041.00,,,,,,,,,,,,,,,,,,,,,,,,,,,,,,,,,,,,,,,,,,,,,,,,,,,,,,,,,,,,,,,,,,,,,
ds-131831,MEDIA,,,,,,6673aa_95f36aee32ba43539c2adedf9965bd85~mv2.png,,,,,,,,,,,,,,,,,,,,,,,,,,,,,,,,,,,,,,,,,,,,,,,,,,,,,,,,,,,,,,,,,,,,,,,,,,,,,,,,,,,,,
ds-130949,PRODUCT,Certina DS Action,true,"<p>Gehäuse und Band aus Edelstahl, Quarzwerk, Saphirglas, Zifferblatt schwarz mit Datum, Super-Luminova Durchmesser 40mm, Wassericht bis 30bar, zwei Jahre GarantieReferenz: C048.410.11.051.00Verfügbar in der Bijouterie am Bogen in Bremgarten AG</p>",uhren;herrenuhren;certina,uhren,,,,Certina,425,,,,,,235.9,1,false,,,130949,C048.410.11.051.00,,,,,,,,,,,,,,,,,,,,,,,,,,,,,,,,,,,,,,,,,,,,,,,,,,,,,,,,,,,,,,,,,,,,,
ds-130949,MEDIA,,,,,,6673aa_3666454e120d474db90328ed8156667c~mv2.png,,,,,,,,,,,,,,,,,,,,,,,,,,,,,,,,,,,,,,,,,,,,,,,,,,,,,,,,,,,,,,,,,,,,,,,,,,,,,,,,,,,,,
ds-130949,MEDIA,,,,,,6673aa_d62c1d458d77499da6448608cf645c14~mv2.jpg,,,,,,,,,,,,,,,,,,,,,,,,,,,,,,,,,,,,,,,,,,,,,,,,,,,,,,,,,,,,,,,,,,,,,,,,,,,,,,,,,,,,,
ds-130949,MEDIA,,,,,,6673aa_eca82db2332542b19c3207043c2bd4da~mv2.jpg,,,,,,,,,,,,,,,,,,,,,,,,,,,,,,,,,,,,,,,,,,,,,,,,,,,,,,,,,,,,,,,,,,,,,,,,,,,,,,,,,,,,,
ds-130949,MEDIA,,,,,,6673aa_67e3ca52f64849c7b103e1c4ad3b3ad8~mv2.jpg,,,,,,,,,,,,,,,,,,,,,,,,,,,,,,,,,,,,,,,,,,,,,,,,,,,,,,,,,,,,,,,,,,,,,,,,,,,,,,,,,,,,,
ds-130949,MEDIA,,,,,,6673aa_c0933d2ad9ae4c71aa501755bef63fc4~mv2.jpg,,,,,,,,,,,,,,,,,,,,,,,,,,,,,,,,,,,,,,,,,,,,,,,,,,,,,,,,,,,,,,,,,,,,,,,,,,,,,,,,,,,,,
ds-130812,PRODUCT,Certina DS Action,true,"<p>Gehäuse und Band aus Edelstahl, Quarzwerk, Saphirglas, Zifferblatt grün mit Datumsanzeige, Super-Luminova Durchmesser 40mm, Wassericht bis 30bar, zwei Jahre GarantieReferenz: C048.410.11.091.00Verfügbar in der Bijouterie am Bogen in Bremgarten AG</p>",uhren;herrenuhren;certina,uhren,,,,Certina,425,,,,,,235.9,1,false,,,130812,C048.410.11.091.00,,,,,,,,,,,,,,,,,,,,,,,,,,,,,,,,,,,,,,,,,,,,,,,,,,,,,,,,,,,,,,,,,,,,,
ds-130812,MEDIA,,,,,,6673aa_0ed9380662a149aab8944e71c08d9650~mv2.png,,,,,,,,,,,,,,,,,,,,,,,,,,,,,,,,,,,,,,,,,,,,,,,,,,,,,,,,,,,,,,,,,,,,,,,,,,,,,,,,,,,,,
ds-130048,PRODUCT,Certina DS Action Diver Chrono,true,"<p>Edelstahlgehäuse und -band, schwarzes Zifferblatt mit Datumsanzeige und Chronograph, Keramiklünette, Saphirglas, automatisches Uhrwerk, Durchmesser: 44.6mm, 30bar Wasserdicht, zwei Jahre GarantieReferenz: C032.827.11.051.00Verfügbar in der Bijouterie am Bogen in Bremgarten AG</p>",uhren;herrenuhren;certina,uhren,,,,Certina,1795,,,,,,996.3,1,false,,,130048,C032.827.11.051.00,,,,,,,,,,,,,,,,,,,,,,,,,,,,,,,,,,,,,,,,,,,,,,,,,,,,,,,,,,,,,,,,,,,,,
ds-130048,MEDIA,,,,,,6673aa_036271ae7e84437da576ad2fd53e5572~mv2.png,,,,,,,,,,,,,,,,,,,,,,,,,,,,,,,,,,,,,,,,,,,,,,,,,,,,,,,,,,,,,,,,,,,,,,,,,,,,,,,,,,,,,
ds-130048,MEDIA,,,,,,6673aa_b71712f2a02346c192858f938b13daf2~mv2.jpg,,,,,,,,,,,,,,,,,,,,,,,,,,,,,,,,,,,,,,,,,,,,,,,,,,,,,,,,,,,,,,,,,,,,,,,,,,,,,,,,,,,,,
ds-130048,MEDIA,,,,,,6673aa_6321c135189d41c7b5975cc3c529b2e4~mv2.jpg,,,,,,,,,,,,,,,,,,,,,,,,,,,,,,,,,,,,,,,,,,,,,,,,,,,,,,,,,,,,,,,,,,,,,,,,,,,,,,,,,,,,,
ds-130048,MEDIA,,,,,,6673aa_3f177b39d3bd4d24956c00f3b9f74886~mv2.jpg,,,,,,,,,,,,,,,,,,,,,,,,,,,,,,,,,,,,,,,,,,,,,,,,,,,,,,,,,,,,,,,,,,,,,,,,,,,,,,,,,,,,,
ds-130048,MEDIA,,,,,,6673aa_b5562b2b9fda407bbd7702ea7e8959ab~mv2.jpg,,,,,,,,,,,,,,,,,,,,,,,,,,,,,,,,,,,,,,,,,,,,,,,,,,,,,,,,,,,,,,,,,,,,,,,,,,,,,,,,,,,,,
ds-130000,PRODUCT,Certina DS Action GMT,true,"<p>Gehäuse und Band aus Edelstahl, blaues Zifferblatt mit Datumsanzeige, automatisches Uhrwerk mit 80h Gangreserve, GMT, Saphirglas, Durchmesser: 41mm, 20bar Wasserdicht, zwei Jahre GarantieReferenz: C032.929.11.041.00Verfügbar in der Bijouterie am Bogen in Bremgarten AG</p>",uhren;herrenuhren;certina,,,,,Certina,1070,,,,,,593.9,1,false,,,130000,C032.929.11.041.00,,,,,,,,,,,,,,,,,,,,,,,,,,,,,,,,,,,,,,,,,,,,,,,,,,,,,,,,,,,,,,,,,,,,,
ds-130000,MEDIA,,,,,,6673aa_713395f2ecd44d438dd84a3360c8e1f8~mv2.png,,,,,,,,,,,,,,,,,,,,,,,,,,,,,,,,,,,,,,,,,,,,,,,,,,,,,,,,,,,,,,,,,,,,,,,,,,,,,,,,,,,,,
ds-130000,MEDIA,,,,,,6673aa_37a20201c647469197d8d74f4800486d~mv2.jpg,,,,,,,,,,,,,,,,,,,,,,,,,,,,,,,,,,,,,,,,,,,,,,,,,,,,,,,,,,,,,,,,,,,,,,,,,,,,,,,,,,,,,
ds-130000,MEDIA,,,,,,6673aa_71bafb9753ad441ab64b5e680a5fbc3c~mv2.jpg,,,,,,,,,,,,,,,,,,,,,,,,,,,,,,,,,,,,,,,,,,,,,,,,,,,,,,,,,,,,,,,,,,,,,,,,,,,,,,,,,,,,,
ds-130000,MEDIA,,,,,,6673aa_c1aff71f6db2452391bbb6851bbef0c1~mv2.jpg,,,,,,,,,,,,,,,,,,,,,,,,,,,,,,,,,,,,,,,,,,,,,,,,,,,,,,,,,,,,,,,,,,,,,,,,,,,,,,,,,,,,,
ds-130000,MEDIA,,,,,,6673aa_43ff2f1c97a5454bb8e161bc70691abf~mv2.jpg,,,,,,,,,,,,,,,,,,,,,,,,,,,,,,,,,,,,,,,,,,,,,,,,,,,,,,,,,,,,,,,,,,,,,,,,,,,,,,,,,,,,,
ds-127722,PRODUCT,Certina DS Action,true,"<p>Edelstahlgehäuse, Stoffband blau mit oranger Naht und Faltschliesse, blaues Zifferblatt mit Tages- und Datumsanzeige, automatisches Uhrwerk Powermatic 80, Saphirglas, 20bar Wasserdicht, zwei Jahre GarantieReferenz: C032.430.18.041.01Verfügbar in der Bijouterie am Bogen in Bremgarten AG</p>",uhren;herrenuhren;certina,uhren,,,,Certina,695,,,,,,387.2,1,false,,,127722,C032.430.18.041.01,,,,,,,,,,,,,,,,,,,,,,,,,,,,,,,,,,,,,,,,,,,,,,,,,,,,,,,,,,,,,,,,,,,,,
ds-127722,MEDIA,,,,,,6673aa_8e6972d6b2944133b0b66fa6a95a5036~mv2.png,,,,,,,,,,,,,,,,,,,,,,,,,,,,,,,,,,,,,,,,,,,,,,,,,,,,,,,,,,,,,,,,,,,,,,,,,,,,,,,,,,,,,
ds-127722,MEDIA,,,,,,6673aa_b98b1d2b51da47faa2c3e9026e5bc582~mv2.jpg,,,,,,,,,,,,,,,,,,,,,,,,,,,,,,,,,,,,,,,,,,,,,,,,,,,,,,,,,,,,,,,,,,,,,,,,,,,,,,,,,,,,,
ds-127722,MEDIA,,,,,,6673aa_7e1197f57aea4d8bbd164189350e05e0~mv2.jpg,,,,,,,,,,,,,,,,,,,,,,,,,,,,,,,,,,,,,,,,,,,,,,,,,,,,,,,,,,,,,,,,,,,,,,,,,,,,,,,,,,,,,
ds-127722,MEDIA,,,,,,6673aa_88ec3e8de81f47dbb2a054d9fa1a3be8~mv2.jpg,,,,,,,,,,,,,,,,,,,,,,,,,,,,,,,,,,,,,,,,,,,,,,,,,,,,,,,,,,,,,,,,,,,,,,,,,,,,,,,,,,,,,
ds-127722,MEDIA,,,,,,6673aa_dbbdd05fef5647b9b89678875719d94d~mv2.jpg,,,,,,,,,,,,,,,,,,,,,,,,,,,,,,,,,,,,,,,,,,,,,,,,,,,,,,,,,,,,,,,,,,,,,,,,,,,,,,,,,,,,,
ds-125461,PRODUCT,Certina DS Action,true,"<p>Titan Band und Gehäuse, schwarze Keramiklunette, Zifferblatt schwarz mit Superluminova, automatisches Powermatik Werk mit 80 Stunden Gangreserve, Wasserdicht 30bar, verschraubte Krone, Saphirglas, Durchmesser: 43mm, 2 Jahre GarantieReferenz: C032.607.44.051.00Verfügbar in der Bijouterie am Bogen in Bremgarten AG</p>",uhren;herrenuhren;certina,uhren,,,,Certina,1100,,,,,,612.8,1,false,,,125461,C032.607.44.051.00,,,,,,,,,,,,,,,,,,,,,,,,,,,,,,,,,,,,,,,,,,,,,,,,,,,,,,,,,,,,,,,,,,,,,
ds-125461,MEDIA,,,,,,6673aa_6cc3b83740094459b5c739263cc7ef95~mv2.png,,,,,,,,,,,,,,,,,,,,,,,,,,,,,,,,,,,,,,,,,,,,,,,,,,,,,,,,,,,,,,,,,,,,,,,,,,,,,,,,,,,,,
ds-125461,MEDIA,,,,,,6673aa_74daf9fa8f044559a5fde0d1b4902d59~mv2.jpg,,,,,,,,,,,,,,,,,,,,,,,,,,,,,,,,,,,,,,,,,,,,,,,,,,,,,,,,,,,,,,,,,,,,,,,,,,,,,,,,,,,,,
ds-125461,MEDIA,,,,,,6673aa_d0a4d312879348da84e4b0f252ff09ef~mv2.jpg,,,,,,,,,,,,,,,,,,,,,,,,,,,,,,,,,,,,,,,,,,,,,,,,,,,,,,,,,,,,,,,,,,,,,,,,,,,,,,,,,,,,,
ds-125461,MEDIA,,,,,,6673aa_4aa36096db4747cf87854165a0aaa27b~mv2.jpg,,,,,,,,,,,,,,,,,,,,,,,,,,,,,,,,,,,,,,,,,,,,,,,,,,,,,,,,,,,,,,,,,,,,,,,,,,,,,,,,,,,,,
ds-125461,MEDIA,,,,,,6673aa_2fb19dd98b3946b9a3efc81496e5b931~mv2.jpg,,,,,,,,,,,,,,,,,,,,,,,,,,,,,,,,,,,,,,,,,,,,,,,,,,,,,,,,,,,,,,,,,,,,,,,,,,,,,,,,,,,,,
ds-121810,PRODUCT,Certina DS Action,true,"<p>Gehäuse und Band aus Edelstahl PVD rosé, dunkles Perlmutt Zifferblatt mit drei Diamanten, Datumanzeige, Quarzwerk Precidrive, Saphirglas, 20bar Wasserdicht, zwei Jahre GarantieReferenz: C032.051.22.126.00Verfügbar in der Bijouterie am Bogen in Bremgarten AG</p>",uhren;damenuhren;sale;certina,uhren,,,,Certina,336,560,,,,,300.85,1,false,,,121810,C032.051.22.126.00,,,,,,,,,,,,,,,,,,,,,,,,,,,,,,,,,,,,,,,,,,,,,,,,,,,,,,,,,,,,,,,,,,,,,
ds-121810,MEDIA,,,,,,6673aa_811d142bfaef4b5a97c59b829b5931e4~mv2.png,,,,,,,,,,,,,,,,,,,,,,,,,,,,,,,,,,,,,,,,,,,,,,,,,,,,,,,,,,,,,,,,,,,,,,,,,,,,,,,,,,,,,
ds-129816,PRODUCT,Certina DS 1,true,"<p>Edelstahlgehäuse und -band PVD gelb, goldiges Zifferblatt mit Index, Datum, Saphirglas, automatisches Uhrwerk mit Nivachrome Spirale, Powermatic 80, 10bar Wasserdicht, Durchmesser: 40mm, zwei Jahre GarantieReferenz: C029.807.33.361.00Verfügbar in der Bijouterie am Bogen in Bremgarten AG</p>",uhren;herrenuhren;certina,,,,,Certina,840,,,,,,466.25,1,false,,,129816,C029.807.33.361.00,,,,,,,,,,,,,,,,,,,,,,,,,,,,,,,,,,,,,,,,,,,,,,,,,,,,,,,,,,,,,,,,,,,,,
ds-129816,MEDIA,,,,,,6673aa_7d496378f9c94b6392fa36cd338986e0~mv2.png,,,,,,,,,,,,,,,,,,,,,,,,,,,,,,,,,,,,,,,,,,,,,,,,,,,,,,,,,,,,,,,,,,,,,,,,,,,,,,,,,,,,,
ds-117640,PRODUCT,Certina DS Podium Chrono Precidrive,true,"<p>Edelstahlgehäuse und -band, Chronograph, Zifferblatt: Petrol, Quarzwerk Precidrive Gangabweichung +/- 10 Sekunden pro Jahr, Datum, Saphirglas einfach entspiegelt, Durchmesser: 41mm, 10bar Wasserdicht, zwei Jahre GarantieReferenz: C034.417.11.097.00Verfügbar in der Bijouterie am Bogen in Bremgarten AG</p>",uhren;herrenuhren;certina,uhren,,,,Certina,520,,,,,,288.6,1,false,,,117640,C034.417.11.097.00,,,,,,,,,,,,,,,,,,,,,,,,,,,,,,,,,,,,,,,,,,,,,,,,,,,,,,,,,,,,,,,,,,,,,
ds-117640,MEDIA,,,,,,6673aa_2c926989728d404cb90748561b9cadce~mv2.png,,,,,,,,,,,,,,,,,,,,,,,,,,,,,,,,,,,,,,,,,,,,,,,,,,,,,,,,,,,,,,,,,,,,,,,,,,,,,,,,,,,,,
ds-117640,MEDIA,,,,,,6673aa_b7b09c0a88c540b789142ba0885e8512~mv2.jpg,,,,,,,,,,,,,,,,,,,,,,,,,,,,,,,,,,,,,,,,,,,,,,,,,,,,,,,,,,,,,,,,,,,,,,,,,,,,,,,,,,,,,
ds-126543,PRODUCT,Certina DS Ph500m,true,"<p>Edelstahlgehäuse, Nato Band blau aus recyceltem Plastikmüll, Automat, 80h Gangreserve, Nivachron Spirale, Zifferblatt blau mit Datumsanzeige, Saphirglas, 50bar Wasserdicht, Taucheruhr gemäß ISO 6425, Durchmesser: 43mm, zwei Jahre GarantieReferenz: C037.407.18.040.10Verfügbar in der Bijouterie am Bogen in Bremgarten AG</p>",uhren;herrenuhren;certina,uhren,,,,Certina,895,,,,,,479.1,1,false,,,126543,C037.407.18.040.10,,,,,,,,,,,,,,,,,,,,,,,,,,,,,,,,,,,,,,,,,,,,,,,,,,,,,,,,,,,,,,,,,,,,,
ds-126543,MEDIA,,,,,,6673aa_1cb8964bdc57439f8f4abe8b286f307a~mv2.png,,,,,,,,,,,,,,,,,,,,,,,,,,,,,,,,,,,,,,,,,,,,,,,,,,,,,,,,,,,,,,,,,,,,,,,,,,,,,,,,,,,,,
ds-126543,MEDIA,,,,,,6673aa_8067760b12a4495cbbe3db4dfe6f157d~mv2.jpeg,,,,,,,,,,,,,,,,,,,,,,,,,,,,,,,,,,,,,,,,,,,,,,,,,,,,,,,,,,,,,,,,,,,,,,,,,,,,,,,,,,,,,
ds-126543,MEDIA,,,,,,6673aa_eb8f79d6ab0d4ff19dfd4089178d62ad~mv2.jpeg,,,,,,,,,,,,,,,,,,,,,,,,,,,,,,,,,,,,,,,,,,,,,,,,,,,,,,,,,,,,,,,,,,,,,,,,,,,,,,,,,,,,,
ds-126543,MEDIA,,,,,,6673aa_62cabdeede7f4f01ae5331432726df20~mv2.jpeg,,,,,,,,,,,,,,,,,,,,,,,,,,,,,,,,,,,,,,,,,,,,,,,,,,,,,,,,,,,,,,,,,,,,,,,,,,,,,,,,,,,,,
ds-126543,MEDIA,,,,,,6673aa_5187f87921f749df9ee899a4ca59ca34~mv2.jpeg,,,,,,,,,,,,,,,,,,,,,,,,,,,,,,,,,,,,,,,,,,,,,,,,,,,,,,,,,,,,,,,,,,,,,,,,,,,,,,,,,,,,,
ds-131552,PRODUCT,Certina DS 6,true,"<p>Gehäuse und Band aus Edelstahl / PVD vergoldet, Oberfläche: poliert / mattiert, mit einem Perlmutt Zifferblatt und 6 Diamanten im Brillantschliff und Datumsanzeige, Quarzwerk, Saphirglas, Durchmesser: 35mm, Wasserdicht bis 10bar, zwei Jahre GarantieReferenz: C039.251.12.116.00Verfügbar in der Bijouterie am Bogen in Bremgarten AG</p>",uhren;damenuhren;certina,uhren,,,,Certina,565,,,,,,313.6,1,false,,,131552,C039.251.12.116.00,,,,,,,,,,,,,,,,,,,,,,,,,,,,,,,,,,,,,,,,,,,,,,,,,,,,,,,,,,,,,,,,,,,,,
ds-131552,MEDIA,,,,,,6673aa_8a26e8a508b445ccb73e1e6fe5b40e62~mv2.png,,,,,,,,,,,,,,,,,,,,,,,,,,,,,,,,,,,,,,,,,,,,,,,,,,,,,,,,,,,,,,,,,,,,,,,,,,,,,,,,,,,,,
ds-132081,PRODUCT,Thomas Sabo Charm Club Anhänger,false,"<p>gearbeitet in 925 Silber geschwärzt, Oberfläche: poliert, mit weissen Zirkonia, Eifelturm, zwei Jahre GarantieReferenz: CC1283-643-14Verfügbar in der Bijouterie am Bogen in Bremgarten AG</p>",schmuck;anhaenger;thomas-sabo,schmuck,,,,Thomas Sabo,45,,,,,,17.3,1,false,,,132081,CC1283-643-14,,,,,,,,,,,,,,,,,,,,,,,,,,,,,,,,,,,,,,,,,,,,,,,,,,,,,,,,,,,,,,,,,,,,,
ds-129940,PRODUCT,ICE Watch cosmos,true,"<p>Gehäuse und Band aus Silikon rosa, Quarzwerk, Zifferblatt rosa, Durchmesser 37mm, Wasserdicht bis 10bar, 2 Jahre GarantieReferenz: 022 359Verfügbar in der Bijouterie am Bogen in Bremgarten AG</p>",uhren;damenuhren;ice-watch,,,,,ICE Watch,119,,,,,,47.6,2,false,,,129940,022 359,,,,,,,,,,,,,,,,,,,,,,,,,,,,,,,,,,,,,,,,,,,,,,,,,,,,,,,,,,,,,,,,,,,,,
ds-129940,MEDIA,,,,,,6673aa_7b39a7dcc54f4a2fb9e25839b3583676~mv2.jpg,,,,,,,,,,,,,,,,,,,,,,,,,,,,,,,,,,,,,,,,,,,,,,,,,,,,,,,,,,,,,,,,,,,,,,,,,,,,,,,,,,,,,
ds-131650,PRODUCT,ICE Watch STEEL,true,"<p>Gehäuse aus Edelstahl mit einem Milanaise Uhrenband aus Edelstahl Oberfläche: poliert, Solarwerk, Zifferblatt schwarz mit Index, Mineralglas, Durchmesser 40.5mm, Wasserdicht bis 10bar - 2 Jahre GarantieReferenz: 023 795Verfügbar in der Bijouterie am Bogen in Bremgarten AG</p>",uhren;herrenuhren;damenuhren;ice-watch,uhren,,,,ICE Watch,119,,,,,,47.6,1,false,,,131650,023 795,,,,,,,,,,,,,,,,,,,,,,,,,,,,,,,,,,,,,,,,,,,,,,,,,,,,,,,,,,,,,,,,,,,,,
ds-131650,MEDIA,,,,,,6673aa_d8409fa14d564a42ba680cdedfdd9243~mv2.png,,,,,,,,,,,,,,,,,,,,,,,,,,,,,,,,,,,,,,,,,,,,,,,,,,,,,,,,,,,,,,,,,,,,,,,,,,,,,,,,,,,,,
ds-131650,MEDIA,,,,,,6673aa_9031b0a8357646c1b89d42162637cac4~mv2.png,,,,,,,,,,,,,,,,,,,,,,,,,,,,,,,,,,,,,,,,,,,,,,,,,,,,,,,,,,,,,,,,,,,,,,,,,,,,,,,,,,,,,
ds-131650,MEDIA,,,,,,6673aa_90cf9b117d634fdb9a162d6abb67e76a~mv2.png,,,,,,,,,,,,,,,,,,,,,,,,,,,,,,,,,,,,,,,,,,,,,,,,,,,,,,,,,,,,,,,,,,,,,,,,,,,,,,,,,,,,,
ds-131650,MEDIA,,,,,,6673aa_22295dcdc5d541a78d3e7c1469af7883~mv2.png,,,,,,,,,,,,,,,,,,,,,,,,,,,,,,,,,,,,,,,,,,,,,,,,,,,,,,,,,,,,,,,,,,,,,,,,,,,,,,,,,,,,,
ds-131648,PRODUCT,ICE Watch STEEL,true,"<p>Gehäuse und Band aus Edelstahl PVD gelb, Oberfläche: matt / poliert, Solarwerk, Zifferblatt rosa mit Index, Mineralglas, Durchmesser 34.5mm, Wasserdicht bis 10bar, - 2 Jahre GarantieReferenz: 023 791Verfügbar in der Bijouterie am Bogen in Bremgarten AG</p>",uhren;herrenuhren;damenuhren;ice-watch,uhren,,,,ICE Watch,129,,,,,,51.6,1,false,,,131648,023 791,,,,,,,,,,,,,,,,,,,,,,,,,,,,,,,,,,,,,,,,,,,,,,,,,,,,,,,,,,,,,,,,,,,,,
ds-131648,MEDIA,,,,,,6673aa_64f8bcdadf114987acccbf89498e4050~mv2.png,,,,,,,,,,,,,,,,,,,,,,,,,,,,,,,,,,,,,,,,,,,,,,,,,,,,,,,,,,,,,,,,,,,,,,,,,,,,,,,,,,,,,
ds-131648,MEDIA,,,,,,6673aa_14ccdedaeb9849cf9c80390a3b43fd0e~mv2.png,,,,,,,,,,,,,,,,,,,,,,,,,,,,,,,,,,,,,,,,,,,,,,,,,,,,,,,,,,,,,,,,,,,,,,,,,,,,,,,,,,,,,
ds-131648,MEDIA,,,,,,6673aa_4379099c123d4303b60d256852f2c642~mv2.png,,,,,,,,,,,,,,,,,,,,,,,,,,,,,,,,,,,,,,,,,,,,,,,,,,,,,,,,,,,,,,,,,,,,,,,,,,,,,,,,,,,,,
ds-131648,MEDIA,,,,,,6673aa_8396e93da0b34b11ae3d9a7ef3b9b1a7~mv2.png,,,,,,,,,,,,,,,,,,,,,,,,,,,,,,,,,,,,,,,,,,,,,,,,,,,,,,,,,,,,,,,,,,,,,,,,,,,,,,,,,,,,,
ds-131647,PRODUCT,ICE Watch STEEL,true,"<p>Gehäuse und Band aus Edelstahl Oberfläche: matt / poliert, Solarwerk, Zifferblatt rosa mit Index, Mineralglas, Durchmesser 34.5mm, Wasserdicht bis 10bar, zwei Jahre GarantieReferenz: 023 790Verfügbar in der Bijouterie am Bogen in Bremgarten AG</p>",uhren;herrenuhren;damenuhren;ice-watch,uhren,,,,ICE Watch,119,,,,,,47.6,1,false,,,131647,023 790,,,,,,,,,,,,,,,,,,,,,,,,,,,,,,,,,,,,,,,,,,,,,,,,,,,,,,,,,,,,,,,,,,,,,
ds-131647,MEDIA,,,,,,6673aa_87250d8f12024dcfa0c95067ffa1946c~mv2.png,,,,,,,,,,,,,,,,,,,,,,,,,,,,,,,,,,,,,,,,,,,,,,,,,,,,,,,,,,,,,,,,,,,,,,,,,,,,,,,,,,,,,
ds-131647,MEDIA,,,,,,6673aa_640e88c828c84caf8604a45b92ed9044~mv2.png,,,,,,,,,,,,,,,,,,,,,,,,,,,,,,,,,,,,,,,,,,,,,,,,,,,,,,,,,,,,,,,,,,,,,,,,,,,,,,,,,,,,,
ds-131647,MEDIA,,,,,,6673aa_59e2b26ead3e46168aa82bf773123610~mv2.png,,,,,,,,,,,,,,,,,,,,,,,,,,,,,,,,,,,,,,,,,,,,,,,,,,,,,,,,,,,,,,,,,,,,,,,,,,,,,,,,,,,,,
ds-131647,MEDIA,,,,,,6673aa_91b956ae10104580b745b4ddcdb4dd8c~mv2.png,,,,,,,,,,,,,,,,,,,,,,,,,,,,,,,,,,,,,,,,,,,,,,,,,,,,,,,,,,,,,,,,,,,,,,,,,,,,,,,,,,,,,
ds-120735,PRODUCT,ICE Watch STEEL Black sunset Medium,true,"<p>ICE Steel black sunset, Gehäuse und Band aus Stahl matt/poliert, Quartzwerk, Zifferblatt schwarz/braun, Durchmesser 39mm, Wasserdicht bis 10bar, zwei Jahre Garantie, 016 768Referenz: 016 768Verfügbar in der Bijouterie am Bogen in Bremgarten AG</p>",uhren;herrenuhren;ice-watch,,,,,ICE Watch,179,,,,,,89.5,1,false,,,120735,016 768,,,,,,,,,,,,,,,,,,,,,,,,,,,,,,,,,,,,,,,,,,,,,,,,,,,,,,,,,,,,,,,,,,,,,
ds-120735,MEDIA,,,,,,6673aa_b7c7f6b589a0492ea0b8e4cc0ddcb806~mv2.png,,,,,,,,,,,,,,,,,,,,,,,,,,,,,,,,,,,,,,,,,,,,,,,,,,,,,,,,,,,,,,,,,,,,,,,,,,,,,,,,,,,,,
ds-120735,MEDIA,,,,,,6673aa_3a493fb3bee246fabf48eaf7bed2d26b~mv2.png,,,,,,,,,,,,,,,,,,,,,,,,,,,,,,,,,,,,,,,,,,,,,,,,,,,,,,,,,,,,,,,,,,,,,,,,,,,,,,,,,,,,,
ds-120735,MEDIA,,,,,,6673aa_951f6cf70d254c3b96491067a04a22bf~mv2.png,,,,,,,,,,,,,,,,,,,,,,,,,,,,,,,,,,,,,,,,,,,,,,,,,,,,,,,,,,,,,,,,,,,,,,,,,,,,,,,,,,,,,
ds-120735,MEDIA,,,,,,6673aa_2dc58d7575194197b8c4feef8b1f9936~mv2.png,,,,,,,,,,,,,,,,,,,,,,,,,,,,,,,,,,,,,,,,,,,,,,,,,,,,,,,,,,,,,,,,,,,,,,,,,,,,,,,,,,,,,
ds-120735,MEDIA,,,,,,6673aa_8c28b3ab3d024ec489359f45c6504c41~mv2.jpg,,,,,,,,,,,,,,,,,,,,,,,,,,,,,,,,,,,,,,,,,,,,,,,,,,,,,,,,,,,,,,,,,,,,,,,,,,,,,,,,,,,,,
ds-119320,PRODUCT,ICE Watch STEEL M,true,"<p>Edelstahlgehäuse und -band PVD rosévergoldet, schwarzes Zifferblatt, Datum, Quarzwerk, 10bar Wasserdicht, Grösse: Medium, zwei Jahre GarantieReferenz: 016 763Verfügbar in der Bijouterie am Bogen in Bremgarten AG</p>",uhren;damenuhren;ice-watch,uhren,,,,ICE Watch,199,,,,,,99.5,1,false,,,119320,016 763,,,,,,,,,,,,,,,,,,,,,,,,,,,,,,,,,,,,,,,,,,,,,,,,,,,,,,,,,,,,,,,,,,,,,
ds-119320,MEDIA,,,,,,6673aa_48c7d56d0f0349819043a0af1ec23cc8~mv2.png,,,,,,,,,,,,,,,,,,,,,,,,,,,,,,,,,,,,,,,,,,,,,,,,,,,,,,,,,,,,,,,,,,,,,,,,,,,,,,,,,,,,,
ds-119320,MEDIA,,,,,,6673aa_3a0d12a619bc4009a828819cfa6f7bd0~mv2.png,,,,,,,,,,,,,,,,,,,,,,,,,,,,,,,,,,,,,,,,,,,,,,,,,,,,,,,,,,,,,,,,,,,,,,,,,,,,,,,,,,,,,
ds-119320,MEDIA,,,,,,6673aa_41e550e8fa4e4355ac5aef5da74cab23~mv2.png,,,,,,,,,,,,,,,,,,,,,,,,,,,,,,,,,,,,,,,,,,,,,,,,,,,,,,,,,,,,,,,,,,,,,,,,,,,,,,,,,,,,,
ds-119320,MEDIA,,,,,,6673aa_f326b6f38b484e3788955c300facc4cf~mv2.png,,,,,,,,,,,,,,,,,,,,,,,,,,,,,,,,,,,,,,,,,,,,,,,,,,,,,,,,,,,,,,,,,,,,,,,,,,,,,,,,,,,,,
ds-131758,PRODUCT,ICE Watch Sunset,true,"<p>Gehäuse und Band aus Silikon braun/ Edelstahl PVD gelb, Quarzwerk, Zifferblatt braun, Durchmesser 37mm, Wasserdicht bis 10bar, 2 Jahre GarantieReferenz: 024 986Verfügbar in der Bijouterie am Bogen in Bremgarten AG</p>",uhren;damenuhren;ice-watch,uhren,,,,ICE Watch,119,,,,,,47.6,1,false,,,131758,024 986,,,,,,,,,,,,,,,,,,,,,,,,,,,,,,,,,,,,,,,,,,,,,,,,,,,,,,,,,,,,,,,,,,,,,
ds-131758,MEDIA,,,,,,6673aa_d2f973fa021e48bab965594c3ab4f62f~mv2.jpg,,,,,,,,,,,,,,,,,,,,,,,,,,,,,,,,,,,,,,,,,,,,,,,,,,,,,,,,,,,,,,,,,,,,,,,,,,,,,,,,,,,,,
ds-132080,PRODUCT,Thomas Sabo Charm Club Anhänger,false,"<p>gearbeitet in 925 Silber vergoldet, Oberfläche: poliert, mit weissen Zirkonia, Hufeisen, zwei Jahre GarantieReferenz: CC1280-414-14Verfügbar in der Bijouterie am Bogen in Bremgarten AG</p>",schmuck;anhaenger;thomas-sabo,schmuck,,,,Thomas Sabo,69,,,,,,26.55,1,false,,,132080,CC1280-414-14,,,,,,,,,,,,,,,,,,,,,,,,,,,,,,,,,,,,,,,,,,,,,,,,,,,,,,,,,,,,,,,,,,,,,
ds-132079,PRODUCT,Thomas Sabo Charm Club Anhänger,false,"<p>gearbeitet in 925 Silber, Oberfläche: poliert, mit weissen Zirkonia, Herz, zwei Jahre GarantieReferenz: CC1277-051-14Verfügbar in der Bijouterie am Bogen in Bremgarten AG</p>",schmuck;anhaenger;thomas-sabo,,,,,Thomas Sabo,98,,,,,,37.7,1,false,,,132079,CC1277-051-14,,,,,,,,,,,,,,,,,,,,,,,,,,,,,,,,,,,,,,,,,,,,,,,,,,,,,,,,,,,,,,,,,,,,,
ds-127734,PRODUCT,ICE Watch Ola Kids,true,"<p>weisses / pinkes Silikonband und -gehäuse, Quarzwerk, Grösse: Small, 10bar Wasserdicht, zwei Jahre GarantieReferenz: 014 426Verfügbar in der Bijouterie am Bogen in Bremgarten AG</p>",uhren;kinderuhren;ice-watch,,,,,ICE Watch,79,,,,,,39.5,1,false,,,127734,014 426,,,,,,,,,,,,,,,,,,,,,,,,,,,,,,,,,,,,,,,,,,,,,,,,,,,,,,,,,,,,,,,,,,,,,
ds-127734,MEDIA,,,,,,6673aa_09676c46db274ee495eb2a5649cf4e81~mv2.jpg,,,,,,,,,,,,,,,,,,,,,,,,,,,,,,,,,,,,,,,,,,,,,,,,,,,,,,,,,,,,,,,,,,,,,,,,,,,,,,,,,,,,,
ds-131562,PRODUCT,ICE Watch duo chic,true,"<p>Gehäuse und Band aus Kuststoff Burgundy und pink, Quartzwerk, Zifferblatt Burgundy/arabisch, Durchmesser 34mm, Wasserdicht bis 10bar, zwei Jahre GarantieReferenz: 023 276Verfügbar in der Bijouterie am Bogen in Bremgarten AG</p>",uhren;damenuhren;ice-watch,uhren,,,,ICE Watch,119,,,,,,47.6,1,false,,,131562,023 276,,,,,,,,,,,,,,,,,,,,,,,,,,,,,,,,,,,,,,,,,,,,,,,,,,,,,,,,,,,,,,,,,,,,,
ds-131562,MEDIA,,,,,,6673aa_99a048ebc9344258b5e63b37b3960cc5~mv2.png,,,,,,,,,,,,,,,,,,,,,,,,,,,,,,,,,,,,,,,,,,,,,,,,,,,,,,,,,,,,,,,,,,,,,,,,,,,,,,,,,,,,,
ds-131562,MEDIA,,,,,,6673aa_f3af137c209144f99d9e48fb0482c795~mv2.png,,,,,,,,,,,,,,,,,,,,,,,,,,,,,,,,,,,,,,,,,,,,,,,,,,,,,,,,,,,,,,,,,,,,,,,,,,,,,,,,,,,,,
ds-131562,MEDIA,,,,,,6673aa_50ae0498d1c64258aebaf38ca448d40a~mv2.png,,,,,,,,,,,,,,,,,,,,,,,,,,,,,,,,,,,,,,,,,,,,,,,,,,,,,,,,,,,,,,,,,,,,,,,,,,,,,,,,,,,,,
ds-131562,MEDIA,,,,,,6673aa_d5b822c490c24b8b800f9a9f885cebff~mv2.png,,,,,,,,,,,,,,,,,,,,,,,,,,,,,,,,,,,,,,,,,,,,,,,,,,,,,,,,,,,,,,,,,,,,,,,,,,,,,,,,,,,,,
ds-131561,PRODUCT,ICE Watch duo chic,true,"<p>Gehäuse und Band aus Kuststoff rosa und pink, Quartzwerk, Zifferblatt rosa/arabisch, Durchmesser 34mm, Wasserdicht bis 10bar, zwei Jahre GarantieReferenz: 023 275Verfügbar in der Bijouterie am Bogen in Bremgarten AG</p>",uhren;damenuhren;ice-watch,uhren,,,,ICE Watch,119,,,,,,47.6,1,false,,,131561,023 275,,,,,,,,,,,,,,,,,,,,,,,,,,,,,,,,,,,,,,,,,,,,,,,,,,,,,,,,,,,,,,,,,,,,,
ds-131561,MEDIA,,,,,,6673aa_55b6e977c0bd488388d7d249918eea08~mv2.jpg,,,,,,,,,,,,,,,,,,,,,,,,,,,,,,,,,,,,,,,,,,,,,,,,,,,,,,,,,,,,,,,,,,,,,,,,,,,,,,,,,,,,,
ds-132077,PRODUCT,Thomas Sabo Charm Club Anhänger,false,"<p>gearbeitet in 925 Silber vergoldet, Oberfläche: poliert, Coin, zwei Jahre GarantieReferenz: CC1273-413-39Verfügbar in der Bijouterie am Bogen in Bremgarten AG</p>",schmuck;anhaenger;thomas-sabo,schmuck,,,,Thomas Sabo,89,,,,,,34.25,1,false,,,132077,CC1273-413-39,,,,,,,,,,,,,,,,,,,,,,,,,,,,,,,,,,,,,,,,,,,,,,,,,,,,,,,,,,,,,,,,,,,,,
ds-132076,PRODUCT,Thomas Sabo Charm Club Anhänger,false,"<p>gearbeitet in 925 Silber, Oberfläche: poliert, mit Kaltemail schwarz und rot, Liebesbrief, zwei Jahre GarantieReferenz: CC1268-664-10Verfügbar in der Bijouterie am Bogen in Bremgarten AG</p>",schmuck;anhaenger;thomas-sabo,schmuck,,,,Thomas Sabo,45,,,,,,17.3,1,false,,,132076,CC1268-664-10,,,,,,,,,,,,,,,,,,,,,,,,,,,,,,,,,,,,,,,,,,,,,,,,,,,,,,,,,,,,,,,,,,,,,
ds-126246,PRODUCT,ICE Watch Fantasia S Rainbow,true,"<p>mit einem weissen Silikonband, Zifferblatt mit arabischen Ziffern Rainbow, Size: small, Wasseridcht bis 10bar, 2 Jahre GarantieReferenz: 017 889Verfügbar in der Bijouterie am Bogen in Bremgarten AG</p>",uhren;kinderuhren;ice-watch,uhren,,,,ICE Watch,99,,,,,,49.5,1,false,,,126246,017 889,,,,,,,,,,,,,,,,,,,,,,,,,,,,,,,,,,,,,,,,,,,,,,,,,,,,,,,,,,,,,,,,,,,,,
ds-126246,MEDIA,,,,,,6673aa_3adffbb8ae5d47abb3f6b924cc797ce1~mv2.png,,,,,,,,,,,,,,,,,,,,,,,,,,,,,,,,,,,,,,,,,,,,,,,,,,,,,,,,,,,,,,,,,,,,,,,,,,,,,,,,,,,,,
ds-132074,PRODUCT,Thomas Sabo Charm Club Anhänger,false,"<p>gearbeitet in 925 Silber vergoldet, Oberfläche: poliert, mit einem weissen Zirkonia und Kaltemail schwarz, Schlange, zwei Jahre GarantieReferenz: CC1264-565-14Verfügbar in der Bijouterie am Bogen in Bremgarten AG</p>",schmuck;anhaenger;thomas-sabo,schmuck,,,,Thomas Sabo,95,,,,,,36.55,1,false,,,132074,CC1264-565-14,,,,,,,,,,,,,,,,,,,,,,,,,,,,,,,,,,,,,,,,,,,,,,,,,,,,,,,,,,,,,,,,,,,,,
ds-132073,PRODUCT,Thomas Sabo Charm Club Anhänger,false,"<p>gearbeitet in 925 Silber vergoldet, Oberfläche: poliert, Rose, zwei Jahre GarantieReferenz: CC1263-413-39Verfügbar in der Bijouterie am Bogen in Bremgarten AG</p>",schmuck;anhaenger;thomas-sabo,schmuck,,,,Thomas Sabo,115,,,,,,44.45,2,false,,,132073,CC1263-413-39,,,,,,,,,,,,,,,,,,,,,,,,,,,,,,,,,,,,,,,,,,,,,,,,,,,,,,,,,,,,,,,,,,,,,
ds-121692,PRODUCT,ICE Watch Flower S White Bouquet,true,"<p>weisses Silikonband und -gehäuse, Grösse: Small, Quarzwerk, 10bar Wasserdicht, zwei Jahre GarantieReferenz: 017 575Verfügbar in der Bijouterie am Bogen in Bremgarten AG</p>",uhren;damenuhren;ice-watch,uhren,,,,ICE Watch,119,,,,,,59.5,1,false,,,121692,017 575,,,,,,,,,,,,,,,,,,,,,,,,,,,,,,,,,,,,,,,,,,,,,,,,,,,,,,,,,,,,,,,,,,,,,
ds-121692,MEDIA,,,,,,6673aa_24da892568f54dcb94af4ae1fd896613~mv2.png,,,,,,,,,,,,,,,,,,,,,,,,,,,,,,,,,,,,,,,,,,,,,,,,,,,,,,,,,,,,,,,,,,,,,,,,,,,,,,,,,,,,,
ds-121692,MEDIA,,,,,,6673aa_75724eaaf5cc45fba7ad201a45223990~mv2.png,,,,,,,,,,,,,,,,,,,,,,,,,,,,,,,,,,,,,,,,,,,,,,,,,,,,,,,,,,,,,,,,,,,,,,,,,,,,,,,,,,,,,
ds-121692,MEDIA,,,,,,6673aa_344bc56c768d47e78931d1856fcff46b~mv2.png,,,,,,,,,,,,,,,,,,,,,,,,,,,,,,,,,,,,,,,,,,,,,,,,,,,,,,,,,,,,,,,,,,,,,,,,,,,,,,,,,,,,,
ds-121692,MEDIA,,,,,,6673aa_38589188377447ecb83bc6febcefbb8a~mv2.png,,,,,,,,,,,,,,,,,,,,,,,,,,,,,,,,,,,,,,,,,,,,,,,,,,,,,,,,,,,,,,,,,,,,,,,,,,,,,,,,,,,,,
ds-121641,PRODUCT,ICE Watch Fantasia Dolly,true,"<p>pinkes Kunststoffband, Quarzwerk, Size: Small, 10bar Wasserdicht, zwei Jahre GarantieReferenz: 017 729Verfügbar in der Bijouterie am Bogen in Bremgarten AG</p>",uhren;kinderuhren;ice-watch,uhren,,,,ICE Watch,89,,,,,,44.5,1,false,,,121641,017 729,,,,,,,,,,,,,,,,,,,,,,,,,,,,,,,,,,,,,,,,,,,,,,,,,,,,,,,,,,,,,,,,,,,,,
ds-121641,MEDIA,,,,,,6673aa_ca77383954794c40815434332d62723a~mv2.png,,,,,,,,,,,,,,,,,,,,,,,,,,,,,,,,,,,,,,,,,,,,,,,,,,,,,,,,,,,,,,,,,,,,,,,,,,,,,,,,,,,,,
ds-121641,MEDIA,,,,,,6673aa_2029b7b3ee2847ea8f430d2f279915ae~mv2.png,,,,,,,,,,,,,,,,,,,,,,,,,,,,,,,,,,,,,,,,,,,,,,,,,,,,,,,,,,,,,,,,,,,,,,,,,,,,,,,,,,,,,
ds-121641,MEDIA,,,,,,6673aa_196a2076e2424d1e9ae1af876392df5e~mv2.png,,,,,,,,,,,,,,,,,,,,,,,,,,,,,,,,,,,,,,,,,,,,,,,,,,,,,,,,,,,,,,,,,,,,,,,,,,,,,,,,,,,,,
ds-121641,MEDIA,,,,,,6673aa_9124008952d841858819834e3a83fa13~mv2.png,,,,,,,,,,,,,,,,,,,,,,,,,,,,,,,,,,,,,,,,,,,,,,,,,,,,,,,,,,,,,,,,,,,,,,,,,,,,,,,,,,,,,
ds-132072,PRODUCT,Thomas Sabo Charm Club Anhänger,false,"<p>gearbeitet in 925 Silber vergoldet, Oberfläche: poliert, mit weissen Zirkonia, Lebensbaum, zwei Jahre GarantieReferenz: CC1262-414-14Verfügbar in der Bijouterie am Bogen in Bremgarten AG</p>",schmuck;anhaenger;thomas-sabo,schmuck,,,,Thomas Sabo,79,,,,,,30.4,1,false,,,132072,CC1262-414-14,,,,,,,,,,,,,,,,,,,,,,,,,,,,,,,,,,,,,,,,,,,,,,,,,,,,,,,,,,,,,,,,,,,,,
ds-124602,PRODUCT,ICE Watch Mini,true,"<p>Kinderuhr mit Auto-Motiv, Silikonband, 10 bar Wasserdicht, Grösse mini, 2 Jahre GarantieReferenz: 018 425Verfügbar in der Bijouterie am Bogen in Bremgarten AG</p>",uhren;kinderuhren;ice-watch,uhren,,,,ICE Watch,79,,,,,,39.5,1,false,,,124602,018 425,,,,,,,,,,,,,,,,,,,,,,,,,,,,,,,,,,,,,,,,,,,,,,,,,,,,,,,,,,,,,,,,,,,,,
ds-124602,MEDIA,,,,,,6673aa_a72df894d8c445439e1d11bae7e9aa05~mv2.png,,,,,,,,,,,,,,,,,,,,,,,,,,,,,,,,,,,,,,,,,,,,,,,,,,,,,,,,,,,,,,,,,,,,,,,,,,,,,,,,,,,,,
ds-132071,PRODUCT,Thomas Sabo Charm Club Anhänger,false,"<p>gearbeitet in 925 Silber vergoldet, Oberfläche: poliert, mit weissen Zirkonia, Kompass, zwei Jahre GarantieReferenz: CC1261-414-14Verfügbar in der Bijouterie am Bogen in Bremgarten AG</p>",schmuck;anhaenger;thomas-sabo,schmuck,,,,Thomas Sabo,69,,,,,,26.55,1,false,,,132071,CC1261-414-14,,,,,,,,,,,,,,,,,,,,,,,,,,,,,,,,,,,,,,,,,,,,,,,,,,,,,,,,,,,,,,,,,,,,,
ds-130210,PRODUCT,Certina DS 7,true,"<p>Edelstahlgehäuse und -band, automatisches Uhrwerk, Chronograph, Zifferblatt blau mit Datumsanzeige, Saphirglas, 10bar Wasserdicht, Durchmesser: 42mm, zwei Jahre GarantieReferenz: C043.427.11.041.00Verfügbar in der Bijouterie am Bogen in Bremgarten AG</p>",uhren;herrenuhren;certina,uhren,,,,Certina,1685,,,,,,935.25,1,false,,,130210,C043.427.11.041.00,,,,,,,,,,,,,,,,,,,,,,,,,,,,,,,,,,,,,,,,,,,,,,,,,,,,,,,,,,,,,,,,,,,,,
ds-130210,MEDIA,,,,,,6673aa_87c856f5c0a6471abbb14b00e3540f38~mv2.png,,,,,,,,,,,,,,,,,,,,,,,,,,,,,,,,,,,,,,,,,,,,,,,,,,,,,,,,,,,,,,,,,,,,,,,,,,,,,,,,,,,,,
ds-130210,MEDIA,,,,,,6673aa_258b19cfab354dd280fc2c2c3aabffae~mv2.jpg,,,,,,,,,,,,,,,,,,,,,,,,,,,,,,,,,,,,,,,,,,,,,,,,,,,,,,,,,,,,,,,,,,,,,,,,,,,,,,,,,,,,,
ds-130210,MEDIA,,,,,,6673aa_3e4c70189a164837b5c99b2fe3f06850~mv2.jpg,,,,,,,,,,,,,,,,,,,,,,,,,,,,,,,,,,,,,,,,,,,,,,,,,,,,,,,,,,,,,,,,,,,,,,,,,,,,,,,,,,,,,
ds-130210,MEDIA,,,,,,6673aa_d050962a82914fd687225a7a5d404175~mv2.jpg,,,,,,,,,,,,,,,,,,,,,,,,,,,,,,,,,,,,,,,,,,,,,,,,,,,,,,,,,,,,,,,,,,,,,,,,,,,,,,,,,,,,,
ds-128572,PRODUCT,Certina DS 7,true,"<p>Edelstahlgehäuse und -band PVD gelb, automatisches Uhrwerk Powermatic 80 mit 80h Gangreserve, Zifferblatt gelb mit Datumsanzeige, Saphirglas, 10bar Wasserdicht, Durchmesser: 39mm, zwei Jahre GarantieReferenz: C043.407.33.361.00Verfügbar in der Bijouterie am Bogen in Bremgarten AG</p>",uhren;herrenuhren;certina,,,,,Certina,845,,,,,,467.95,1,false,,,128572,C043.407.33.361.00,,,,,,,,,,,,,,,,,,,,,,,,,,,,,,,,,,,,,,,,,,,,,,,,,,,,,,,,,,,,,,,,,,,,,
ds-128572,MEDIA,,,,,,6673aa_4299b8775aa64b99acdc0bd3d75e4f24~mv2.png,,,,,,,,,,,,,,,,,,,,,,,,,,,,,,,,,,,,,,,,,,,,,,,,,,,,,,,,,,,,,,,,,,,,,,,,,,,,,,,,,,,,,
ds-131058,PRODUCT,Certina DS 6,true,"<p>Gehäuse aus Edelstahl, Oberfläche: poliert, mit einem Lederband weiss, mit einem Perlmutt Zifferblatt und 6 Diamanten im Brillantschliff und Datumsanzeige, Quarzwerk, Saphirglas, Durchmesser: 35mm, Wasserdicht bis 10bar, zwei Jahre GarantieReferenz: C039.251.16.116.00Verfügbar in der Bijouterie am Bogen in Bremgarten AG</p>",uhren;damenuhren;certina,uhren,,,,Certina,495,,,,,,274.75,1,false,,,131058,C039.251.16.116.00,,,,,,,,,,,,,,,,,,,,,,,,,,,,,,,,,,,,,,,,,,,,,,,,,,,,,,,,,,,,,,,,,,,,,
ds-131058,MEDIA,,,,,,6673aa_a15b524d61634c569d807db3e8a46285~mv2.png,,,,,,,,,,,,,,,,,,,,,,,,,,,,,,,,,,,,,,,,,,,,,,,,,,,,,,,,,,,,,,,,,,,,,,,,,,,,,,,,,,,,,
ds-131058,MEDIA,,,,,,6673aa_28c8ee6c3c1e4f79a103e589837a5060~mv2.jpg,,,,,,,,,,,,,,,,,,,,,,,,,,,,,,,,,,,,,,,,,,,,,,,,,,,,,,,,,,,,,,,,,,,,,,,,,,,,,,,,,,,,,
ds-131058,MEDIA,,,,,,6673aa_ccefbab92a674062a35783ed21337db9~mv2.jpg,,,,,,,,,,,,,,,,,,,,,,,,,,,,,,,,,,,,,,,,,,,,,,,,,,,,,,,,,,,,,,,,,,,,,,,,,,,,,,,,,,,,,
ds-131058,MEDIA,,,,,,6673aa_4d8d6bb4d01c457e8ce4f96743155033~mv2.jpg,,,,,,,,,,,,,,,,,,,,,,,,,,,,,,,,,,,,,,,,,,,,,,,,,,,,,,,,,,,,,,,,,,,,,,,,,,,,,,,,,,,,,
ds-131058,MEDIA,,,,,,6673aa_62c82a649a784111805fdf9c7670d160~mv2.jpg,,,,,,,,,,,,,,,,,,,,,,,,,,,,,,,,,,,,,,,,,,,,,,,,,,,,,,,,,,,,,,,,,,,,,,,,,,,,,,,,,,,,,
ds-114213,PRODUCT,Certina DS Podium Precidrive,true,"<p>Titangehäuse und -band, Quarzwerk Precidrive +/- 10 Sekunden Gangabweichung pro Jahr, Chronograph, Durchmesser: 41mm, Saphirglas, Zifferblatt: Anthrazit Datumsanzeige, 10bar Wasserdicht, zwei Jahre GarantieReferenz: C034.417.44.087.00Verfügbar in der Bijouterie am Bogen in Bremgarten AG</p>",uhren;herrenuhren;certina,uhren,,,,Certina,680,,,,,,377.45,1,false,,,114213,C034.417.44.087.00,,,,,,,,,,,,,,,,,,,,,,,,,,,,,,,,,,,,,,,,,,,,,,,,,,,,,,,,,,,,,,,,,,,,,
ds-114213,MEDIA,,,,,,6673aa_eac67a93940147fea784ae8c4017f178~mv2.png,,,,,,,,,,,,,,,,,,,,,,,,,,,,,,,,,,,,,,,,,,,,,,,,,,,,,,,,,,,,,,,,,,,,,,,,,,,,,,,,,,,,,
ds-114213,MEDIA,,,,,,6673aa_2342afcea03f4581be85e7c6e2dec76d~mv2.jpg,,,,,,,,,,,,,,,,,,,,,,,,,,,,,,,,,,,,,,,,,,,,,,,,,,,,,,,,,,,,,,,,,,,,,,,,,,,,,,,,,,,,,
ds-132068,PRODUCT,Thomas Sabo Charm Club Anhänger,false,"<p>gearbeitet in 925 Silber vergoldet, Oberfläche: poliert, mit einem weissen Zirkonia, Krone, zwei Jahre GarantieReferenz: CC1247-414-14Verfügbar in der Bijouterie am Bogen in Bremgarten AG</p>",schmuck;anhaenger;thomas-sabo,schmuck,,,,Thomas Sabo,69,,,,,,26.55,1,false,,,132068,CC1247-414-14,,,,,,,,,,,,,,,,,,,,,,,,,,,,,,,,,,,,,,,,,,,,,,,,,,,,,,,,,,,,,,,,,,,,,
ds-132971,PRODUCT,Tissot Chrono,true,"<p>Gehäuse aus Edelstahl, Oberfläche: poliert / mattiert, mit einem Lederband braun, Quarzwerk EOL, Zifferblatt schwarz mit Datumsanzeige und Chronograph, Saphirglas, Duechmesser: 42mm, Wasserdicht bis 10bar, zwei Jahre GarantieReferenz: T116.417.16.052.01Verfügbar in der Bijouterie Am Bogen in Bremgarten AG und in der Bijouterie Droz in Zofingen AG</p>",uhren;herrenuhren;tissot,uhren,,,,Tissot,345,,,,,,191.5,2,false,,,132971,T116.417.16.052.01,,,,,,,,,,,,,,,,,,,,,,,,,,,,,,,,,,,,,,,,,,,,,,,,,,,,,,,,,,,,,,,,,,,,,
ds-132971,MEDIA,,,,,,6673aa_5c5a694295c742e9ac74ea79a3267fc5~mv2.png,,,,,,,,,,,,,,,,,,,,,,,,,,,,,,,,,,,,,,,,,,,,,,,,,,,,,,,,,,,,,,,,,,,,,,,,,,,,,,,,,,,,,
ds-132052,PRODUCT,Thomas Sabo Charm Club Anhänger,false,"<p>gearbeitet in 925 Silber, Oberfläche: poliert, mit weissen Zirkonia, Kreuz, zwei Jahre GarantieReferenz: CC1203-051-14Verfügbar in der Bijouterie am Bogen in Bremgarten AG</p>",schmuck;anhaenger;thomas-sabo,schmuck,,,,Thomas Sabo,55,,,,,,21.15,1,false,,,132052,CC1203-051-14,,,,,,,,,,,,,,,,,,,,,,,,,,,,,,,,,,,,,,,,,,,,,,,,,,,,,,,,,,,,,,,,,,,,,
ds-131623,PRODUCT,Tissot PRC 100 Solar,true,"<p>Gehäuse und Band aus Edelstahl matt, Quartz Solar, Saphirglas, Zifferblatt dunkelblau mit Index und Datum, Durchmesser 39mm, Wasserdicht bis 10bar, zwei Jahre GarantieReferenz: T151.422.11.041.00Verfügbar in der Bijouterie Am Bogen in Bremgarten AG und in der Bijouterie Droz in Zofingen AG</p>",uhren;herrenuhren;tissot,,,,,Tissot,455,,,,,,252.55,2,false,,,131623,T151.422.11.041.00,,,,,,,,,,,,,,,,,,,,,,,,,,,,,,,,,,,,,,,,,,,,,,,,,,,,,,,,,,,,,,,,,,,,,
ds-131623,MEDIA,,,,,,6673aa_4273c4abff6447a9819580b11b3a4eca~mv2.png,,,,,,,,,,,,,,,,,,,,,,,,,,,,,,,,,,,,,,,,,,,,,,,,,,,,,,,,,,,,,,,,,,,,,,,,,,,,,,,,,,,,,
ds-132051,PRODUCT,Thomas Sabo Charm Club Anhänger,false,"<p>gearbeitet in 925 Silber, Oberfläche: poliert, mit weissen Zirkonia, doppel Herz, zwei Jahre GarantieReferenz: CC1201-051-14Verfügbar in der Bijouterie am Bogen in Bremgarten AG</p>",schmuck;anhaenger;thomas-sabo,schmuck,,,,Thomas Sabo,59,,,,,,22.7,1,false,,,132051,CC1201-051-14,,,,,,,,,,,,,,,,,,,,,,,,,,,,,,,,,,,,,,,,,,,,,,,,,,,,,,,,,,,,,,,,,,,,,
ds-131613,PRODUCT,Tissot PRC 100 Solar,true,"<p>Gehäuse und Band aus Edelstahl matt, Quartz Solar, Saphirglas, Zifferblatt silber mit Index und Datum, Durchmesser 39mm, Wasserdicht bis 10bar, zwei Jahre GarantieReferenz: T151.422.11.031.00Verfügbar in der Bijouterie Am Bogen in Bremgarten AG und in der Bijouterie Droz in Zofingen AG</p>",uhren;herrenuhren;tissot,,,,,Tissot,455,,,,,,252.55,2,false,,,131613,T151.422.11.031.00,,,,,,,,,,,,,,,,,,,,,,,,,,,,,,,,,,,,,,,,,,,,,,,,,,,,,,,,,,,,,,,,,,,,,
ds-131613,MEDIA,,,,,,6673aa_641899588cfc40ae9c5ccf35d50eee1e~mv2.png,,,,,,,,,,,,,,,,,,,,,,,,,,,,,,,,,,,,,,,,,,,,,,,,,,,,,,,,,,,,,,,,,,,,,,,,,,,,,,,,,,,,,
ds-131613,MEDIA,,,,,,6673aa_809f9d1547bd45bdb322ee131c2feeff~mv2.jpg,,,,,,,,,,,,,,,,,,,,,,,,,,,,,,,,,,,,,,,,,,,,,,,,,,,,,,,,,,,,,,,,,,,,,,,,,,,,,,,,,,,,,
ds-131613,MEDIA,,,,,,6673aa_6d40a5e0808c4647bd1de42bb2d92794~mv2.jpg,,,,,,,,,,,,,,,,,,,,,,,,,,,,,,,,,,,,,,,,,,,,,,,,,,,,,,,,,,,,,,,,,,,,,,,,,,,,,,,,,,,,,
ds-131613,MEDIA,,,,,,6673aa_d32fbc3aecb244fb9ca506a42e8f2ef6~mv2.jpg,,,,,,,,,,,,,,,,,,,,,,,,,,,,,,,,,,,,,,,,,,,,,,,,,,,,,,,,,,,,,,,,,,,,,,,,,,,,,,,,,,,,,
ds-133686,PRODUCT,Tissot PR 100,true,"<p>Gehäuse und Band aus Edelstahl PVD rosé, Oberfläche: matt / poliert, Quarzwerk, EOL, Zifferblatt Perlmutt mit Index und Datumsanzeige, Chronograph, Saphirglas, Durchmesser: 36mm, Wasserdicht bis 10bar, 2 Jahre GarantieReferenz: T150.217.22.111.00Verfügbar in der Bijouterie am Bogen in Bremgarten AG</p>",uhren;damenuhren;tissot,uhren,,,,Tissot,425,,,,,,235.9,1,false,,,133686,T150.217.22.111.00,,,,,,,,,,,,,,,,,,,,,,,,,,,,,,,,,,,,,,,,,,,,,,,,,,,,,,,,,,,,,,,,,,,,,
ds-133686,MEDIA,,,,,,6673aa_f73c1651b6224b7aa4f11c7527dd8566~mv2.png,,,,,,,,,,,,,,,,,,,,,,,,,,,,,,,,,,,,,,,,,,,,,,,,,,,,,,,,,,,,,,,,,,,,,,,,,,,,,,,,,,,,,
ds-132050,PRODUCT,Thomas Sabo Charm Club Bracelet,false,"<p>gearbeitet in 925 Silber, Oberfläche: poliert, Ankerkette, mit weissen Süsswasser Zuchtperlen, Länge: 17cm verstellbar, Ringverschluss, zwei Jahre GarantieReferenz: C1209-082-14-L17Verfügbar in der Bijouterie am Bogen in Bremgarten AG</p>",schmuck;bracelets;thomas-sabo,schmuck,,,,Thomas Sabo,149,,,,,,62.1,1,false,,,132050,C1209-082-14-L17,,,,,,,,,,,,,,,,,,,,,,,,,,,,,,,,,,,,,,,,,,,,,,,,,,,,,,,,,,,,,,,,,,,,,
ds-133668,PRODUCT,Tissot PR 100,true,"<p>Gehäuse und Band aus Edelstahl, Oberfläche: matt / poliert, Quarzwerk, EOL, Zifferblatt Perlmutt mit Index und Datumsanzeige, Chronograph, Saphirglas, Durchmesser: 36mm, Wasserdicht bis 10bar, 2 Jahre GarantieReferenz: T150.217.11.111.00Verfügbar in der Bijouterie am Bogen in Bremgarten AG</p>",uhren;damenuhren;tissot,,,,,Tissot,375,,,,,,208.15,1,false,,,133668,T150.217.11.111.00,,,,,,,,,,,,,,,,,,,,,,,,,,,,,,,,,,,,,,,,,,,,,,,,,,,,,,,,,,,,,,,,,,,,,
ds-133668,MEDIA,,,,,,6673aa_0a27a55c5e9448f19e3bad556ad51ea1~mv2.png,,,,,,,,,,,,,,,,,,,,,,,,,,,,,,,,,,,,,,,,,,,,,,,,,,,,,,,,,,,,,,,,,,,,,,,,,,,,,,,,,,,,,
ds-132229,PRODUCT,Tissot PR 100,true,"<p>Gehäuse und Band aus Edelstahl / PVD gelb, Oberfläche: matt / poliert, Quarzwerk, EOL, Zifferblatt weiss mit Index und Datumsanzeige, Saphirglas, Durchmesser: 40mm, Wasserdicht bis 10bar, 2 Jahre GarantieReferenz: T150.410.22.011.00Verfügbar in der Bijouterie am Bogen in Bremgarten AG</p>",uhren;herrenuhren;tissot,,,,,Tissot,345,,,,,,191.5,1,false,,,132229,T150.410.22.011.00,,,,,,,,,,,,,,,,,,,,,,,,,,,,,,,,,,,,,,,,,,,,,,,,,,,,,,,,,,,,,,,,,,,,,
ds-132229,MEDIA,,,,,,6673aa_8b772e40face4ba3b750acd2795a1f62~mv2.png,,,,,,,,,,,,,,,,,,,,,,,,,,,,,,,,,,,,,,,,,,,,,,,,,,,,,,,,,,,,,,,,,,,,,,,,,,,,,,,,,,,,,
ds-132228,PRODUCT,Tissot PR 100,true,"<p>Gehäuse und Band aus Edelstahl, Oberfläche: matt / poliert, Lünette aus Edehstahl PVD rosé, Quarzwerk, EOL, Zifferblatt Perlmutt mit Index und Datumsanzeige, Saphirglas, Durchmesser: 34mm, Wasserdicht bis 10bar, 2 Jahre GarantieReferenz: T150.210.21.111.00Verfügbar in der Bijouterie am Bogen in Bremgarten AG</p>",uhren;damenuhren;tissot,uhren,,,,Tissot,345,,,,,,191.5,1,false,,,132228,T150.210.21.111.00,,,,,,,,,,,,,,,,,,,,,,,,,,,,,,,,,,,,,,,,,,,,,,,,,,,,,,,,,,,,,,,,,,,,,
ds-132228,MEDIA,,,,,,6673aa_d498ec29d14e45f0910941d39291d699~mv2.png,,,,,,,,,,,,,,,,,,,,,,,,,,,,,,,,,,,,,,,,,,,,,,,,,,,,,,,,,,,,,,,,,,,,,,,,,,,,,,,,,,,,,
ds-132226,PRODUCT,Tissot PR 100,true,"<p>Gehäuse aus Stahl mit Lederband schwarz, Quartzwerk, Saphirglas, Zifferblatt silber, Durchmesser 40mm, Wasserdicht bis 10bar - 2 Jahre GarantieReferenz: T150.410.16.011.00Verfügbar in der Bijouterie am Bogen in Bremgarten AG</p>",uhren;herrenuhren;tissot,uhren,,,,Tissot,265,,,,,,147.1,1,false,,,132226,T150.410.16.011.00,,,,,,,,,,,,,,,,,,,,,,,,,,,,,,,,,,,,,,,,,,,,,,,,,,,,,,,,,,,,,,,,,,,,,
ds-132226,MEDIA,,,,,,6673aa_f4c49e33ee99476682ed4c2461afcb21~mv2.png,,,,,,,,,,,,,,,,,,,,,,,,,,,,,,,,,,,,,,,,,,,,,,,,,,,,,,,,,,,,,,,,,,,,,,,,,,,,,,,,,,,,,
ds-132225,PRODUCT,Tissot PR 100,true,"<p>Gehäuse und Band aus Edelstahl PVD rosé, Oberfläche: matt / poliert, Quarzwerk, EOL, Perlmutt Zifferblatt mit Index und Datumsanzeige, Saphirglas, Durchmesser: 34mm, Wasserdicht bis 10bar, 2 Jahre GarantieReferenz: T150.210.33.111.00Verfügbar in der Bijouterie am Bogen in Bremgarten AG</p>",uhren;damenuhren;tissot,uhren,,,,Tissot,395,,,,,,219.25,1,false,,,132225,T150.210.33.111.00,,,,,,,,,,,,,,,,,,,,,,,,,,,,,,,,,,,,,,,,,,,,,,,,,,,,,,,,,,,,,,,,,,,,,
ds-132225,MEDIA,,,,,,6673aa_8856dd6d0fd4436888aa09b3a4a924a0~mv2.png,,,,,,,,,,,,,,,,,,,,,,,,,,,,,,,,,,,,,,,,,,,,,,,,,,,,,,,,,,,,,,,,,,,,,,,,,,,,,,,,,,,,,
ds-132049,PRODUCT,Thomas Sabo Charm Club Bracelet,false,"<p>gearbeitet in 925 Silber vergoldet, Oberfläche: poliert, Ankerkette, Länge: 19cm verstellbar, Ringverschluss, zwei Jahre GarantieReferenz: C1205-413-39-L19Verfügbar in der Bijouterie am Bogen in Bremgarten AG</p>",schmuck;bracelets;thomas-sabo,schmuck,,,,Thomas Sabo,175,,,,,,72.9,1,false,,,132049,C1205-413-39-L19,,,,,,,,,,,,,,,,,,,,,,,,,,,,,,,,,,,,,,,,,,,,,,,,,,,,,,,,,,,,,,,,,,,,,
ds-132048,PRODUCT,Thomas Sabo Charm Club Bracelet,false,"<p>gearbeitet in 925 Silber vergoldet, Oberfläche: poliert, Ankerkette, Länge: 17cm verstellbar, Ringverschluss, zwei Jahre GarantieReferenz: C1205-413-39-L17Verfügbar in der Bijouterie am Bogen in Bremgarten AG</p>",schmuck;bracelets;thomas-sabo,schmuck,,,,Thomas Sabo,175,,,,,,72.9,1,false,,,132048,C1205-413-39-L17,,,,,,,,,,,,,,,,,,,,,,,,,,,,,,,,,,,,,,,,,,,,,,,,,,,,,,,,,,,,,,,,,,,,,
ds-130229,PRODUCT,Tissot PR 100,true,"<p>Gehäuse und Band aus Edelstahl, Quartzwerk, Saphirglas, Zifferblatt Perlmutt mit 11 Diamanten im Brillantschliff 0.041ct Top Wesselton vs/si und Datumsanzeige, Wasserdicht bis 10bar, Durchmesser 34mm, zwei Jahre GarantieReferenz: T150.210.11.116.00Verfügbar in der Bijouterie am Bogen in Bremgarten AG</p>",uhren;damenuhren;tissot,uhren,,,,Tissot,375,,,,,,208.15,1,false,,,130229,T150.210.11.116.00,,,,,,,,,,,,,,,,,,,,,,,,,,,,,,,,,,,,,,,,,,,,,,,,,,,,,,,,,,,,,,,,,,,,,
ds-130229,MEDIA,,,,,,6673aa_7cfbf618f98c43e4b159bd810f70e840~mv2.png,,,,,,,,,,,,,,,,,,,,,,,,,,,,,,,,,,,,,,,,,,,,,,,,,,,,,,,,,,,,,,,,,,,,,,,,,,,,,,,,,,,,,
ds-132047,PRODUCT,Thomas Sabo Charm Club Bracelet,false,"<p>gearbeitet in 925 Silber, Oberfläche: poliert, Ankerkette, Länge: 19cm verstellbar, Ringverschluss, zwei Jahre GarantieReferenz: C1205-001-21-L19Verfügbar in der Bijouterie am Bogen in Bremgarten AG</p>",schmuck;bracelets;thomas-sabo,schmuck,,,,Thomas Sabo,95,,,,,,39.6,1,false,,,132047,C1205-001-21-L19,,,,,,,,,,,,,,,,,,,,,,,,,,,,,,,,,,,,,,,,,,,,,,,,,,,,,,,,,,,,,,,,,,,,,
ds-130178,PRODUCT,Tissot PR 100,true,"<p>Gehäuse und Band aus Edelstahl, Oberfläche: matt / poliert, Quarzwerk, EOL, Zifferblatt hellblau mit Index und Datumsanzeige, Saphirglas, Durchmesser: 40mm, Wasserdicht bis 10bar, 2 Jahre GarantieReferenz: T150.410.11.351.00Verfügbar in der Bijouterie am Bogen in Bremgarten AG</p>",uhren;herrenuhren;tissot,uhren,,,,Tissot,285,,,,,,158.2,1,false,,,130178,T150.410.11.351.00,,,,,,,,,,,,,,,,,,,,,,,,,,,,,,,,,,,,,,,,,,,,,,,,,,,,,,,,,,,,,,,,,,,,,
ds-130178,MEDIA,,,,,,6673aa_9a75a7f0d81a407e925a0113e9982f77~mv2.png,,,,,,,,,,,,,,,,,,,,,,,,,,,,,,,,,,,,,,,,,,,,,,,,,,,,,,,,,,,,,,,,,,,,,,,,,,,,,,,,,,,,,
ds-130178,MEDIA,,,,,,6673aa_e6d0b4e9ade643c7984335faa7cda3d4~mv2.jpg,,,,,,,,,,,,,,,,,,,,,,,,,,,,,,,,,,,,,,,,,,,,,,,,,,,,,,,,,,,,,,,,,,,,,,,,,,,,,,,,,,,,,
ds-130178,MEDIA,,,,,,6673aa_5d97dd34bcd342818b84cf527bd92abe~mv2.jpg,,,,,,,,,,,,,,,,,,,,,,,,,,,,,,,,,,,,,,,,,,,,,,,,,,,,,,,,,,,,,,,,,,,,,,,,,,,,,,,,,,,,,
ds-130178,MEDIA,,,,,,6673aa_0f8f8dc516594de4a282a4ee8658b7ac~mv2.jpg,,,,,,,,,,,,,,,,,,,,,,,,,,,,,,,,,,,,,,,,,,,,,,,,,,,,,,,,,,,,,,,,,,,,,,,,,,,,,,,,,,,,,
ds-130007,PRODUCT,Tissot PR 100 Chrono,true,"<p>Gehäuse und Band aus Edelstahl PVD gelb, Oberfläche: matt / poliert, Quarzwerk, EOL, Zifferblatt silber mit Index und Datumsanzeige, Chronograph, Saphirglas, Durchmesser: 40mm, Wasserdicht bis 10bar, 2 Jahre GarantieReferenz: T150.417.33.031.00Verfügbar in der Bijouterie am Bogen in Bremgarten AG</p>",uhren;herrenuhren;tissot,uhren,,,,Tissot,445,,,,,,247,1,false,,,130007,T150.417.33.031.00,,,,,,,,,,,,,,,,,,,,,,,,,,,,,,,,,,,,,,,,,,,,,,,,,,,,,,,,,,,,,,,,,,,,,
ds-130007,MEDIA,,,,,,6673aa_9492b888664e4c879d086fba26cc522d~mv2.png,,,,,,,,,,,,,,,,,,,,,,,,,,,,,,,,,,,,,,,,,,,,,,,,,,,,,,,,,,,,,,,,,,,,,,,,,,,,,,,,,,,,,
ds-130007,MEDIA,,,,,,6673aa_1b0a2a7dc16749ddb625419d7fb5d609~mv2.png,,,,,,,,,,,,,,,,,,,,,,,,,,,,,,,,,,,,,,,,,,,,,,,,,,,,,,,,,,,,,,,,,,,,,,,,,,,,,,,,,,,,,
ds-130007,MEDIA,,,,,,6673aa_3b9ceba4cace43d88993799e9e2e7d80~mv2.png,,,,,,,,,,,,,,,,,,,,,,,,,,,,,,,,,,,,,,,,,,,,,,,,,,,,,,,,,,,,,,,,,,,,,,,,,,,,,,,,,,,,,
ds-129937,PRODUCT,Tissot PR 100 Chrono,true,"<p>Gehäuse und Band aus Edelstahl, Oberfläche: matt / poliert, Quarzwerk, EOL, Zifferblatt grün mit Index und Datumsanzeige, Chronograph, Saphirglas, Durchmesser: 40mm, Wasserdicht bis 10bar, 2 Jahre GarantieReferenz: T150.417.11.091.00Verfügbar in der Bijouterie am Bogen in Bremgarten AG</p>",uhren;herrenuhren;tissot,uhren,,,,Tissot,365,,,,,,202.6,1,false,,,129937,T150.417.11.091.00,,,,,,,,,,,,,,,,,,,,,,,,,,,,,,,,,,,,,,,,,,,,,,,,,,,,,,,,,,,,,,,,,,,,,
ds-129937,MEDIA,,,,,,6673aa_dc3b52e737ba431fbbf88de913ab92ee~mv2.png,,,,,,,,,,,,,,,,,,,,,,,,,,,,,,,,,,,,,,,,,,,,,,,,,,,,,,,,,,,,,,,,,,,,,,,,,,,,,,,,,,,,,
ds-132046,PRODUCT,Thomas Sabo Charm Club Bracelet,false,"<p>gearbeitet in 925 Silber, Oberfläche: poliert, Ankerkette, Länge: 17cm verstellbar, Ringverschluss, zwei Jahre GarantieReferenz: C1205-001-21-L17Verfügbar in der Bijouterie am Bogen in Bremgarten AG</p>",schmuck;bracelets;thomas-sabo,schmuck,,,,Thomas Sabo,95,,,,,,39.6,1,false,,,132046,C1205-001-21-L17,,,,,,,,,,,,,,,,,,,,,,,,,,,,,,,,,,,,,,,,,,,,,,,,,,,,,,,,,,,,,,,,,,,,,
ds-128931,PRODUCT,Tissot PR 100,true,"<p>Gehäuse aus Edelstahl, Oberfläche: matt / poliert, Lünette aus Edehstahl PVD rosé, Lederarmband beige, Quarzwerk, EOL, Zifferblatt Perlmutt mit Index und Datumsanzeige, Saphirglas, Durchmesser: 34mm, Wasserdicht bis 10bar, 2 Jahre GarantieReferenz: T150.210.26.111.00Verfügbar in der Bijouterie am Bogen in Bremgarten AG</p>",uhren;damenuhren;tissot,uhren,,,,Tissot,275,,,,,,152.65,1,false,,,128931,T150.210.26.111.00,,,,,,,,,,,,,,,,,,,,,,,,,,,,,,,,,,,,,,,,,,,,,,,,,,,,,,,,,,,,,,,,,,,,,
ds-128931,MEDIA,,,,,,6673aa_d5b7a950a74f42319cf0c1b5dc679fe4~mv2.png,,,,,,,,,,,,,,,,,,,,,,,,,,,,,,,,,,,,,,,,,,,,,,,,,,,,,,,,,,,,,,,,,,,,,,,,,,,,,,,,,,,,,
ds-128896,PRODUCT,Tissot PR 100 Sport Chic,true,"<p>Gehäuse und Band aus Edelstahl, Quarzwerk, Chrono, Saphirglas, Zifferblatt Perlmutt mit 12 Brillanten 0.045ct Top Wesselton vs/si, Durchmesser 37mm, Wasserdicht bis 10bar, zwei Jahre GarantieReferenz: T101.917.11.116.00Verfügbar in der Bijouterie am Bogen in Bremgarten AG</p>",uhren;damenuhren;tissot,,,,,Tissot,595,,,,,,330.25,1,false,,,128896,T101.917.11.116.00,,,,,,,,,,,,,,,,,,,,,,,,,,,,,,,,,,,,,,,,,,,,,,,,,,,,,,,,,,,,,,,,,,,,,
ds-128896,MEDIA,,,,,,6673aa_7763e2d2d27e439ab5819888cef66d09~mv2.png,,,,,,,,,,,,,,,,,,,,,,,,,,,,,,,,,,,,,,,,,,,,,,,,,,,,,,,,,,,,,,,,,,,,,,,,,,,,,,,,,,,,,
ds-128611,PRODUCT,Tissot PR 100,true,"<p>Gehäuse und Band aus Edelstahl / PVD gelb, Oberfläche: matt / poliert, Quarzwerk, EOL, Zifferblatt blau mit Index und Datumsanzeige, Saphirglas, Durchmesser: 40mm, Wasserdicht bis 10bar, 2 Jahre GarantieReferenz: T150.410.22.041.00Verfügbar in der Bijouterie am Bogen in Bremgarten AG</p>",uhren;herrenuhren;tissot,uhren,,,,Tissot,345,,,,,,192.2,1,false,,,128611,T150.410.22.041.00,,,,,,,,,,,,,,,,,,,,,,,,,,,,,,,,,,,,,,,,,,,,,,,,,,,,,,,,,,,,,,,,,,,,,
ds-128611,MEDIA,,,,,,6673aa_a177436dd1c24b7697c6e25c1094ff21~mv2.png,,,,,,,,,,,,,,,,,,,,,,,,,,,,,,,,,,,,,,,,,,,,,,,,,,,,,,,,,,,,,,,,,,,,,,,,,,,,,,,,,,,,,
ds-128610,PRODUCT,Tissot PR 100,true,"<p>Gehäuse und Band aus Edelstahl PVD gelb, Oberfläche: matt / poliert, Quarzwerk, EOL, Zifferblatt goldfarbig mit Index und Datumsanzeige, Saphirglas, Durchmesser: 34mm, Wasserdicht bis 10bar, 2 Jahre GarantieReferenz: T150.210.33.021.00Verfügbar in der Bijouterie am Bogen in Bremgarten AG</p>",uhren;damenuhren;tissot,uhren,,,,Tissot,385,,,,,,213.7,1,false,,,128610,T150.210.33.021.00,,,,,,,,,,,,,,,,,,,,,,,,,,,,,,,,,,,,,,,,,,,,,,,,,,,,,,,,,,,,,,,,,,,,,
ds-128610,MEDIA,,,,,,6673aa_61c22cd7cfb248ca967acb6558c2c36b~mv2.png,,,,,,,,,,,,,,,,,,,,,,,,,,,,,,,,,,,,,,,,,,,,,,,,,,,,,,,,,,,,,,,,,,,,,,,,,,,,,,,,,,,,,
ds-132045,PRODUCT,Thomas Sabo Charm Club Bracelet,false,"<p>gearbeitet in 925 Silber, Oberfläche: poliert, Ankerkette, Länge: 17cm verstellbar, Ringverschluss, zwei Jahre GarantieReferenz: C1204-001-21-L17Verfügbar in der Bijouterie am Bogen in Bremgarten AG</p>",schmuck;bracelets;thomas-sabo,,,,,Thomas Sabo,149,,,,,,62.1,1,false,,,132045,C1204-001-21-L17,,,,,,,,,,,,,,,,,,,,,,,,,,,,,,,,,,,,,,,,,,,,,,,,,,,,,,,,,,,,,,,,,,,,,
ds-128559,PRODUCT,Tissot PR 100,true,"<p>Gehäuse und Band aus Edelstahl, Oberfläche: matt / poliert, Quarzwerk, EOL, Zifferblatt schwarz mit Index und Datumsanzeige, Saphirglas, Durchmesser: 40mm, Wasserdicht bis 10bar, 2 Jahre GarantieReferenz: T150.410.11.051.00Verfügbar in der Bijouterie Am Bogen in Bremgarten AG und in der Bijouterie Droz in Zofingen AG</p>",uhren;herrenuhren;tissot,uhren,,,,Tissot,285,,,,,,158.2,2,false,,,128559,T150.410.11.051.00,,,,,,,,,,,,,,,,,,,,,,,,,,,,,,,,,,,,,,,,,,,,,,,,,,,,,,,,,,,,,,,,,,,,,
ds-128559,MEDIA,,,,,,6673aa_0695291602794eb088e668b84b2cfb7f~mv2.png,,,,,,,,,,,,,,,,,,,,,,,,,,,,,,,,,,,,,,,,,,,,,,,,,,,,,,,,,,,,,,,,,,,,,,,,,,,,,,,,,,,,,
ds-128556,PRODUCT,Tissot PR 100,true,"<p>Gehäuse und Band aus Edelstahl, Oberfläche: matt / poliert, Quarzwerk, EOL, Zifferblatt silber mit Index und Datumsanzeige, Saphirglas, Durchmesser: 34mm, Wasserdicht bis 10bar, 2 Jahre GarantieReferenz: T150.210.11.031.00Verfügbar in der Bijouterie am Bogen in Bremgarten AG</p>",uhren;damenuhren;tissot,uhren,,,,Tissot,285,,,,,,158.2,1,false,,,128556,T150.210.11.031.00,,,,,,,,,,,,,,,,,,,,,,,,,,,,,,,,,,,,,,,,,,,,,,,,,,,,,,,,,,,,,,,,,,,,,
ds-128556,MEDIA,,,,,,6673aa_834c9b703c7d41d2831f9dadcee5bdd2~mv2.png,,,,,,,,,,,,,,,,,,,,,,,,,,,,,,,,,,,,,,,,,,,,,,,,,,,,,,,,,,,,,,,,,,,,,,,,,,,,,,,,,,,,,
ds-132043,PRODUCT,Thomas Sabo Charm Club Bracelet,false,"<p>gearbeitet in 925 Sterlingsilber vergoldet, Figaro, Länge: 16cm - 19cm, mit einem Karabinerverschluss, zwei Jahre GarantieReferenz: A2207-413-39-L19VVerfügbar in der Bijouterie am Bogen in Bremgarten AG</p>",schmuck;bracelets;thomas-sabo,schmuck,,,,Thomas Sabo,79,,,,,,32.9,1,false,,,132043,A2207-413-39-L19V,,,,,,,,,,,,,,,,,,,,,,,,,,,,,,,,,,,,,,,,,,,,,,,,,,,,,,,,,,,,,,,,,,,,,
ds-131624,PRODUCT,Tissot PRC 100 Solar,true,"<p>Gehäuse aus Edelstahl matt, Lederband braun, Quartz Solar, Saphirglas, Zifferblatt silber mit Index und Datum, Durchmesser 39mm, Wasserdicht bis 10bar, zwei Jahre GarantieReferenz: T151.422.16.031.00Verfügbar in der Bijouterie am Bogen in Bremgarten AG</p>",uhren;herrenuhren;tissot,uhren,,,,Tissot,395,,,,,,213.25,1,false,,,131624,T151.422.16.031.00,,,,,,,,,,,,,,,,,,,,,,,,,,,,,,,,,,,,,,,,,,,,,,,,,,,,,,,,,,,,,,,,,,,,,
ds-131624,MEDIA,,,,,,6673aa_1e3a2562b47948b79acf01042e06d270~mv2.png,,,,,,,,,,,,,,,,,,,,,,,,,,,,,,,,,,,,,,,,,,,,,,,,,,,,,,,,,,,,,,,,,,,,,,,,,,,,,,,,,,,,,
ds-131682,PRODUCT,Tissot PRC 100  Solar,true,"<p>Gehäuse und Band aus Stahl PVD rosé, Quartz-Solar Werk, Saphirglas, Zifferblatt Perlmutt mit Index und Datum, Durchmesser 34mm, Wasserdicht bis 10bar, 3 Jahre GarantieReferenz: T151.822.22.111.00Verfügbar in der Bijouterie am Bogen in Bremgarten AG</p>",uhren;damenuhren;tissot,,,,,Tissot,495,,,,,,274.75,1,false,,,131682,T151.822.22.111.00,,,,,,,,,,,,,,,,,,,,,,,,,,,,,,,,,,,,,,,,,,,,,,,,,,,,,,,,,,,,,,,,,,,,,
ds-131682,MEDIA,,,,,,6673aa_ed8ee224945c4913ad5cb2c07fc272f4~mv2.png,,,,,,,,,,,,,,,,,,,,,,,,,,,,,,,,,,,,,,,,,,,,,,,,,,,,,,,,,,,,,,,,,,,,,,,,,,,,,,,,,,,,,
ds-132053,PRODUCT,Thomas Sabo Charm Club Anhänger,false,"<p>gearbeitet in 925 Silber vergoldet, Oberfläche: poliert, mit weissen Zirkonia, Lotusblume, zwei Jahre GarantieReferenz: CC1204-414-14Verfügbar in der Bijouterie am Bogen in Bremgarten AG</p>",schmuck;anhaenger;thomas-sabo,schmuck,,,,Thomas Sabo,65,,,,,,25,1,false,,,132053,CC1204-414-14,,,,,,,,,,,,,,,,,,,,,,,,,,,,,,,,,,,,,,,,,,,,,,,,,,,,,,,,,,,,,,,,,,,,,
ds-132054,PRODUCT,Thomas Sabo Charm Club Anhänger,false,"<p>gearbeitet in 925 Silber, Oberfläche: poliert, Buchstabe: E, zwei Jahre GarantieReferenz: CC1211-001-21Verfügbar in der Bijouterie am Bogen in Bremgarten AG</p>",schmuck;anhaenger;thomas-sabo,,,,,Thomas Sabo,29,,,,,,11.15,1,false,,,132054,CC1211-001-21,,,,,,,,,,,,,,,,,,,,,,,,,,,,,,,,,,,,,,,,,,,,,,,,,,,,,,,,,,,,,,,,,,,,,
ds-132970,PRODUCT,Tissot Chrono L,true,"<p>Gehäuse und Band aus Edelstahl, Oberfläche: poliert / mattiert, Quarzwerk EOL, Zifferblatt blau mit Datumsanzeige und Chronograph, Saphirglas, Duechmesser: 42mm, Wasserdicht bis 10bar, zwei Jahre GarantieReferenz: T116.417.11.042.00Verfügbar in der Bijouterie am Bogen in Bremgarten AG</p>",uhren;herrenuhren;tissot,uhren,,,,Tissot,385,,,,,,213.7,1,false,,,132970,T116.417.11.042.00,,,,,,,,,,,,,,,,,,,,,,,,,,,,,,,,,,,,,,,,,,,,,,,,,,,,,,,,,,,,,,,,,,,,,
ds-132970,MEDIA,,,,,,6673aa_057ec95927554de18f93d4804edcfbc4~mv2.png,,,,,,,,,,,,,,,,,,,,,,,,,,,,,,,,,,,,,,,,,,,,,,,,,,,,,,,,,,,,,,,,,,,,,,,,,,,,,,,,,,,,,
ds-132067,PRODUCT,Thomas Sabo Charm Club Anhänger,false,"<p>gearbeitet in 925 Silber vergoldet, Oberfläche: poliert, mit einem weissen Zirkonia, Sonne, zwei Jahre GarantieReferenz: CC1246-414-14Verfügbar in der Bijouterie am Bogen in Bremgarten AG</p>",schmuck;anhaenger;thomas-sabo,schmuck,,,,Thomas Sabo,95,,,,,,36.55,1,false,,,132067,CC1246-414-14,,,,,,,,,,,,,,,,,,,,,,,,,,,,,,,,,,,,,,,,,,,,,,,,,,,,,,,,,,,,,,,,,,,,,
ds-132066,PRODUCT,Thomas Sabo Charm Club Anhänger,false,"<p>gearbeitet in 925 Silber vergoldet, Oberfläche: poliert, mit Kaltemail rosa und schwarz, Ballerina, zwei Jahre GarantieReferenz: CC1245-007-9Verfügbar in der Bijouterie am Bogen in Bremgarten AG</p>",schmuck;anhaenger;thomas-sabo,schmuck,,,,Thomas Sabo,59,,,,,,22.7,1,false,,,132066,CC1245-007-9,,,,,,,,,,,,,,,,,,,,,,,,,,,,,,,,,,,,,,,,,,,,,,,,,,,,,,,,,,,,,,,,,,,,,
ds-131830,PRODUCT,Tissot SRV,true,"<p>Gehäuse aus Edelstahl PVD rosé, Oberfläche: poliert, mit einem schwarzen Lederband, Quarzwerk, Zifferblatt Perlmutt, Saphirglas, Wasserdicht bis 5bar, zwei Jahre GarantieReferenz: T160.110.36.113.00Verfügbar in der Bijouterie am Bogen in Bremgarten AG</p>",uhren;damenuhren;tissot,uhren,,,,Tissot,385,,,,,,213.7,1,false,,,131830,T160.110.36.113.00,,,,,,,,,,,,,,,,,,,,,,,,,,,,,,,,,,,,,,,,,,,,,,,,,,,,,,,,,,,,,,,,,,,,,
ds-131830,MEDIA,,,,,,6673aa_485f5c5dac5241e7908444b73ed95f77~mv2.jpg,,,,,,,,,,,,,,,,,,,,,,,,,,,,,,,,,,,,,,,,,,,,,,,,,,,,,,,,,,,,,,,,,,,,,,,,,,,,,,,,,,,,,
ds-131830,MEDIA,,,,,,6673aa_1b75ae55302d4844a5227a9f21b14e93~mv2.jpg,,,,,,,,,,,,,,,,,,,,,,,,,,,,,,,,,,,,,,,,,,,,,,,,,,,,,,,,,,,,,,,,,,,,,,,,,,,,,,,,,,,,,
ds-131830,MEDIA,,,,,,6673aa_bc88f2f80ee64793af0390c99412cf75~mv2.jpg,,,,,,,,,,,,,,,,,,,,,,,,,,,,,,,,,,,,,,,,,,,,,,,,,,,,,,,,,,,,,,,,,,,,,,,,,,,,,,,,,,,,,
ds-131830,MEDIA,,,,,,6673aa_e075ba74c4564e82b686c126a6ffe058~mv2.jpg,,,,,,,,,,,,,,,,,,,,,,,,,,,,,,,,,,,,,,,,,,,,,,,,,,,,,,,,,,,,,,,,,,,,,,,,,,,,,,,,,,,,,
ds-131815,PRODUCT,Tissot SRV,true,"<p>Gehäuse aus Edelstahl PVD gelb, Oberfläche: poliert, mit einem schwarzen Lederband, Quarzwerk, Zifferblatt Perlmutt dunkel mit 4 Diamanten Top Wesselton vs/si 0.0044ct, Wasserdicht bis 5bar, zwei Jahre GarantieReferenz: T160.110.36.126.00Verfügbar in der Bijouterie am Bogen in Bremgarten AG</p>",uhren;damenuhren;tissot,uhren,,,,Tissot,395,,,,,,219.25,1,false,,,131815,T160.110.36.126.00,,,,,,,,,,,,,,,,,,,,,,,,,,,,,,,,,,,,,,,,,,,,,,,,,,,,,,,,,,,,,,,,,,,,,
ds-131815,MEDIA,,,,,,6673aa_67514ecdd5774ad680b8ad1c9368e858~mv2.jpg,,,,,,,,,,,,,,,,,,,,,,,,,,,,,,,,,,,,,,,,,,,,,,,,,,,,,,,,,,,,,,,,,,,,,,,,,,,,,,,,,,,,,
ds-131815,MEDIA,,,,,,6673aa_1115506ac59743fc88165a2c0cd1fa19~mv2.jpg,,,,,,,,,,,,,,,,,,,,,,,,,,,,,,,,,,,,,,,,,,,,,,,,,,,,,,,,,,,,,,,,,,,,,,,,,,,,,,,,,,,,,
ds-131815,MEDIA,,,,,,6673aa_aa3a815d85b241b0aca34be271dd2605~mv2.jpg,,,,,,,,,,,,,,,,,,,,,,,,,,,,,,,,,,,,,,,,,,,,,,,,,,,,,,,,,,,,,,,,,,,,,,,,,,,,,,,,,,,,,
ds-131815,MEDIA,,,,,,6673aa_26a83b723dcf4869a635ac4652d0bd22~mv2.jpg,,,,,,,,,,,,,,,,,,,,,,,,,,,,,,,,,,,,,,,,,,,,,,,,,,,,,,,,,,,,,,,,,,,,,,,,,,,,,,,,,,,,,
ds-132065,PRODUCT,Thomas Sabo Charm Club Anhänger,false,"<p>gearbeitet in 925 Silber vergoldet, Oberfläche: poliert, Kaltemail schwarz, Ente, zwei Jahre GarantieReferenz: CC1244-427-39Verfügbar in der Bijouterie am Bogen in Bremgarten AG</p>",schmuck;anhaenger;thomas-sabo,schmuck,,,,Thomas Sabo,95,,,,,,36.55,1,false,,,132065,CC1244-427-39,,,,,,,,,,,,,,,,,,,,,,,,,,,,,,,,,,,,,,,,,,,,,,,,,,,,,,,,,,,,,,,,,,,,,
ds-132064,PRODUCT,Thomas Sabo Charm Club Anhänger,false,"<p>gearbeitet in 925 Silber vergoldet, Oberfläche: poliert, mit weissen Zirkonia, Engel, zwei Jahre GarantieReferenz: CC1242-414-14Verfügbar in der Bijouterie am Bogen in Bremgarten AG</p>",schmuck;anhaenger;thomas-sabo,schmuck,,,,Thomas Sabo,69,,,,,,26.55,1,false,,,132064,CC1242-414-14,,,,,,,,,,,,,,,,,,,,,,,,,,,,,,,,,,,,,,,,,,,,,,,,,,,,,,,,,,,,,,,,,,,,,
ds-128655,PRODUCT,Tissot T Touch Sport Connect,true,"<p>Gehäuse aus Titan PVD schwarz, Band aus Silikon schwarz, Oberfläche: matt, Keramiklünette schwarz, Saphirglas, Solar / Ladegerät, Durchmesser: 43mm, Folgende Fuktionen hat die Uhr: Ewiger Kalender, Alarm, Zeit, Zeitzonen, Automatische Sommerzeit, Timer, Chronograph mit Zwischenzeiten (SPLIT), Chronograph mit Rundenzeiten (LAP), Chronograph mit Logbuch, Schrittzähler, Verbrannte Kalorien, Zurückgelegte Distanz, Benachrichtigungen, Verbindungs-Alarm, Eco-Modus, Automatischer Ruhemodus (Sleep Mode), Geschwindigkeit, Herzfrequenz, Höhe, Eingehende Anrufe, Aufforderungen zum Bewegen, Wasserdicht bis 5bar, zwei Jahre GarantieReferenz: T153.420.47.051.04Verfügbar in der Bijouterie am Bogen in Bremgarten AG</p>",uhren;herrenuhren;tissot,uhren,,,,Tissot,995,,,,,,600.5,1,false,,,128655,T153.420.47.051.04,,,,,,,,,,,,,,,,,,,,,,,,,,,,,,,,,,,,,,,,,,,,,,,,,,,,,,,,,,,,,,,,,,,,,
ds-128655,MEDIA,,,,,,6673aa_2d69b94dfe9c44ae9aa8433ea8133aed~mv2.png,,,,,,,,,,,,,,,,,,,,,,,,,,,,,,,,,,,,,,,,,,,,,,,,,,,,,,,,,,,,,,,,,,,,,,,,,,,,,,,,,,,,,
ds-128655,MEDIA,,,,,,6673aa_18f81f228a1a4975af0fca0e022d6159~mv2.jpg,,,,,,,,,,,,,,,,,,,,,,,,,,,,,,,,,,,,,,,,,,,,,,,,,,,,,,,,,,,,,,,,,,,,,,,,,,,,,,,,,,,,,
ds-128655,MEDIA,,,,,,6673aa_a5bd2f99b762426ab06f79f793255f88~mv2.jpg,,,,,,,,,,,,,,,,,,,,,,,,,,,,,,,,,,,,,,,,,,,,,,,,,,,,,,,,,,,,,,,,,,,,,,,,,,,,,,,,,,,,,
ds-128653,PRODUCT,Tissot T Touch Sport Connect,true,"<p>Gehäuse und Band aus Titan, Oberfläche: matt / poliert, Keramiklünette schwarz, Saphirglas, Solar / Ladegerät, Durchmesser: 43mm, Folgende Fuktionen hat die Uhr: Ewiger Kalender, Alarm, Zeit, Zeitzonen, Automatische Sommerzeit, Timer, Chronograph mit Zwischenzeiten (SPLIT), Chronograph mit Rundenzeiten (LAP), Chronograph mit Logbuch, Schrittzähler, Verbrannte Kalorien, Zurückgelegte Distanz, Benachrichtigungen, Verbindungs-Alarm, Eco-Modus, Automatischer Ruhemodus (Sleep Mode), Geschwindigkeit, Herzfrequenz, Höhe, Eingehende Anrufe, Aufforderungen zum Bewegen, Wasserdicht bis 5bar, zwei Jahre GarantieReferenz: T153.420.44.051.00Verfügbar in der Bijouterie am Bogen in Bremgarten AG</p>",uhren;herrenuhren;tissot,uhren,,,,Tissot,1045,,,,,,628.35,1,false,,,128653,T153.420.44.051.00,,,,,,,,,,,,,,,,,,,,,,,,,,,,,,,,,,,,,,,,,,,,,,,,,,,,,,,,,,,,,,,,,,,,,
ds-128653,MEDIA,,,,,,6673aa_5cdc2b5d379445bfa4df5565b9543370~mv2.png,,,,,,,,,,,,,,,,,,,,,,,,,,,,,,,,,,,,,,,,,,,,,,,,,,,,,,,,,,,,,,,,,,,,,,,,,,,,,,,,,,,,,
ds-128653,MEDIA,,,,,,6673aa_18e2218245a04ea9bbc791142e2a887e~mv2.jpg,,,,,,,,,,,,,,,,,,,,,,,,,,,,,,,,,,,,,,,,,,,,,,,,,,,,,,,,,,,,,,,,,,,,,,,,,,,,,,,,,,,,,
ds-128653,MEDIA,,,,,,6673aa_693fc214dcb0443090a5e7afd4cf20db~mv2.jpg,,,,,,,,,,,,,,,,,,,,,,,,,,,,,,,,,,,,,,,,,,,,,,,,,,,,,,,,,,,,,,,,,,,,,,,,,,,,,,,,,,,,,
ds-128653,MEDIA,,,,,,6673aa_5d706f72261544c7b54fc00c15ffd40b~mv2.jpg,,,,,,,,,,,,,,,,,,,,,,,,,,,,,,,,,,,,,,,,,,,,,,,,,,,,,,,,,,,,,,,,,,,,,,,,,,,,,,,,,,,,,
ds-128653,MEDIA,,,,,,6673aa_3f9eb590525f41bdb5432aea290bd042~mv2.jpg,,,,,,,,,,,,,,,,,,,,,,,,,,,,,,,,,,,,,,,,,,,,,,,,,,,,,,,,,,,,,,,,,,,,,,,,,,,,,,,,,,,,,
ds-132063,PRODUCT,Thomas Sabo Charm Club Anhänger,false,"<p>gearbeitet in 925 Silber vergoldet, Oberfläche: poliert, mit einem weissen Zirkonia, Schlüssel, zwei Jahre GarantieReferenz: CC1241-414-14Verfügbar in der Bijouterie am Bogen in Bremgarten AG</p>",schmuck;anhaenger;thomas-sabo,schmuck,,,,Thomas Sabo,59,,,,,,22.7,1,false,,,132063,CC1241-414-14,,,,,,,,,,,,,,,,,,,,,,,,,,,,,,,,,,,,,,,,,,,,,,,,,,,,,,,,,,,,,,,,,,,,,
ds-126109,PRODUCT,Tissot Supersport,true,"<p>Gehäuse und Band aus Edelstahl, Quarzwerk, Chrono, Saphiglas, Zifferblatt blau mit Datumsanzeige, Wasserdicht bis 10bar, zwei Jahre GarantieReferenz: T125.617.11.041.00Verfügbar in der Bijouterie am Bogen in Bremgarten AG</p>",uhren;herrenuhren;tissot,uhren,,,,Tissot,455,,,,,,247.9,1,false,,,126109,T125.617.11.041.00,,,,,,,,,,,,,,,,,,,,,,,,,,,,,,,,,,,,,,,,,,,,,,,,,,,,,,,,,,,,,,,,,,,,,
ds-126109,MEDIA,,,,,,6673aa_fb25c0eb5d1e4f80828953051096c5f5~mv2.png,,,,,,,,,,,,,,,,,,,,,,,,,,,,,,,,,,,,,,,,,,,,,,,,,,,,,,,,,,,,,,,,,,,,,,,,,,,,,,,,,,,,,
ds-126109,MEDIA,,,,,,6673aa_97d07521c42642a1954616b415a1575d~mv2.jpg,,,,,,,,,,,,,,,,,,,,,,,,,,,,,,,,,,,,,,,,,,,,,,,,,,,,,,,,,,,,,,,,,,,,,,,,,,,,,,,,,,,,,
ds-121141,PRODUCT,Tissot Supersport,true,"<p>Gehäuse aus Edelstahl PVD rosé mit Lederband schwarz, Quarzwerk Chrono, Zifferblatt schwarz mit Datumsanzeige, Durchmesser 45mm, Wasserdicht bis 10bar, zwei Jahre GarantieReferenz: T125.617.36.051.00Verfügbar in der Bijouterie am Bogen in Bremgarten AG</p>",uhren;herrenuhren;tissot,uhren,,,,Tissot,455,,,,,,253.5,1,false,,,121141,T125.617.36.051.00,,,,,,,,,,,,,,,,,,,,,,,,,,,,,,,,,,,,,,,,,,,,,,,,,,,,,,,,,,,,,,,,,,,,,
ds-121141,MEDIA,,,,,,6673aa_31bddb1ac9db4e04832aeba1964d8467~mv2.png,,,,,,,,,,,,,,,,,,,,,,,,,,,,,,,,,,,,,,,,,,,,,,,,,,,,,,,,,,,,,,,,,,,,,,,,,,,,,,,,,,,,,
ds-121141,MEDIA,,,,,,6673aa_c011abc925d04f7d93206a08dc4d42b4~mv2.png,,,,,,,,,,,,,,,,,,,,,,,,,,,,,,,,,,,,,,,,,,,,,,,,,,,,,,,,,,,,,,,,,,,,,,,,,,,,,,,,,,,,,
ds-121141,MEDIA,,,,,,6673aa_da4a873918644ea2ae76fddd6cd870dc~mv2.jpg,,,,,,,,,,,,,,,,,,,,,,,,,,,,,,,,,,,,,,,,,,,,,,,,,,,,,,,,,,,,,,,,,,,,,,,,,,,,,,,,,,,,,
ds-121141,MEDIA,,,,,,6673aa_7ec07561f817498bacebe2a6aa8ff456~mv2.png,,,,,,,,,,,,,,,,,,,,,,,,,,,,,,,,,,,,,,,,,,,,,,,,,,,,,,,,,,,,,,,,,,,,,,,,,,,,,,,,,,,,,
ds-121141,MEDIA,,,,,,6673aa_c1e2d70efe62437c962b02b4b9372f1c~mv2.png,,,,,,,,,,,,,,,,,,,,,,,,,,,,,,,,,,,,,,,,,,,,,,,,,,,,,,,,,,,,,,,,,,,,,,,,,,,,,,,,,,,,,
ds-132083,PRODUCT,Thomas Sabo Charm Club Anhänger,false,"<p>gearbeitet in 925 Silber geschwärzt, Oberfläche: poliert, mit weissen und schwarzen Zirkonia, Herz, zwei Jahre GarantieReferenz: CC1286-643-11Verfügbar in der Bijouterie am Bogen in Bremgarten AG</p>",schmuck;anhaenger;thomas-sabo,schmuck,,,,Thomas Sabo,95,,,,,,36.55,1,false,,,132083,CC1286-643-11,,,,,,,,,,,,,,,,,,,,,,,,,,,,,,,,,,,,,,,,,,,,,,,,,,,,,,,,,,,,,,,,,,,,,
ds-132062,PRODUCT,Thomas Sabo Charm Club Anhänger,false,"<p>gearbeitet in 925 Silber vergoldet, Oberfläche: poliert, mit einem weissen Zirkonia, Stern, zwei Jahre GarantieReferenz: CC1238-414-14Verfügbar in der Bijouterie am Bogen in Bremgarten AG</p>",schmuck;anhaenger;thomas-sabo,schmuck,,,,Thomas Sabo,69,,,,,,26.55,1,false,,,132062,CC1238-414-14,,,,,,,,,,,,,,,,,,,,,,,,,,,,,,,,,,,,,,,,,,,,,,,,,,,,,,,,,,,,,,,,,,,,,
ds-132059,PRODUCT,Thomas Sabo Charm Club Anhänger,false,"<p>gearbeitet in 925 Silber vergoldet, Oberfläche: poliert, Kleeblatt, zwei Jahre GarantieReferenz: CC1236-413-39Verfügbar in der Bijouterie am Bogen in Bremgarten AG</p>",schmuck;anhaenger;thomas-sabo,schmuck,,,,Thomas Sabo,69,,,,,,26.55,1,false,,,132059,CC1236-413-39,,,,,,,,,,,,,,,,,,,,,,,,,,,,,,,,,,,,,,,,,,,,,,,,,,,,,,,,,,,,,,,,,,,,,
ds-132058,PRODUCT,Thomas Sabo Charm Club Anhänger,false,"<p>gearbeitet in 925 Silber, Oberfläche: poliert, mit weissen Zirkonia, Schleife, zwei Jahre GarantieReferenz: CC1235-051-14Verfügbar in der Bijouterie am Bogen in Bremgarten AG</p>",schmuck;anhaenger;thomas-sabo,schmuck,,,,Thomas Sabo,59,,,,,,22.7,1,false,,,132058,CC1235-051-14,,,,,,,,,,,,,,,,,,,,,,,,,,,,,,,,,,,,,,,,,,,,,,,,,,,,,,,,,,,,,,,,,,,,,
ds-124308,PRODUCT,Tissot Seastar 2000,true,"<p>Gehäuse und Band aus Edelstahl, Automatikwerk mit bis zu 80 Stunden Gangreserve, Durchmesser: 46 mm, gewölbtes Safirglas mit Entspieglungsbeschichtung, Keramik Lünette, Zifferblatt türkis mit Datumsanzeige, Krone und Gehäuseboden verschraubt, Heliumventil, Saphirglasboden, Gemäss ISO 6425 als Taucheruhr zertifiziert, Wasserdicht bis zu 60bar, zwei Jahre GarantieReferenz: T120.607.11.041.00Verfügbar in der Bijouterie am Bogen in Bremgarten AG</p>",herrenuhren;uhren;tissot,uhren,,,,Tissot,1065,,,,,,591.1,1,false,,,124308,T120.607.11.041.00,,,,,,,,,,,,,,,,,,,,,,,,,,,,,,,,,,,,,,,,,,,,,,,,,,,,,,,,,,,,,,,,,,,,,
ds-124308,MEDIA,,,,,,6673aa_2231e9d3f5854a899e4908e131a91d1f~mv2.png,,,,,,,,,,,,,,,,,,,,,,,,,,,,,,,,,,,,,,,,,,,,,,,,,,,,,,,,,,,,,,,,,,,,,,,,,,,,,,,,,,,,,
ds-124308,MEDIA,,,,,,6673aa_694b799b65454bb7916b6f22d902260d~mv2.jpg,,,,,,,,,,,,,,,,,,,,,,,,,,,,,,,,,,,,,,,,,,,,,,,,,,,,,,,,,,,,,,,,,,,,,,,,,,,,,,,,,,,,,
ds-124308,MEDIA,,,,,,6673aa_e78a91fa9ad94eaa9e111b1a91dbb595~mv2.jpg,,,,,,,,,,,,,,,,,,,,,,,,,,,,,,,,,,,,,,,,,,,,,,,,,,,,,,,,,,,,,,,,,,,,,,,,,,,,,,,,,,,,,
ds-124308,MEDIA,,,,,,6673aa_6fe155560dc64054a2dfb5b7d86eadb0~mv2.jpg,,,,,,,,,,,,,,,,,,,,,,,,,,,,,,,,,,,,,,,,,,,,,,,,,,,,,,,,,,,,,,,,,,,,,,,,,,,,,,,,,,,,,
ds-124308,MEDIA,,,,,,6673aa_69f995c5f87b4da28ebf5e7badde27c8~mv2.jpg,,,,,,,,,,,,,,,,,,,,,,,,,,,,,,,,,,,,,,,,,,,,,,,,,,,,,,,,,,,,,,,,,,,,,,,,,,,,,,,,,,,,,
ds-122360,PRODUCT,Tissot T Touch Connect,true,"<p>Gehäuse und Band aus Titan, Saphirglas, Zifferblatt schwarz Solar, Durchmesser 47mm, Keramiklunette, Wasserdicht bis 10bar - 2 Jahre GarantieReferenz: T121.420.44.051.00Verfügbar in der Bijouterie am Bogen in Bremgarten AG</p>",herrenuhren;uhren;tissot,uhren,,,,Tissot,1125,,,,,,676.45,1,false,,,122360,T121.420.44.051.00,,,,,,,,,,,,,,,,,,,,,,,,,,,,,,,,,,,,,,,,,,,,,,,,,,,,,,,,,,,,,,,,,,,,,
ds-122360,MEDIA,,,,,,6673aa_5510daee15894bb1ad567c96b6ffceeb~mv2.png,,,,,,,,,,,,,,,,,,,,,,,,,,,,,,,,,,,,,,,,,,,,,,,,,,,,,,,,,,,,,,,,,,,,,,,,,,,,,,,,,,,,,
ds-122360,MEDIA,,,,,,6673aa_c9c3329796754a6a92464d1401d113bb~mv2.jpg,,,,,,,,,,,,,,,,,,,,,,,,,,,,,,,,,,,,,,,,,,,,,,,,,,,,,,,,,,,,,,,,,,,,,,,,,,,,,,,,,,,,,
ds-122360,MEDIA,,,,,,6673aa_fc288e27f754464db450a84da41954e8~mv2.jpg,,,,,,,,,,,,,,,,,,,,,,,,,,,,,,,,,,,,,,,,,,,,,,,,,,,,,,,,,,,,,,,,,,,,,,,,,,,,,,,,,,,,,
ds-122360,MEDIA,,,,,,6673aa_5b94edc732da49efb51f7dbb89875153~mv2.jpg,,,,,,,,,,,,,,,,,,,,,,,,,,,,,,,,,,,,,,,,,,,,,,,,,,,,,,,,,,,,,,,,,,,,,,,,,,,,,,,,,,,,,
ds-122360,MEDIA,,,,,,6673aa_26e3f0247af94ff3b48aab773cb134b0~mv2.jpg,,,,,,,,,,,,,,,,,,,,,,,,,,,,,,,,,,,,,,,,,,,,,,,,,,,,,,,,,,,,,,,,,,,,,,,,,,,,,,,,,,,,,
ds-122360,MEDIA,,,,,,6673aa_7bfe5f4b76ae4a75bed29c60ccdaace0~mv2.jpg,,,,,,,,,,,,,,,,,,,,,,,,,,,,,,,,,,,,,,,,,,,,,,,,,,,,,,,,,,,,,,,,,,,,,,,,,,,,,,,,,,,,,
ds-122360,MEDIA,,,,,,6673aa_aa0fceced6ed4d65a5cbfdcd37e859fd~mv2.jpg,,,,,,,,,,,,,,,,,,,,,,,,,,,,,,,,,,,,,,,,,,,,,,,,,,,,,,,,,,,,,,,,,,,,,,,,,,,,,,,,,,,,,
ds-132057,PRODUCT,Thomas Sabo Charm Club Anhänger,false,"<p>gearbeitet in 925 Silber, Oberfläche: poliert, mit einem Lab Grown Rubin, Herz, zwei Jahre GarantieReferenz: CC1234-011-10Verfügbar in der Bijouterie am Bogen in Bremgarten AG</p>",schmuck;anhaenger;thomas-sabo,schmuck,,,,Thomas Sabo,45,,,,,,17.3,1,false,,,132057,CC1234-011-10,,,,,,,,,,,,,,,,,,,,,,,,,,,,,,,,,,,,,,,,,,,,,,,,,,,,,,,,,,,,,,,,,,,,,
ds-130596,PRODUCT,Tissot PRS 516,true,"<p>Gehäuse und Band aus Edelstahl PVD rosé, Oberfläche: matt / poliert, Quarzwerk mit Chronograph, EOL, Saphirglas, Zifferblatt schwarz mit Index, Durchmesser 41mm, Wasserdicht bis 10bar, zwei Jahre GarantieReferenz: T149.417.33.051.00Verfügbar in der Bijouterie am Bogen in Bremgarten AG</p>",uhren;herrenuhren;tissot,uhren,,,,Tissot,565,,,,,,313.6,1,false,,,130596,T149.417.33.051.00,,,,,,,,,,,,,,,,,,,,,,,,,,,,,,,,,,,,,,,,,,,,,,,,,,,,,,,,,,,,,,,,,,,,,
ds-130596,MEDIA,,,,,,6673aa_4aa5e1e8c84c4037a8091b4a2b438626~mv2.png,,,,,,,,,,,,,,,,,,,,,,,,,,,,,,,,,,,,,,,,,,,,,,,,,,,,,,,,,,,,,,,,,,,,,,,,,,,,,,,,,,,,,
ds-129118,PRODUCT,Tissot PRS 516,true,"<p>Gehäuse und Band aus Edelstahl PVD vergoldet, Oberfläche: matt / poliert, Quarzwerk mit Chronograph, EOL, Saphirglas, Zifferblatt schwarz mit Index, Durchmesser 41mm, Wasserdicht bis 10bar, zwei Jahre GarantieReferenz: T149.417.22.051.00Verfügbar in der Bijouterie am Bogen in Bremgarten AG</p>",uhren;herrenuhren;tissot,uhren,,,,Tissot,525,,,,,,291.4,1,false,,,129118,T149.417.22.051.00,,,,,,,,,,,,,,,,,,,,,,,,,,,,,,,,,,,,,,,,,,,,,,,,,,,,,,,,,,,,,,,,,,,,,
ds-129118,MEDIA,,,,,,6673aa_ab20cfa9cc2d41f0aa53c71111367c17~mv2.png,,,,,,,,,,,,,,,,,,,,,,,,,,,,,,,,,,,,,,,,,,,,,,,,,,,,,,,,,,,,,,,,,,,,,,,,,,,,,,,,,,,,,
ds-129117,PRODUCT,Tissot PRS 516,true,"<p>Gehäuse und Band aus Edelstahl, Oberfläche: matt / poliert, Quarzwerk mit Chronograph, EOL, Saphirglas, Zifferblatt schwarz mit Index, Durchmesser 41mm, Wasserdicht bis 10bar, zwei Jahre GarantieReferenz: T149.417.11.051.00Verfügbar in der Bijouterie am Bogen in Bremgarten AG</p>",uhren;herrenuhren;tissot,,,,,Tissot,475,,,,,,263.65,1,false,,,129117,T149.417.11.051.00,,,,,,,,,,,,,,,,,,,,,,,,,,,,,,,,,,,,,,,,,,,,,,,,,,,,,,,,,,,,,,,,,,,,,
ds-129117,MEDIA,,,,,,6673aa_6f86f1089ae7405a839a93756d7bffa8~mv2.png,,,,,,,,,,,,,,,,,,,,,,,,,,,,,,,,,,,,,,,,,,,,,,,,,,,,,,,,,,,,,,,,,,,,,,,,,,,,,,,,,,,,,
ds-129117,MEDIA,,,,,,6673aa_be217a434a464bc09c48f480f8aec12a~mv2.png,,,,,,,,,,,,,,,,,,,,,,,,,,,,,,,,,,,,,,,,,,,,,,,,,,,,,,,,,,,,,,,,,,,,,,,,,,,,,,,,,,,,,
ds-129117,MEDIA,,,,,,6673aa_73e048e1c4f74ca6a7b7bbe3cd021f8d~mv2.png,,,,,,,,,,,,,,,,,,,,,,,,,,,,,,,,,,,,,,,,,,,,,,,,,,,,,,,,,,,,,,,,,,,,,,,,,,,,,,,,,,,,,
ds-132056,PRODUCT,Thomas Sabo Charm Club Anhänger,false,"<p>gearbeitet in 925 Silber, Oberfläche: poliert, Schlüssel mit Herz, zwei Jahre GarantieReferenz: CC1233-001-21Verfügbar in der Bijouterie am Bogen in Bremgarten AG</p>",schmuck;anhaenger;thomas-sabo,,,,,Thomas Sabo,45,,,,,,17.3,1,false,,,132056,CC1233-001-21,,,,,,,,,,,,,,,,,,,,,,,,,,,,,,,,,,,,,,,,,,,,,,,,,,,,,,,,,,,,,,,,,,,,,
ds-125338,PRODUCT,Tissot PRS 516,true,"<p>Gehäuse und Band aus Edelstahl, Powermatic 80 Uhrwerk, Zifferblatt: blau Day - Date, Saphirglas, Durchmesser: 42mm, Wasserdicht bis 10bar, Sichtboden, 2 Jahre GarantieReferenz: T131.430.11.042.00Verfügbar in der Bijouterie am Bogen in Bremgarten AG</p>",uhren;herrenuhren;tissot,uhren,,,,Tissot,725,,,,,,387.2,1,false,,,125338,T131.430.11.042.00,,,,,,,,,,,,,,,,,,,,,,,,,,,,,,,,,,,,,,,,,,,,,,,,,,,,,,,,,,,,,,,,,,,,,
ds-125338,MEDIA,,,,,,6673aa_4f909d1219034e19bde6235a34b60304~mv2.png,,,,,,,,,,,,,,,,,,,,,,,,,,,,,,,,,,,,,,,,,,,,,,,,,,,,,,,,,,,,,,,,,,,,,,,,,,,,,,,,,,,,,
ds-125338,MEDIA,,,,,,6673aa_ebea87c6284e4a968d83e4d6ce17cbff~mv2.jpg,,,,,,,,,,,,,,,,,,,,,,,,,,,,,,,,,,,,,,,,,,,,,,,,,,,,,,,,,,,,,,,,,,,,,,,,,,,,,,,,,,,,,
ds-126450,PRODUCT,Tissot PRC 200,true,"<p>Gehäuse und Band aus Edelstahl, Quarzwerk, Saphirglas, Zifferblatt schwarz, Durchmesser 43mm, Wasserdicht bis 20bar, zwei Jahre GarantieReferenz: T114.417.11.057.00Verfügbar in der Bijouterie am Bogen in Bremgarten AG</p>",uhren;herrenuhren;tissot,uhren,,,,Tissot,485,,,,,,259.05,1,false,,,126450,T114.417.11.057.00,,,,,,,,,,,,,,,,,,,,,,,,,,,,,,,,,,,,,,,,,,,,,,,,,,,,,,,,,,,,,,,,,,,,,
ds-126450,MEDIA,,,,,,6673aa_5d986a83ba0e4d129000197a7c48bf78~mv2.png,,,,,,,,,,,,,,,,,,,,,,,,,,,,,,,,,,,,,,,,,,,,,,,,,,,,,,,,,,,,,,,,,,,,,,,,,,,,,,,,,,,,,
ds-126450,MEDIA,,,,,,6673aa_ece9dfaf10554087bec912d68a2e545b~mv2.jpg,,,,,,,,,,,,,,,,,,,,,,,,,,,,,,,,,,,,,,,,,,,,,,,,,,,,,,,,,,,,,,,,,,,,,,,,,,,,,,,,,,,,,
ds-126450,MEDIA,,,,,,6673aa_6503700c88c4448ca70a31df4b1a9649~mv2.jpg,,,,,,,,,,,,,,,,,,,,,,,,,,,,,,,,,,,,,,,,,,,,,,,,,,,,,,,,,,,,,,,,,,,,,,,,,,,,,,,,,,,,,
ds-126081,PRODUCT,Tissot PRC 200,true,"<p>Gehäuse aus Edelstahl, mit einem Kautschukband, Quarzwerk, Saphirglas, Zifferblatt schwarz, Durchmesser 42mm, Wasserdicht bis 20bar, zwei Jahre GarantieReferenz: T114.417.17.057.00Verfügbar in der Bijouterie am Bogen in Bremgarten AG</p>",uhren;herrenuhren;tissot,uhren,,,,Tissot,445,,,,,,236.75,1,false,,,126081,T114.417.17.057.00,,,,,,,,,,,,,,,,,,,,,,,,,,,,,,,,,,,,,,,,,,,,,,,,,,,,,,,,,,,,,,,,,,,,,
ds-126081,MEDIA,,,,,,6673aa_aa04fbc0c5fb4850bd8fd4dc505f08a5~mv2.png,,,,,,,,,,,,,,,,,,,,,,,,,,,,,,,,,,,,,,,,,,,,,,,,,,,,,,,,,,,,,,,,,,,,,,,,,,,,,,,,,,,,,
ds-131752,PRODUCT,Tissot PRC 100 Solar,true,"<p>Gehäuse und Band aus Edelstahl, Oberfläche: matt, Quartz-Solar Werk, Saphirglas, Zifferblatt hellblau mit Index und Datumsanzeige, Durchmesser 34mm, Wasserdicht bis 10bar, 3 Jahre GarantieReferenz: T151.822.11.351.00Verfügbar in der Bijouterie am Bogen in Bremgarten AG</p>",uhren;damenuhren;tissot,uhren,,,,Tissot,455,,,,,,252.55,1,false,,,131752,T151.822.11.351.00,,,,,,,,,,,,,,,,,,,,,,,,,,,,,,,,,,,,,,,,,,,,,,,,,,,,,,,,,,,,,,,,,,,,,
ds-131752,MEDIA,,,,,,6673aa_c5703b93ffe547e4898ef0d09ef46cc6~mv2.png,,,,,,,,,,,,,,,,,,,,,,,,,,,,,,,,,,,,,,,,,,,,,,,,,,,,,,,,,,,,,,,,,,,,,,,,,,,,,,,,,,,,,
ds-131556,PRODUCT,Tissot Seastar,true,"<p>Gehäuse und Band aus Edelstahl PVD schwarz, Oberfläche: matt/poliert, Quarzwerk, Saphirglas, Zifferblatt grün mit Datumsanzeige, Durchmesser: 40mm, Wasserdicht bis 30bar, zwei Jahre GarantieReferenz: T120.410.33.091.00Verfügbar in der Bijouterie am Bogen in Bremgarten AG</p>",uhren;herrenuhren;tissot,uhren,,,,Tissot,465,,,,,,258.1,1,false,,,131556,T120.410.33.091.00,,,,,,,,,,,,,,,,,,,,,,,,,,,,,,,,,,,,,,,,,,,,,,,,,,,,,,,,,,,,,,,,,,,,,
ds-131556,MEDIA,,,,,,6673aa_28469d39da3941e68f3d88c762538961~mv2.png,,,,,,,,,,,,,,,,,,,,,,,,,,,,,,,,,,,,,,,,,,,,,,,,,,,,,,,,,,,,,,,,,,,,,,,,,,,,,,,,,,,,,
ds-131556,MEDIA,,,,,,6673aa_64ace4a9c9394cc58438edf1b8beb281~mv2.jpg,,,,,,,,,,,,,,,,,,,,,,,,,,,,,,,,,,,,,,,,,,,,,,,,,,,,,,,,,,,,,,,,,,,,,,,,,,,,,,,,,,,,,
ds-131556,MEDIA,,,,,,6673aa_da04573480644c7d8eb1c8f8b5700eb1~mv2.jpg,,,,,,,,,,,,,,,,,,,,,,,,,,,,,,,,,,,,,,,,,,,,,,,,,,,,,,,,,,,,,,,,,,,,,,,,,,,,,,,,,,,,,
ds-115637,PRODUCT,Tissot PR 100,true,"<p>Edelstahlgehäuse und -band PVD rosé, Quarzwerk, Zifferblatt weiss mit Datumsanzeige, Saphirglas, Faltschliesse, 10bar Wasserdicht, zwei Jahre GarantieReferenz: T101.210.22.031.01Verfügbar in der Bijouterie am Bogen in Bremgarten AG</p>",uhren;damenuhren;tissot,uhren,,,,Tissot,345,,,,,,192.2,1,false,,,115637,T101.210.22.031.01,,,,,,,,,,,,,,,,,,,,,,,,,,,,,,,,,,,,,,,,,,,,,,,,,,,,,,,,,,,,,,,,,,,,,
ds-115637,MEDIA,,,,,,6673aa_e726767f1c83464c82826ba968e88515~mv2.png,,,,,,,,,,,,,,,,,,,,,,,,,,,,,,,,,,,,,,,,,,,,,,,,,,,,,,,,,,,,,,,,,,,,,,,,,,,,,,,,,,,,,
ds-123368,PRODUCT,ICE Watch Cartoon XS Dino,true,"<p>blau Kunststoffband, Quarzwerk, Size: Extra Small, 10bar Wasserdicht, zwei Jahre GarantieReferenz: 018 931Verfügbar in der Bijouterie am Bogen in Bremgarten AG</p>",uhren;kinderuhren;ice-watch,uhren,,,,ICE Watch,89,,,,,,44.5,1,false,,,123368,018 931,,,,,,,,,,,,,,,,,,,,,,,,,,,,,,,,,,,,,,,,,,,,,,,,,,,,,,,,,,,,,,,,,,,,,
ds-123368,MEDIA,,,,,,6673aa_d6573182fa8a4f8380b6721a2b7dbd91~mv2.jpg,,,,,,,,,,,,,,,,,,,,,,,,,,,,,,,,,,,,,,,,,,,,,,,,,,,,,,,,,,,,,,,,,,,,,,,,,,,,,,,,,,,,,
ds-124832,PRODUCT,ICE Watch Cartoon Spieder XS,true,"<p>Gehäuse aus Kunststoff dunkelblau mit Silikonband rot, Quartzwerk, Zifferblatt weiss mit roten Zahlen, Wasserdicht bis 3bar, zwei Jahre GarnatieReferenz: 018 933Verfügbar in der Bijouterie Am Bogen in Bremgarten AG und in der Bijouterie Droz in Zofingen AG</p>",uhren;kinderuhren;ice-watch,uhren,,,,ICE Watch,89,,,,,,44.5,2,false,,,124832,018 933,,,,,,,,,,,,,,,,,,,,,,,,,,,,,,,,,,,,,,,,,,,,,,,,,,,,,,,,,,,,,,,,,,,,,
ds-124832,MEDIA,,,,,,6673aa_024ce273fd1f4db8bf1b81e091b2dc90~mv2.png,,,,,,,,,,,,,,,,,,,,,,,,,,,,,,,,,,,,,,,,,,,,,,,,,,,,,,,,,,,,,,,,,,,,,,,,,,,,,,,,,,,,,
ds-131301,PRODUCT,Thomas Sabo Jewellery Einelne Creole,false,"<p>gearbeitetet in 925 Silber vergoldet, Oberfläche: poliert, mit weissen Zirkonia, Durchmesser: 12mm, zwei Jahre GarantieReferenz: CR658-414-14Verfügbar in der Bijouterie am Bogen in Bremgarten AG</p>",schmuck;ohrschmuck;thomas-sabo,schmuck,,,,Thomas Sabo,59,,,,,,24.6,3,false,,,131301,CR658-414-14,,,,,,,,,,,,,,,,,,,,,,,,,,,,,,,,,,,,,,,,,,,,,,,,,,,,,,,,,,,,,,,,,,,,,
ds-131300,PRODUCT,Thomas Sabo Jewellery Einelne Creole,false,"<p>gearbeitetet in 925 Silber, Oberfläche: poliert, mit weissen Zirkonia, Durchmesser: 12mm, zwei Jahre GarantieReferenz: CR658-051-14Verfügbar in der Bijouterie am Bogen in Bremgarten AG</p>",schmuck;ohrschmuck;thomas-sabo,schmuck,,,,Thomas Sabo,45,,,,,,18.75,2,false,,,131300,CR658-051-14,,,,,,,,,,,,,,,,,,,,,,,,,,,,,,,,,,,,,,,,,,,,,,,,,,,,,,,,,,,,,,,,,,,,,
ds-130579,PRODUCT,Thomas Sabo Jewellery Creolen,false,"<p>gearbeitet in 925 Silber, Oberfläche: poliert, Durchmesser: 60mm, zwei Jahre GarantieReferenz: CR729-001-21Verfügbar in der Bijouterie am Bogen in Bremgarten AG</p>",schmuck;ohrschmuck;thomas-sabo,schmuck,,,,Thomas Sabo,95,,,,,,39.6,1,false,,,130579,CR729-001-21,,,,,,,,,,,,,,,,,,,,,,,,,,,,,,,,,,,,,,,,,,,,,,,,,,,,,,,,,,,,,,,,,,,,,
ds-130308,PRODUCT,Thomas Sabo Jewellery Damenring,false,"<p>gearbeitet in 925 Sterlingsilber vergoldet, Oberfläche: poliert, mit einem weissen Zirkonia, Rose, Grösse: 54, 2 Jahre GarantieReferenz: TR2482-414-39-54Verfügbar in der Bijouterie am Bogen in Bremgarten AG</p>",schmuck;ringe;thomas-sabo,schmuck,,,,Thomas Sabo,115,,,,,,47.9,1,false,,,130308,TR2482-414-39-54,,,,,,,,,,,,,,,,,,,,,,,,,,,,,,,,,,,,,,,,,,,,,,,,,,,,,,,,,,,,,,,,,,,,,
ds-130278,PRODUCT,Thomas Sabo Jewellery Damenring,false,"<p>gearbeitet in 925 Sterlingsilber, Oberfläche: poliert, mit weissen Zirkonia, Grösse: 52, 2 Jahre GarantieReferenz: TR2462-051-14-52Verfügbar in der Bijouterie am Bogen in Bremgarten AG</p>",schmuck;ringe;thomas-sabo,schmuck,,,,Thomas Sabo,115,,,,,,47.9,1,false,,,130278,TR2462-051-14-52,,,,,,,,,,,,,,,,,,,,,,,,,,,,,,,,,,,,,,,,,,,,,,,,,,,,,,,,,,,,,,,,,,,,,
ds-130277,PRODUCT,Thomas Sabo Jewellery Damenring,false,"<p>gearbeitet in 925 Sterlingsilber, Oberfläche: poliert, mit weissen Zirkonia, Grösse: 56, 2 Jahre GarantieReferenz: TR2460-051-14-56Verfügbar in der Bijouterie am Bogen in Bremgarten AG</p>",schmuck;ringe;thomas-sabo,,,,,Thomas Sabo,175,,,,,,72.9,2,false,,,130277,TR2460-051-14-56,,,,,,,,,,,,,,,,,,,,,,,,,,,,,,,,,,,,,,,,,,,,,,,,,,,,,,,,,,,,,,,,,,,,,
ds-130271,PRODUCT,Thomas Sabo Jewellery Collier,false,"<p>gearbeitet in 925 Silber, Ankerkette, Länge: 40 bis 45cm, Anhänger Herz mit weissen Zirkonia, Karabinerverschluss, zwei Jahre GarantieReferenz: KE2277-051-14-L45VVerfügbar in der Bijouterie am Bogen in Bremgarten AG</p>",schmuck;colliers;thomas-sabo,,,,,Thomas Sabo,159,,,,,,66.25,2,false,,,130271,KE2277-051-14-L45V,,,,,,,,,,,,,,,,,,,,,,,,,,,,,,,,,,,,,,,,,,,,,,,,,,,,,,,,,,,,,,,,,,,,,
ds-130269,PRODUCT,Thomas Sabo Jewellery Ohrstecker,false,"<p>gearbeitet in 925 Sterlingsilber vergoldet, Oberfläche: poliert, 2 Jahre GarantieReferenz: H2308-413-39Verfügbar in der Bijouterie am Bogen in Bremgarten AG</p>",schmuck;ohrschmuck;thomas-sabo,schmuck,,,,Thomas Sabo,159,,,,,,66.25,1,false,,,130269,H2308-413-39,,,,,,,,,,,,,,,,,,,,,,,,,,,,,,,,,,,,,,,,,,,,,,,,,,,,,,,,,,,,,,,,,,,,,
ds-130267,PRODUCT,Thomas Sabo Jewellery Ohrstecker,false,"<p>gearbeitet in 925 Sterlingsilber vergoldet, mit weissen Zirkonia, 2 Jahre GarantieReferenz: H2301-414-14Verfügbar in der Bijouterie am Bogen in Bremgarten AG</p>",schmuck;ohrschmuck;thomas-sabo,schmuck,,,,Thomas Sabo,65,,,,,,27.1,1,false,,,130267,H2301-414-14,,,,,,,,,,,,,,,,,,,,,,,,,,,,,,,,,,,,,,,,,,,,,,,,,,,,,,,,,,,,,,,,,,,,,
ds-126103,PRODUCT,Thomas Sabo Jewellery Armband,false,"<p>gearbeitet in 925 Silber, Oberfläche: poliert, Erbskette, Infinity mit weissen Zirkonia, Länge: 16cm - 19cm, Karabinerverschluss, 2 Jahre GarantieReferenz: A2003-051-14-L19VVerfügbar in der Bijouterie am Bogen in Bremgarten AG</p>",schmuck;bracelets;thomas-sabo,schmuck,,,,Thomas Sabo,69,,,,,,28.75,1,false,,,126103,A2003-051-14-L19V,,,,,,,,,,,,,,,,,,,,,,,,,,,,,,,,,,,,,,,,,,,,,,,,,,,,,,,,,,,,,,,,,,,,,
ds-116149,PRODUCT,Thomas Sabo Jewellery Ohrstecker,false,"<p>gearbeitet in 925 Silber, Oberfläche: poliert, mit weissen Zirkonia, zwei Jahre GarantieReferenz: H1945-051-14Verfügbar in der Bijouterie am Bogen in Bremgarten AG</p>",schmuck;ohrschmuck;thomas-sabo,schmuck,,,,Thomas Sabo,98,,,,,,40.85,1,false,,,116149,H1945-051-14,,,,,,,,,,,,,,,,,,,,,,,,,,,,,,,,,,,,,,,,,,,,,,,,,,,,,,,,,,,,,,,,,,,,,
ds-114396,PRODUCT,Thomas Sabo Jewellery Bracelet,false,"<p>gearbeitet in 925 Sterlingsilber, Ankerkette, mit weissen Zirkonia, Länge: 16.5 - 19.5cm, Karabinerverschluss, zwei Jahre GarantieReferenz: A1553-051-14-L19,5VVerfügbar in der Bijouterie am Bogen in Bremgarten AG</p>",schmuck;bracelets;thomas-sabo,schmuck,,,,Thomas Sabo,95,,,,,,39.6,2,false,,,114396,"A1553-051-14-L19,5V",,,,,,,,,,,,,,,,,,,,,,,,,,,,,,,,,,,,,,,,,,,,,,,,,,,,,,,,,,,,,,,,,,,,,
ds-132931,PRODUCT,Thomas Sabo Rebel at heart Herrenring,false,"<p>gearbeitet in 925 Silber / geschwärzt, Oberfläche: poliert, mit schwarzen Zirkonia, Grösse: 60, zwei Jahre GarantieReferenz: TR2006-051-11-60Verfügbar in der Bijouterie am Bogen in Bremgarten AG</p>",schmuck;ringe;thomas-sabo,schmuck,,,,Thomas Sabo,298,,,,,,124.2,1,false,,,132931,TR2006-051-11-60,,,,,,,,,,,,,,,,,,,,,,,,,,,,,,,,,,,,,,,,,,,,,,,,,,,,,,,,,,,,,,,,,,,,,
ds-132148,PRODUCT,Thomas Sabo Rebel at heart Siegelring,false,"<p>gearbeitet in 925 Sterlingsilber geschwärzt, Oberläche: poliert, mit weissen Zirkonia und Onyx, Grösse: 62, zwei Jahre GarantieReferenz: TR2454-641-11-62Verfügbar in der Bijouterie am Bogen in Bremgarten AG</p>",schmuck;ringe;thomas-sabo,schmuck,,,,Thomas Sabo,298,,,,,,124.2,1,false,,,132148,TR2454-641-11-62,,,,,,,,,,,,,,,,,,,,,,,,,,,,,,,,,,,,,,,,,,,,,,,,,,,,,,,,,,,,,,,,,,,,,
ds-132147,PRODUCT,Thomas Sabo Rebel at heart Herrenring,false,"<p>gearbeitet in 925 Sterlingsilber geschwärzt, Oberläche: poliert, mit schwarzen Zirkonia, Grösse: 64, zwei Jahre GarantieReferenz: TR2453-643-11-64Verfügbar in der Bijouterie am Bogen in Bremgarten AG</p>",schmuck;ringe;thomas-sabo,schmuck,,,,Thomas Sabo,229,,,,,,95.4,1,false,,,132147,TR2453-643-11-64,,,,,,,,,,,,,,,,,,,,,,,,,,,,,,,,,,,,,,,,,,,,,,,,,,,,,,,,,,,,,,,,,,,,,
ds-132144,PRODUCT,Thomas Sabo Rebel at heart Ring,false,"<p>gearbeitet in 925 Sterlingsilber geschwärz, Oberfläche: poliert, mit schwarzen Zirkonia, Grösse: 62, 2 Jahre GarantieReferenz: TR2306-643-11-62Verfügbar in der Bijouterie am Bogen in Bremgarten AG</p>",schmuck;ringe;thomas-sabo,schmuck,,,,Thomas Sabo,175,,,,,,72.9,1,false,,,132144,TR2306-643-11-62,,,,,,,,,,,,,,,,,,,,,,,,,,,,,,,,,,,,,,,,,,,,,,,,,,,,,,,,,,,,,,,,,,,,,
ds-132092,PRODUCT,Thomas Sabo Rebel at heart Tennisbracelet,false,"<p>gearbeitet in 925 Sterlingsilber, mit schwarzen Zirkonia, Länge: 16cm bis 19cm, Karabinerverschluss, 2 Jahre GarantieReferenz: A2167-643-11-L19VVerfügbar in der Bijouterie am Bogen in Bremgarten AG</p>",schmuck;bracelets;thomas-sabo,schmuck,,,,Thomas Sabo,98,,,,,,40.85,1,false,,,132092,A2167-643-11-L19V,,,,,,,,,,,,,,,,,,,,,,,,,,,,,,,,,,,,,,,,,,,,,,,,,,,,,,,,,,,,,,,,,,,,,
ds-132003,PRODUCT,Thomas Sabo Rebel at heart Bracelet,false,"<p>gearbeitet in 925 Sterlingsilber, Ankerkette, Länge: 15cm - 19cm, Durchmesser: 5mm, Karabinerverschluss, 2 Jahre GarantieReferenz: A2006-637-21-L19.5VVerfügbar in der Bijouterie am Bogen in Bremgarten AG</p>",schmuck;bracelets;thomas-sabo,schmuck,,,,Thomas Sabo,175,,,,,,72.9,1,false,,,132003,A2006-637-21-L19.5V,,,,,,,,,,,,,,,,,,,,,,,,,,,,,,,,,,,,,,,,,,,,,,,,,,,,,,,,,,,,,,,,,,,,,
ds-129176,PRODUCT,Thomas Sabo Rebel at heart Panzerkette,false,"<p>gearbeitet in 925 Sterlingsilber geschwärzt, Länge: 55cm, Karabinerverschluss, 2 Jahre GarantieReferenz: KE2081-637-21-L55Verfügbar in der Bijouterie am Bogen in Bremgarten AG</p>",schmuck;colliers;thomas-sabo,,,,,Thomas Sabo,345,,,,,,143.75,1,false,,,129176,KE2081-637-21-L55,,,,,,,,,,,,,,,,,,,,,,,,,,,,,,,,,,,,,,,,,,,,,,,,,,,,,,,,,,,,,,,,,,,,,
ds-131295,PRODUCT,Thomas Sabo Rebel Kingdom Herrenbracelet,false,"<p>mit Tigerauge Beads, Zwischenelement gearbeitet in 925 Silber geschwärzt, Länge: 19cm, 2 Jahre GarantieReferenz: A2183-826-7-L19Verfügbar in der Bijouterie am Bogen in Bremgarten AG</p>",schmuck;bracelets;thomas-sabo,,,,,Thomas Sabo,79,,,,,,32.9,1,false,,,131295,A2183-826-7-L19,,,,,,,,,,,,,,,,,,,,,,,,,,,,,,,,,,,,,,,,,,,,,,,,,,,,,,,,,,,,,,,,,,,,,
ds-130443,PRODUCT,Thomas Sabo Rebel Kingdom Herrenbracelet,false,"<p>mit Tigerauge- und Obsidian-Beads, Zwischenelement gearbeitet in 925 Silber geschwärzt, Länge: 21cm, 2 Jahre GarantieReferenz: A2183-806-7-L19Verfügbar in der Bijouterie am Bogen in Bremgarten AG</p>",schmuck;bracelets;thomas-sabo,schmuck,,,,Thomas Sabo,79,,,,,,32.9,1,false,,,130443,A2183-806-7-L19,,,,,,,,,,,,,,,,,,,,,,,,,,,,,,,,,,,,,,,,,,,,,,,,,,,,,,,,,,,,,,,,,,,,,
ds-127023,PRODUCT,Thomas Sabo Rebel Kingdom Herrenring,false,"<p>gearbeitet in 925 Sterlingsilber geschwärzt, mit einem Onyx, Grösse: 62, zwei Jahre GarantieReferenz: TR2429-507-11-62Verfügbar in der Bijouterie am Bogen in Bremgarten AG</p>",schmuck;ringe;thomas-sabo,schmuck,,,,Thomas Sabo,229,,,,,,95.4,1,false,,,127023,TR2429-507-11-62,,,,,,,,,,,,,,,,,,,,,,,,,,,,,,,,,,,,,,,,,,,,,,,,,,,,,,,,,,,,,,,,,,,,,
ds-131297,PRODUCT,Thomas Sabo Classic Silver Bracelet,false,"<p>gearbeitet in 925 Sterlingsilber, mit weissen und einem gelben Zirkonia, Karabinerverschluss, Länge: 16 bis 19cm, zwei Jahre GarantieReferenz: A2202-051-4-L19VVerfügbar in der Bijouterie am Bogen in Bremgarten AG</p>",schmuck;bracelets;thomas-sabo,,,,,Thomas Sabo,149,,,,,,62.1,1,false,,,131297,A2202-051-4-L19V,,,,,,,,,,,,,,,,,,,,,,,,,,,,,,,,,,,,,,,,,,,,,,,,,,,,,,,,,,,,,,,,,,,,,
ds-130833,PRODUCT,Thomas Sabo Classic Silver Bracelet,false,"<p>gearbeitet in 925 Sterlingsilber gelbvergoldet, mit weissen und gelben Zirkonia, Karabinerverschluss, Länge: 16 bis 19cm, zwei Jahre GarantieReferenz: A2201-414-4-L19VVerfügbar in der Bijouterie am Bogen in Bremgarten AG</p>",schmuck;bracelets;thomas-sabo,,,,,Thomas Sabo,275,,,,,,114.6,1,false,,,130833,A2201-414-4-L19V,,,,,,,,,,,,,,,,,,,,,,,,,,,,,,,,,,,,,,,,,,,,,,,,,,,,,,,,,,,,,,,,,,,,,
ds-123173,PRODUCT,Thomas Sabo Little Secrets Armband Ananas,false,"<p>925 Silber vergoldet, grünes Nylon Band, Länge: 20cm verstellbarReferenz: LS122-379-6-L20vVerfügbar in der Bijouterie am Bogen in Bremgarten AG</p>",schmuck;bracelets;thomas-sabo,schmuck,,,,Thomas Sabo,79,,,,,,32.9,1,false,,,123173,LS122-379-6-L20v,,,,,,,,,,,,,,,,,,,,,,,,,,,,,,,,,,,,,,,,,,,,,,,,,,,,,,,,,,,,,,,,,,,,,
ds-116326,PRODUCT,Thomas Sabo Love Bridge Anhänger Coin Dots rosé,false,"<p>925 Silber rosévergoldet, kann graviert werdenReferenz: LBPE0018-415-40Verfügbar in der Bijouterie am Bogen in Bremgarten AG</p>",schmuck;anhaenger;thomas-sabo,,,,,Thomas Sabo,129,,,,,,53.75,1,false,,,116326,LBPE0018-415-40,,,,,,,,,,,,,,,,,,,,,,,,,,,,,,,,,,,,,,,,,,,,,,,,,,,,,,,,,,,,,,,,,,,,,
ds-115266,PRODUCT,Thomas Sabo Love Bridge Anhänger 925 Silber rosé,false,<p>925 Silber rosévergoldetReferenz: LBPE0013-415-40Verfügbar in der Bijouterie am Bogen in Bremgarten AG</p>,schmuck;anhaenger;thomas-sabo,schmuck,,,,Thomas Sabo,129,,,,,,53.2,1,false,,,115266,LBPE0013-415-40,,,,,,,,,,,,,,,,,,,,,,,,,,,,,,,,,,,,,,,,,,,,,,,,,,,,,,,,,,,,,,,,,,,,,
ds-131322,PRODUCT,Thomas Sabo Jewellery Damenring,false,"<p>gearbeitet in 925 Silber, Oberfläche: poliert, mit weissen Zirkonia, Grösse: 54, zwei Jahre GarantieReferenz: TR2316-051-14-54Verfügbar in der Bijouterie am Bogen in Bremgarten AG</p>",schmuck;ohrschmuck;thomas-sabo,schmuck,,,,Thomas Sabo,98,,,,,,40.85,1,false,,,131322,TR2316-051-14-54,,,,,,,,,,,,,,,,,,,,,,,,,,,,,,,,,,,,,,,,,,,,,,,,,,,,,,,,,,,,,,,,,,,,,
ds-116200,PRODUCT,Thomas Sabo Karma Beads Kette für Silber rosé,false,"<p>925 Silber rosévergoldet, Kugel- und Ankerkette, Länge: 40/42.5/45cmReferenz: KK0004-415-40-L45vVerfügbar in der Bijouterie am Bogen in Bremgarten AG</p>",schmuck;colliers;thomas-sabo,schmuck,,,,Thomas Sabo,115,,,,,,47.9,1,false,,,116200,KK0004-415-40-L45v,,,,,,,,,,,,,,,,,,,,,,,,,,,,,,,,,,,,,,,,,,,,,,,,,,,,,,,,,,,,,,,,,,,,,
ds-132091,PRODUCT,Thomas Sabo Jewellery Bracelet,false,"<p>gearbeitet in 925 Sterlingsilber, Ankerkette, mit weissen Zirkonia, zwei Herzen, Länge: 16cm bis 19cm, Karabinerverschluss, 2 Jahre GarantieReferenz: A2163-051-14-L19VVerfügbar in der Bijouterie am Bogen in Bremgarten AG</p>",schmuck;bracelets;thomas-sabo,,,,,Thomas Sabo,69,,,,,,28.75,1,false,,,132091,A2163-051-14-L19V,,,,,,,,,,,,,,,,,,,,,,,,,,,,,,,,,,,,,,,,,,,,,,,,,,,,,,,,,,,,,,,,,,,,,
ds-132094,PRODUCT,Thomas Sabo Jewellery Creolen,false,"<p>gearbeitet in 925 Silber, Oberfläche: poliert, Durchmesser: 22mm, Steckverschluss, zwei Jahre GarantieReferenz: CR635-001-21Verfügbar in der Bijouterie am Bogen in Bremgarten AG</p>",schmuck;ohrschmuck;thomas-sabo,schmuck,,,,Thomas Sabo,79,,,,,,32.9,1,false,,,132094,CR635-001-21,,,,,,,,,,,,,,,,,,,,,,,,,,,,,,,,,,,,,,,,,,,,,,,,,,,,,,,,,,,,,,,,,,,,,
ds-132162,PRODUCT,Thomas Sabo Uhren Herrenuhr,false,"<p>Gehäuse und Band aus Edelstahl geschwärzt Gravur-Design, Quarzwerk, Zifferblatt blau Datumsanzeige und Tagesanzeige, Mineralglas, Wasserdicht bis 5bar, Durchmesser: 40mm, zwei Jahre GarantieReferenz: WA0439-201-209-40MMVerfügbar in der Bijouterie am Bogen in Bremgarten AG</p>",uhren;herrenuhren;thomas-sabo,uhren,,,,Thomas Sabo,459,,,,,,208.6,1,false,,,132162,WA0439-201-209-40MM,,,,,,,,,,,,,,,,,,,,,,,,,,,,,,,,,,,,,,,,,,,,,,,,,,,,,,,,,,,,,,,,,,,,,
ds-132160,PRODUCT,Thomas Sabo Uhren Damenuhr,false,"<p>Gehäuse und Band aus Edelstahl PVD gelb, Quarzwerk, Zifferblatt weiss mit weissen Zikronia und Datumsanzeige, Mineralglas, Wasserdicht bis 3bar, zwei Jahre GarantieReferenz: WA0429-291-207-22MMVerfügbar in der Bijouterie am Bogen in Bremgarten AG</p>",uhren;damenuhren;thomas-sabo,uhren,,,,Thomas Sabo,459,,,,,,208.6,1,false,,,132160,WA0429-291-207-22MM,,,,,,,,,,,,,,,,,,,,,,,,,,,,,,,,,,,,,,,,,,,,,,,,,,,,,,,,,,,,,,,,,,,,,
ds-132158,PRODUCT,Thomas Sabo Uhren Damenuhr,false,"<p>Gehäuse und Band aus Edelstahl, Quarzwerk, Zifferblatt weiss mit weissen Zikronia und Datumsanzeige, Mineralglas, Wasserdicht bis 3bar, zwei Jahre GarantieReferenz: WA0428-201-201-22MMVerfügbar in der Bijouterie am Bogen in Bremgarten AG</p>",uhren;damenuhren;thomas-sabo,uhren,,,,Thomas Sabo,398,,,,,,180.9,1,false,,,132158,WA0428-201-201-22MM,,,,,,,,,,,,,,,,,,,,,,,,,,,,,,,,,,,,,,,,,,,,,,,,,,,,,,,,,,,,,,,,,,,,,
ds-132156,PRODUCT,Thomas Sabo Uhren Armbanduhr,false,"<p>Gehäuse und Band aus Edelstahl geschwärzt mit einem Gravurdesign, Quarzwerk, Zifferblatt schwarz mit Datumsanzeige und Tagesanzeige, Mineralglas, Durchmesser ca. 36mm, Wasserdicht bis 5bar, zwei Jahre GarantieReferenz: WA0427-201-201-36MMVerfügbar in der Bijouterie am Bogen in Bremgarten AG</p>",uhren;thomas-sabo,uhren,,,,Thomas Sabo,439,,,,,,199.55,1,false,,,132156,WA0427-201-201-36MM,,,,,,,,,,,,,,,,,,,,,,,,,,,,,,,,,,,,,,,,,,,,,,,,,,,,,,,,,,,,,,,,,,,,,
ds-132154,PRODUCT,Thomas Sabo Uhren Damenuhr,false,"<p>Gehäuse und Band aus Edelstahl, Quarzwerk, Zifferblatt rosa mit Datumsanzeige und weissen Zirkonia, Mineralglas, Durchmesser ca. 33mm, Wasserdicht bis 10bar, zwei Jahre GarantieReferenz: WA0401-201-204-33MMVerfügbar in der Bijouterie am Bogen in Bremgarten AG</p>",uhren;damenuhren;thomas-sabo,uhren,,,,Thomas Sabo,345,,,,,,156.8,1,false,,,132154,WA0401-201-204-33MM,,,,,,,,,,,,,,,,,,,,,,,,,,,,,,,,,,,,,,,,,,,,,,,,,,,,,,,,,,,,,,,,,,,,,
ds-132153,PRODUCT,Thomas Sabo Uhren Damenuhr,false,"<p>Gehäuse und Band aus Edelstahl / PVD gelb, Quarzwerk, Zifferblatt schwarz mit Datumsanzeige und weissen Zirkonia, Mineralglas, Durchmesser ca. 33mm, Wasserdicht bis 5bar, zwei Jahre GarantieReferenz: WA0370-291-203-33MMVerfügbar in der Bijouterie am Bogen in Bremgarten AG</p>",uhren;damenuhren;thomas-sabo,,,,,Thomas Sabo,459,,,,,,208.6,1,false,,,132153,WA0370-291-203-33MM,,,,,,,,,,,,,,,,,,,,,,,,,,,,,,,,,,,,,,,,,,,,,,,,,,,,,,,,,,,,,,,,,,,,,
ds-132152,PRODUCT,Thomas Sabo Uhren Damenuhr,false,"<p>Gehäuse und Milanaisearmband aus Edelstahl PVD gelb, Quarzwerk, Zifferblatt Perlmutt mit kleiner Sekunde, Mineralglas, Durchmesser ca. 33mm, auf der Krone ein weisser Zirkonia, Wasserdicht bis 5bar, zwei Jahre GarantieReferenz: WA0302-264-213-33MMVerfügbar in der Bijouterie am Bogen in Bremgarten AG</p>",uhren;damenuhren;thomas-sabo,uhren,,,,Thomas Sabo,289,,,,,,131.35,1,false,,,132152,WA0302-264-213-33MM,,,,,,,,,,,,,,,,,,,,,,,,,,,,,,,,,,,,,,,,,,,,,,,,,,,,,,,,,,,,,,,,,,,,,
ds-132150,PRODUCT,Thomas Sabo Uhren Herrenuhr,false,"<p>Gehäuse und Milanaisearmband aus Edelstahl, Quarzwerk, Zifferblatt schwarz mit kleiner Sekunde, Mineralglas, auf der Krone ein Onyx, Durchmesser ca. 42,0 mm, Wasserdicht bis 5bar, zwei Jahre GarantieReferenz: WA0152-201-203-42MMVerfügbar in der Bijouterie am Bogen in Bremgarten AG</p>",uhren;herrenuhren;thomas-sabo,uhren,,,,Thomas Sabo,265,,,,,,120.45,1,false,,,132150,WA0152-201-203-42MM,,,,,,,,,,,,,,,,,,,,,,,,,,,,,,,,,,,,,,,,,,,,,,,,,,,,,,,,,,,,,,,,,,,,,
ds-132981,PRODUCT,Thomas Sabo Jewellery Damenring,false,"<p>gearbeitet in 925 Silber, Oberfläche: poliert, mit weissen Zirkonia und Unendlichkeitszeichen, Grösse: 50, zwei Jahre GarantieReferenz: TR2322-051-14-50Verfügbar in der Bijouterie am Bogen in Bremgarten AG</p>",schmuck;ringe;thomas-sabo,schmuck,,,,Thomas Sabo,95,,,,,,39.6,1,false,,,132981,TR2322-051-14-50,,,,,,,,,,,,,,,,,,,,,,,,,,,,,,,,,,,,,,,,,,,,,,,,,,,,,,,,,,,,,,,,,,,,,
ds-132272,PRODUCT,Thomas Sabo Jewellery Creolen,false,"<p>gearbeitet in 925 Silber vergoldet, Oberfläche: poliert, Durchmesser: 60mm, zwei Jahre GarantieReferenz: CR729-413-39Verfügbar in der Bijouterie am Bogen in Bremgarten AG</p>",schmuck;ohrschmuck;thomas-sabo,schmuck,,,,Thomas Sabo,115,,,,,,47.9,1,false,,,132272,CR729-413-39,,,,,,,,,,,,,,,,,,,,,,,,,,,,,,,,,,,,,,,,,,,,,,,,,,,,,,,,,,,,,,,,,,,,,
ds-132146,PRODUCT,Thomas Sabo Jewellery Damenring,false,"<p>gearbeitet in 925 Silber vergoldet, Oberfläche: poliert, mit weissen Zirkonia, Grösse: 52, zwei Jahre GarantieReferenz: TR2323-051-14-52Verfügbar in der Bijouterie am Bogen in Bremgarten AG</p>",schmuck;ohrschmuck;thomas-sabo,,,,,Thomas Sabo,42,,,,,,17.5,1,false,,,132146,TR2323-051-14-52,,,,,,,,,,,,,,,,,,,,,,,,,,,,,,,,,,,,,,,,,,,,,,,,,,,,,,,,,,,,,,,,,,,,,
ds-132143,PRODUCT,Thomas Sabo Jewellery Bracelet,false,"<p>gearbeitet in 925 Silber, Oberfläche: poliert, Flachpanzer, Länge: 16cm bis 19.5cm, Karabinerverschluss, zwei Jahre GarantieReferenz: LBA0105-001-12-L19.5vVerfügbar in der Bijouterie am Bogen in Bremgarten AG</p>",schmuck;bracelets;thomas-sabo,schmuck,,,,Thomas Sabo,79,,,,,,32.9,1,false,,,132143,LBA0105-001-12-L19.5v,,,,,,,,,,,,,,,,,,,,,,,,,,,,,,,,,,,,,,,,,,,,,,,,,,,,,,,,,,,,,,,,,,,,,
ds-132142,PRODUCT,Thomas Sabo Jewellery Collier,false,"<p>gearbeitet in 925 Silber, Schlangenkette, Länge: 40 bis 45cm, Oberfläche: poliert, Karabinerverschluss, zwei Jahre GarantieReferenz: KE2275-001-21-L45VVerfügbar in der Bijouterie am Bogen in Bremgarten AG</p>",schmuck;colliers;thomas-sabo,schmuck,,,,Thomas Sabo,149,,,,,,62.1,1,false,,,132142,KE2275-001-21-L45V,,,,,,,,,,,,,,,,,,,,,,,,,,,,,,,,,,,,,,,,,,,,,,,,,,,,,,,,,,,,,,,,,,,,,
ds-132140,PRODUCT,Thomas Sabo Jewellery Collier,false,"<p>gearbeitet in 925 Silber, Ankerkette, Länge: 40 bis 45cm, Anhänger mit einem weissen Zirkonia, Herz, Karabinerverschluss, zwei Jahre GarantieReferenz: KE2211-051-14-L45VVerfügbar in der Bijouterie am Bogen in Bremgarten AG</p>",schmuck;colliers;thomas-sabo,schmuck,,,,Thomas Sabo,79,,,,,,32.9,1,false,,,132140,KE2211-051-14-L45V,,,,,,,,,,,,,,,,,,,,,,,,,,,,,,,,,,,,,,,,,,,,,,,,,,,,,,,,,,,,,,,,,,,,,
ds-132139,PRODUCT,Thomas Sabo Jewellery Collier,false,"<p>gearbeitet in 925 Silber vergoldet, Ankerkette, Länge: 40 bis 45cm, Anhänger mit einem weissen Zirkonia, 6-Griff Fassung, Karabinerverschluss, zwei Jahre GarantieReferenz: KE2210-414-14-L45VVerfügbar in der Bijouterie am Bogen in Bremgarten AG</p>",schmuck;colliers;thomas-sabo,schmuck,,,,Thomas Sabo,95,,,,,,39.6,1,false,,,132139,KE2210-414-14-L45V,,,,,,,,,,,,,,,,,,,,,,,,,,,,,,,,,,,,,,,,,,,,,,,,,,,,,,,,,,,,,,,,,,,,,
ds-132138,PRODUCT,Thomas Sabo Jewellery Ohrstecker,false,"<p>gearbeitet in 925 Sterlingsilber vergoldet, Oberfläche: poliert, Rose, 2 Jahre GarantieReferenz: H2314-413-39Verfügbar in der Bijouterie am Bogen in Bremgarten AG</p>",schmuck;ohrschmuck;thomas-sabo,schmuck,,,,Thomas Sabo,69,,,,,,28.75,1,false,,,132138,H2314-413-39,,,,,,,,,,,,,,,,,,,,,,,,,,,,,,,,,,,,,,,,,,,,,,,,,,,,,,,,,,,,,,,,,,,,,
ds-132137,PRODUCT,Thomas Sabo Jewellery Ohrstecker,false,"<p>gearbeitet in 925 Sterlingsilber vergoldet, Oberfläche: poliert, 2 Jahre GarantieReferenz: H2303-413-39Verfügbar in der Bijouterie am Bogen in Bremgarten AG</p>",schmuck;ohrschmuck;thomas-sabo,schmuck,,,,Thomas Sabo,115,,,,,,47.9,1,false,,,132137,H2303-413-39,,,,,,,,,,,,,,,,,,,,,,,,,,,,,,,,,,,,,,,,,,,,,,,,,,,,,,,,,,,,,,,,,,,,,
ds-132114,PRODUCT,Thomas Sabo Jewellery Ohrstecker,false,"<p>gearbeitet in 925 Sterlingsilber vergoldet, Oberfläche: poliert, 2 Jahre GarantieReferenz: H2299-413-39Verfügbar in der Bijouterie am Bogen in Bremgarten AG</p>",schmuck;ohrschmuck;thomas-sabo,schmuck,,,,Thomas Sabo,265,,,,,,110.45,1,false,,,132114,H2299-413-39,,,,,,,,,,,,,,,,,,,,,,,,,,,,,,,,,,,,,,,,,,,,,,,,,,,,,,,,,,,,,,,,,,,,,
ds-132113,PRODUCT,Thomas Sabo Jewellery Ohrhänger,false,"<p>gearbeitet in 925 Sterlingsilber, Oberfläche: poliert, 2 Jahre GarantieReferenz: H2299-001-21Verfügbar in der Bijouterie am Bogen in Bremgarten AG</p>",schmuck;ohrschmuck;thomas-sabo,,,,,Thomas Sabo,209,,,,,,87.1,1,false,,,132113,H2299-001-21,,,,,,,,,,,,,,,,,,,,,,,,,,,,,,,,,,,,,,,,,,,,,,,,,,,,,,,,,,,,,,,,,,,,,
ds-132112,PRODUCT,Thomas Sabo Jewellery Ohrhänger,false,"<p>gearbeitet in 925 Silber vergoldet, Oberfläche: poliert, mit weissen Zirkonia, 2 Jahre GarantieReferenz: H2287-414-14Verfügbar in der Bijouterie am Bogen in Bremgarten AG</p>",schmuck;ohrschmuck;thomas-sabo,schmuck,,,,Thomas Sabo,79,,,,,,32.9,1,false,,,132112,H2287-414-14,,,,,,,,,,,,,,,,,,,,,,,,,,,,,,,,,,,,,,,,,,,,,,,,,,,,,,,,,,,,,,,,,,,,,
ds-132106,PRODUCT,Thomas Sabo Jewellery Creolen,false,"<p>gearbeitet in 925 Silber, Oberfläche: poliert, mit weissen Zirkonia, zwei Jahre GarantieReferenz: CR730-051-14Verfügbar in der Bijouterie am Bogen in Bremgarten AG</p>",schmuck;ohrschmuck;thomas-sabo,schmuck,,,,Thomas Sabo,129,,,,,,53.75,1,false,,,132106,CR730-051-14,,,,,,,,,,,,,,,,,,,,,,,,,,,,,,,,,,,,,,,,,,,,,,,,,,,,,,,,,,,,,,,,,,,,,
ds-132105,PRODUCT,Thomas Sabo Jewellery Creolen,false,"<p>gearbeitet in 925 Silber vergoldet, Oberfläche: poliert, Durchmesser: 40mm, zwei Jahre GarantieReferenz: CR728-413-39Verfügbar in der Bijouterie am Bogen in Bremgarten AG</p>",schmuck;ohrschmuck;thomas-sabo,schmuck,,,,Thomas Sabo,79,,,,,,32.9,1,false,,,132105,CR728-413-39,,,,,,,,,,,,,,,,,,,,,,,,,,,,,,,,,,,,,,,,,,,,,,,,,,,,,,,,,,,,,,,,,,,,,
ds-132103,PRODUCT,Thomas Sabo Jewellery Einzelne Creole mit Anhänger,false,"<p>gearbeitet in 925 Silber, Oberfläche: poliert, Durchmesser: 13.5mm, mit weissen Zirkonia, Anhänger: weisse Süsswasser Zuchtperle, zwei Jahre GarantieReferenz: CR702-167-14Verfügbar in der Bijouterie am Bogen in Bremgarten AG</p>",schmuck;ohrschmuck;thomas-sabo,schmuck,,,,Thomas Sabo,69,,,,,,28.75,2,false,,,132103,CR702-167-14,,,,,,,,,,,,,,,,,,,,,,,,,,,,,,,,,,,,,,,,,,,,,,,,,,,,,,,,,,,,,,,,,,,,,
ds-132100,PRODUCT,Thomas Sabo Jewellery Creolen,false,"<p>gearbeitet in 925 Silber, Oberfläche: poliert, Durchmesser: 50mm, Steckverschluss, zwei Jahre GarantieReferenz: CR641-001-21Verfügbar in der Bijouterie am Bogen in Bremgarten AG</p>",schmuck;ohrschmuck;thomas-sabo,schmuck,,,,Thomas Sabo,139,,,,,,57.9,1,false,,,132100,CR641-001-21,,,,,,,,,,,,,,,,,,,,,,,,,,,,,,,,,,,,,,,,,,,,,,,,,,,,,,,,,,,,,,,,,,,,,
ds-132099,PRODUCT,Thomas Sabo Jewellery Creolen,false,"<p>gearbeitet in 925 Silber vergoldet, Oberfläche: poliert, Durchmesser: 36mm, Steckverschluss, zwei Jahre GarantieReferenz: CR640-413-39Verfügbar in der Bijouterie am Bogen in Bremgarten AG</p>",schmuck;ohrschmuck;thomas-sabo,,,,,Thomas Sabo,139,,,,,,57.9,1,false,,,132099,CR640-413-39,,,,,,,,,,,,,,,,,,,,,,,,,,,,,,,,,,,,,,,,,,,,,,,,,,,,,,,,,,,,,,,,,,,,,
ds-132098,PRODUCT,Thomas Sabo Jewellery Creolen,false,"<p>gearbeitet in 925 Silber, Oberfläche: poliert, Durchmesser: 36mm, Steckverschluss, zwei Jahre GarantieReferenz: CR640-001-21Verfügbar in der Bijouterie am Bogen in Bremgarten AG</p>",schmuck;ohrschmuck;thomas-sabo,schmuck,,,,Thomas Sabo,115,,,,,,47.9,1,false,,,132098,CR640-001-21,,,,,,,,,,,,,,,,,,,,,,,,,,,,,,,,,,,,,,,,,,,,,,,,,,,,,,,,,,,,,,,,,,,,,
ds-132095,PRODUCT,Thomas Sabo Jewellery Creolen,false,"<p>gearbeitet in 925 Silber vergoldet, Oberfläche: poliert, Durchmesser: 22mm, Steckverschluss, zwei Jahre GarantieReferenz: CR635-413-39Verfügbar in der Bijouterie am Bogen in Bremgarten AG</p>",schmuck;ohrschmuck;thomas-sabo,schmuck,,,,Thomas Sabo,98,,,,,,40.85,1,false,,,132095,CR635-413-39,,,,,,,,,,,,,,,,,,,,,,,,,,,,,,,,,,,,,,,,,,,,,,,,,,,,,,,,,,,,,,,,,,,,,
ds-132093,PRODUCT,Thomas Sabo Jewellery Schlangenbracelet,false,"<p>gearbeitet in 925 Sterlingsilber, Schlangenkette, Länge: 16cm bis 19cm, Karabinerverschluss, 2 Jahre GarantieReferenz: A2169-001-21-L19VVerfügbar in der Bijouterie am Bogen in Bremgarten AG</p>",schmuck;bracelets;thomas-sabo,,,,,Thomas Sabo,79,,,,,,32.9,1,false,,,132093,A2169-001-21-L19V,,,,,,,,,,,,,,,,,,,,,,,,,,,,,,,,,,,,,,,,,,,,,,,,,,,,,,,,,,,,,,,,,,,,,
ds-116101,PRODUCT,Thomas Sabo Karma Beads Armband Silber geschwärzt,false,"<p>925 Silber geschwärzt, Korderkette, Länge: 19cm, KarabinerReferenz: KA0006-637-21-L19vVerfügbar in der Bijouterie am Bogen in Bremgarten AG</p>",schmuck;bracelets;thomas-sabo,schmuck,,,,Thomas Sabo,49,,,,,,20.4,1,false,,,116101,KA0006-637-21-L19v,,,,,,,,,,,,,,,,,,,,,,,,,,,,,,,,,,,,,,,,,,,,,,,,,,,,,,,,,,,,,,,,,,,,,
ds-113915,PRODUCT,Thomas Sabo Karma Beads Kette 925 Silber,false,"<p>925 Silber, Venezianer rund, Länge: 60cmReferenz: KK0001-001-12-L60Verfügbar in der Bijouterie am Bogen in Bremgarten AG</p>",schmuck;colliers;thomas-sabo,,,,,Thomas Sabo,109,,,,,,43.7,1,false,,,113915,KK0001-001-12-L60,,,,,,,,,,,,,,,,,,,,,,,,,,,,,,,,,,,,,,,,,,,,,,,,,,,,,,,,,,,,,,,,,,,,,
ds-133445,PRODUCT,Thomas Sabo Charm Club Infinity,false,"<p>gearbeitet in 925 Silber, Oberfläche: poliert, mit weissen Zirkonia, mit einem Karabinerverschluss, zwei Jahre GarantieReferenz: 2171-051-21Verfügbar in der Bijouterie am Bogen in Bremgarten AG</p>",schmuck;beads-charms;thomas-sabo,schmuck,,,,Thomas Sabo,65,,,,,,25,1,false,,,133445,2171-051-21,,,,,,,,,,,,,,,,,,,,,,,,,,,,,,,,,,,,,,,,,,,,,,,,,,,,,,,,,,,,,,,,,,,,,
ds-131825,PRODUCT,ICE Watch learning,true,"<p>Gehäuse aus Kunststoff blau mit Stoffband blau mit Weltall, Zifferblatt blau mit hellblauen Zahlen, Durchmesser 32mm, Wasserdicht bis 3bar, 2 Jahre GarantieReferenz: 024 500Verfügbar in der Bijouterie Am Bogen in Bremgarten AG und in der Bijouterie Droz in Zofingen AG</p>",uhren;kinderuhren;ice-watch,,,,,ICE Watch,49,,,,,,19.6,2,false,,,131825,024 500,,,,,,,,,,,,,,,,,,,,,,,,,,,,,,,,,,,,,,,,,,,,,,,,,,,,,,,,,,,,,,,,,,,,,
ds-131825,MEDIA,,,,,,6673aa_702e0def291d44f186f368bd7fe72f50~mv2.png,,,,,,,,,,,,,,,,,,,,,,,,,,,,,,,,,,,,,,,,,,,,,,,,,,,,,,,,,,,,,,,,,,,,,,,,,,,,,,,,,,,,,
ds-131825,MEDIA,,,,,,6673aa_c4b6a457ced14a3390e36df613c16198~mv2.png,,,,,,,,,,,,,,,,,,,,,,,,,,,,,,,,,,,,,,,,,,,,,,,,,,,,,,,,,,,,,,,,,,,,,,,,,,,,,,,,,,,,,
ds-131825,MEDIA,,,,,,6673aa_63de20e761fd496f8a68354bf99525cf~mv2.png,,,,,,,,,,,,,,,,,,,,,,,,,,,,,,,,,,,,,,,,,,,,,,,,,,,,,,,,,,,,,,,,,,,,,,,,,,,,,,,,,,,,,
ds-131825,MEDIA,,,,,,6673aa_de4f2352c68e4e7eb2d99d7bd1c7f143~mv2.png,,,,,,,,,,,,,,,,,,,,,,,,,,,,,,,,,,,,,,,,,,,,,,,,,,,,,,,,,,,,,,,,,,,,,,,,,,,,,,,,,,,,,
ds-132476,PRODUCT,Thomas Sabo Charm Club Bracelet,false,"<p>gearbeitet in 925 Silber, Oberfläche: poliert, Ankerkette, Länge: 19cm verstellbar, Ringverschluss, zwei Jahre GarantieReferenz: C1202-001-21-L19Verfügbar in der Bijouterie am Bogen in Bremgarten AG</p>",schmuck;bracelets;thomas-sabo,schmuck,,,,Thomas Sabo,98,,,,,,40.85,1,false,,,132476,C1202-001-21-L19,,,,,,,,,,,,,,,,,,,,,,,,,,,,,,,,,,,,,,,,,,,,,,,,,,,,,,,,,,,,,,,,,,,,,
ds-130082,PRODUCT,ICE Watch learning,true,"<p>Gehäuse aus Kunststoff pink, Stoffband rosa mit Einhorn, Quartzwerk, Zifferblatt rosa, Durchmesser 32mm, Wasserdicht bis 3bar, 2 Jahre GarantieReferenz: 022 691Verfügbar in der Bijouterie Am Bogen in Bremgarten AG und in der Bijouterie Droz in Zofingen AG</p>",uhren;kinderuhren;ice-watch,uhren,,,,ICE Watch,49,,,,,,19.6,2,false,,,130082,022 691,,,,,,,,,,,,,,,,,,,,,,,,,,,,,,,,,,,,,,,,,,,,,,,,,,,,,,,,,,,,,,,,,,,,,
ds-130082,MEDIA,,,,,,6673aa_e88c548ab75043b3b9fe74380755cd75~mv2.png,,,,,,,,,,,,,,,,,,,,,,,,,,,,,,,,,,,,,,,,,,,,,,,,,,,,,,,,,,,,,,,,,,,,,,,,,,,,,,,,,,,,,
ds-130082,MEDIA,,,,,,6673aa_d7f94c5f122140c8aa9b47535a1bba50~mv2.png,,,,,,,,,,,,,,,,,,,,,,,,,,,,,,,,,,,,,,,,,,,,,,,,,,,,,,,,,,,,,,,,,,,,,,,,,,,,,,,,,,,,,
ds-130082,MEDIA,,,,,,6673aa_431b4c85b6254ac7a800eef8a592a8ad~mv2.png,,,,,,,,,,,,,,,,,,,,,,,,,,,,,,,,,,,,,,,,,,,,,,,,,,,,,,,,,,,,,,,,,,,,,,,,,,,,,,,,,,,,,
ds-130082,MEDIA,,,,,,6673aa_175275c463ff449e87bd6e7ae8ae5bae~mv2.png,,,,,,,,,,,,,,,,,,,,,,,,,,,,,,,,,,,,,,,,,,,,,,,,,,,,,,,,,,,,,,,,,,,,,,,,,,,,,,,,,,,,,
ds-132391,PRODUCT,Thomas Sabo Charm Club Collier,false,"<p>gearbeitet in 925 Silber, Oberfläche: poliert, Ankerkette, Länge: 50cm verstellbar, Ringverschluss, zwei Jahre GarantieReferenz: C1206-001-21-L50Verfügbar in der Bijouterie am Bogen in Bremgarten AG</p>",schmuck;colliers;thomas-sabo,schmuck,,,,Thomas Sabo,185,,,,,,77.1,1,false,,,132391,C1206-001-21-L50,,,,,,,,,,,,,,,,,,,,,,,,,,,,,,,,,,,,,,,,,,,,,,,,,,,,,,,,,,,,,,,,,,,,,
ds-132390,PRODUCT,Thomas Sabo Charm Club Bracelet,false,"<p>gearbeitet in 925 Silber / vergoldet, Oberfläche: poliert, Ankerkette, Länge: 19cm verstellbar, Ringverschluss, zwei Jahre GarantieReferenz: C1204-413-7-L19Verfügbar in der Bijouterie am Bogen in Bremgarten AG</p>",schmuck;bracelets;thomas-sabo,schmuck,,,,Thomas Sabo,159,,,,,,66.25,1,false,,,132390,C1204-413-7-L19,,,,,,,,,,,,,,,,,,,,,,,,,,,,,,,,,,,,,,,,,,,,,,,,,,,,,,,,,,,,,,,,,,,,,
ds-132389,PRODUCT,Thomas Sabo Charm Club Bracelet,false,"<p>gearbeitet in 925 Silber vergoldet, Oberfläche: poliert, Ankerkette, Länge: 17cm verstellbar, Ringverschluss, zwei Jahre GarantieReferenz: C1202-413-39-L17Verfügbar in der Bijouterie am Bogen in Bremgarten AG</p>",schmuck;bracelets;thomas-sabo,schmuck,,,,Thomas Sabo,195,,,,,,81.25,1,false,,,132389,C1202-413-39-L17,,,,,,,,,,,,,,,,,,,,,,,,,,,,,,,,,,,,,,,,,,,,,,,,,,,,,,,,,,,,,,,,,,,,,
ds-132294,PRODUCT,Thomas Sabo Charm Club Ankercollier,false,"<p>gearbeitet in 925 Silber vergoldet, Ankerkette, Oberfläche: poliert, Länge: 45cm verstellbar, Karabinerverschluss, zwei Jahre GarantieReferenz: KE2328-413-39-L45VVerfügbar in der Bijouterie am Bogen in Bremgarten AG</p>",schmuck;colliers;thomas-sabo,,,,,Thomas Sabo,115,,,,,,47.9,1,false,,,132294,KE2328-413-39-L45V,,,,,,,,,,,,,,,,,,,,,,,,,,,,,,,,,,,,,,,,,,,,,,,,,,,,,,,,,,,,,,,,,,,,,
ds-132271,PRODUCT,Thomas Sabo Charm Club Singapurcollier,false,"<p>gearbeitet in 925 Silber vergoldet, Singapur, Länge: 40 bis 45cm, Karabinerverschluss, zwei Jahre GarantieReferenz: KE2284-413-39-L45VVerfügbar in der Bijouterie am Bogen in Bremgarten AG</p>",schmuck;colliers;thomas-sabo,schmuck,,,,Thomas Sabo,95,,,,,,39.6,1,false,,,132271,KE2284-413-39-L45V,,,,,,,,,,,,,,,,,,,,,,,,,,,,,,,,,,,,,,,,,,,,,,,,,,,,,,,,,,,,,,,,,,,,,
ds-130219,PRODUCT,ICE Watch Horizon,true,"<p>Gehäuse und Band aus Kunststoff rosa, Quartzwerk, Zifferblatt rosa / gelb / blau, Durchmesser 28mm, Wasserdicht bis 10bar, zwei Jahre GarantieReferenz: 021 432Verfügbar in der Bijouterie am Bogen in Bremgarten AG</p>",uhren;kinderuhren;ice-watch,uhren,,,,ICE Watch,89,,,,,,35.6,1,false,,,130219,021 432,,,,,,,,,,,,,,,,,,,,,,,,,,,,,,,,,,,,,,,,,,,,,,,,,,,,,,,,,,,,,,,,,,,,,
ds-130219,MEDIA,,,,,,6673aa_e8dc491c9991442ebafbf815e90fd1f5~mv2.png,,,,,,,,,,,,,,,,,,,,,,,,,,,,,,,,,,,,,,,,,,,,,,,,,,,,,,,,,,,,,,,,,,,,,,,,,,,,,,,,,,,,,
ds-130219,MEDIA,,,,,,6673aa_805aab624d81471a938674ea7ba356e8~mv2.png,,,,,,,,,,,,,,,,,,,,,,,,,,,,,,,,,,,,,,,,,,,,,,,,,,,,,,,,,,,,,,,,,,,,,,,,,,,,,,,,,,,,,
ds-130219,MEDIA,,,,,,6673aa_2da86558523442e982cb94564dbed323~mv2.png,,,,,,,,,,,,,,,,,,,,,,,,,,,,,,,,,,,,,,,,,,,,,,,,,,,,,,,,,,,,,,,,,,,,,,,,,,,,,,,,,,,,,
ds-130219,MEDIA,,,,,,6673aa_317b125f89864b5c84ab5ecb3755d7ef~mv2.png,,,,,,,,,,,,,,,,,,,,,,,,,,,,,,,,,,,,,,,,,,,,,,,,,,,,,,,,,,,,,,,,,,,,,,,,,,,,,,,,,,,,,
ds-132267,PRODUCT,Thomas Sabo Charm Club Bracelet,false,"<p>gearbeitet in 925 Sterlingsilber, Figaro, Länge: 16cm - 19cm, mit einem Karabinerverschluss, zwei Jahre GarantieReferenz: A2207-001-21-L19VVerfügbar in der Bijouterie am Bogen in Bremgarten AG</p>",schmuck;bracelets;thomas-sabo,,,,,Thomas Sabo,22,,,,,,9.15,1,false,,,132267,A2207-001-21-L19V,,,,,,,,,,,,,,,,,,,,,,,,,,,,,,,,,,,,,,,,,,,,,,,,,,,,,,,,,,,,,,,,,,,,,
ds-132266,PRODUCT,Thomas Sabo Charm Club Bracelet,false,"<p>gearbeitet in 925 Sterlingsilber, Ankerkette, Länge: 19cm verstellbar, mit einem Karabinerverschluss, zwei Jahre GarantieReferenz: A2206-001-21-L19VVerfügbar in der Bijouterie am Bogen in Bremgarten AG</p>",schmuck;bracelets;thomas-sabo,schmuck,,,,Thomas Sabo,35,,,,,,14.6,1,false,,,132266,A2206-001-21-L19V,,,,,,,,,,,,,,,,,,,,,,,,,,,,,,,,,,,,,,,,,,,,,,,,,,,,,,,,,,,,,,,,,,,,,
ds-126875,PRODUCT,ICE Watch Digit,true,"<p>Gehäuse und Band aus Silikon blau mit grün, Digital Uhr, Stopp Funktion und ein Alarm, Quarzwerk, Durchmesser 35mm, Wasserdicht bis 10bar, zwei Jahre GarantieReferenz: 021 006Verfügbar in der Bijouterie am Bogen in Bremgarten AG</p>",uhren;kinderuhren;ice-watch,uhren,,,,ICE Watch,69,,,,,,27.6,1,false,,,126875,021 006,,,,,,,,,,,,,,,,,,,,,,,,,,,,,,,,,,,,,,,,,,,,,,,,,,,,,,,,,,,,,,,,,,,,,
ds-126875,MEDIA,,,,,,6673aa_d32bceac001a4701bfa9aeecb1a76e5d~mv2.png,,,,,,,,,,,,,,,,,,,,,,,,,,,,,,,,,,,,,,,,,,,,,,,,,,,,,,,,,,,,,,,,,,,,,,,,,,,,,,,,,,,,,
ds-126875,MEDIA,,,,,,6673aa_d1ba19a681334564879c95ffb10b18fa~mv2.png,,,,,,,,,,,,,,,,,,,,,,,,,,,,,,,,,,,,,,,,,,,,,,,,,,,,,,,,,,,,,,,,,,,,,,,,,,,,,,,,,,,,,
ds-126875,MEDIA,,,,,,6673aa_22fbdf90f8924fcf98fb5f933427cac5~mv2.png,,,,,,,,,,,,,,,,,,,,,,,,,,,,,,,,,,,,,,,,,,,,,,,,,,,,,,,,,,,,,,,,,,,,,,,,,,,,,,,,,,,,,
ds-126875,MEDIA,,,,,,6673aa_402b0827f1bf44e68d86802bde32a20d~mv2.png,,,,,,,,,,,,,,,,,,,,,,,,,,,,,,,,,,,,,,,,,,,,,,,,,,,,,,,,,,,,,,,,,,,,,,,,,,,,,,,,,,,,,
ds-126818,PRODUCT,ICE Watch Digit,true,"<p>Gehäuse und Band aus Silikon schwarz mit rot, Digital Uhr, Stopp Funktion und ein Alarm, Quarzwerk, Durchmesser 35mm, Wasserdicht bis 10bar, zwei Jahre GarantieReferenz: 021 007Verfügbar in der Bijouterie am Bogen in Bremgarten AG</p>",uhren;kinderuhren;ice-watch,uhren,,,,ICE Watch,69,,,,,,27.6,1,false,,,126818,021 007,,,,,,,,,,,,,,,,,,,,,,,,,,,,,,,,,,,,,,,,,,,,,,,,,,,,,,,,,,,,,,,,,,,,,
ds-126818,MEDIA,,,,,,6673aa_74af568f572f4d3b990636888100dca8~mv2.png,,,,,,,,,,,,,,,,,,,,,,,,,,,,,,,,,,,,,,,,,,,,,,,,,,,,,,,,,,,,,,,,,,,,,,,,,,,,,,,,,,,,,
ds-126818,MEDIA,,,,,,6673aa_34220a3d4fd448a1a66a1adb7476c052~mv2.png,,,,,,,,,,,,,,,,,,,,,,,,,,,,,,,,,,,,,,,,,,,,,,,,,,,,,,,,,,,,,,,,,,,,,,,,,,,,,,,,,,,,,
ds-126818,MEDIA,,,,,,6673aa_029dba09560d460ab5d223befb23babc~mv2.png,,,,,,,,,,,,,,,,,,,,,,,,,,,,,,,,,,,,,,,,,,,,,,,,,,,,,,,,,,,,,,,,,,,,,,,,,,,,,,,,,,,,,
ds-126818,MEDIA,,,,,,6673aa_9b0cb46a694b44d784aee6951b12cabf~mv2.png,,,,,,,,,,,,,,,,,,,,,,,,,,,,,,,,,,,,,,,,,,,,,,,,,,,,,,,,,,,,,,,,,,,,,,,,,,,,,,,,,,,,,
ds-132110,PRODUCT,Thomas Sabo Charm Club Einzelner Ohrstecker,false,"<p>gearbeitet in 925 Sterlingsilber, mit einem weissen Zirkonia, 2 Jahre GarantieReferenz: H2147-051-14Verfügbar in der Bijouterie am Bogen in Bremgarten AG</p>",schmuck;ohrschmuck;thomas-sabo,schmuck,,,,Thomas Sabo,22,,,,,,9.15,2,false,,,132110,H2147-051-14,,,,,,,,,,,,,,,,,,,,,,,,,,,,,,,,,,,,,,,,,,,,,,,,,,,,,,,,,,,,,,,,,,,,,
ds-131565,PRODUCT,ICE Watch Glam,true,"<p>Gehäuse und Band aus Silikon weiss / Edelstahl PVD rosé, Quarzwerk, Zifferblatt weiss, Durchmesser 37mm, Wasserdicht bis 10bar, 2 Jahre GarantieReferenz: 024 522Verfügbar in der Bijouterie am Bogen in Bremgarten AG</p>",uhren;damenuhren;ice-watch,uhren,,,,ICE Watch,119,,,,,,47.6,1,false,,,131565,024 522,,,,,,,,,,,,,,,,,,,,,,,,,,,,,,,,,,,,,,,,,,,,,,,,,,,,,,,,,,,,,,,,,,,,,
ds-131565,MEDIA,,,,,,6673aa_71cc6931df844c3ca1f6a54a882e6d46~mv2.png,,,,,,,,,,,,,,,,,,,,,,,,,,,,,,,,,,,,,,,,,,,,,,,,,,,,,,,,,,,,,,,,,,,,,,,,,,,,,,,,,,,,,
ds-131565,MEDIA,,,,,,6673aa_e11adbad63f844a897195c9d4e12d685~mv2.png,,,,,,,,,,,,,,,,,,,,,,,,,,,,,,,,,,,,,,,,,,,,,,,,,,,,,,,,,,,,,,,,,,,,,,,,,,,,,,,,,,,,,
ds-131565,MEDIA,,,,,,6673aa_26fd37bce7fb46adadeb13185485e213~mv2.png,,,,,,,,,,,,,,,,,,,,,,,,,,,,,,,,,,,,,,,,,,,,,,,,,,,,,,,,,,,,,,,,,,,,,,,,,,,,,,,,,,,,,
ds-131565,MEDIA,,,,,,6673aa_edd33fe364764261ac2729b36e1b993f~mv2.png,,,,,,,,,,,,,,,,,,,,,,,,,,,,,,,,,,,,,,,,,,,,,,,,,,,,,,,,,,,,,,,,,,,,,,,,,,,,,,,,,,,,,
ds-131564,PRODUCT,ICE Watch Glam,true,"<p>Gehäuse und Band aus Silikon schwarz / Edelstahl PVD rosé, Quarzwerk, Zifferblatt schwarz, Durchmesser 37mm, Wasserdicht bis 10bar, 2 Jahre GarantieReferenz: 024 521Verfügbar in der Bijouterie am Bogen in Bremgarten AG</p>",uhren;damenuhren;ice-watch,uhren,,,,ICE Watch,119,,,,,,47.6,1,false,,,131564,024 521,,,,,,,,,,,,,,,,,,,,,,,,,,,,,,,,,,,,,,,,,,,,,,,,,,,,,,,,,,,,,,,,,,,,,
ds-131564,MEDIA,,,,,,6673aa_9522b1abbe86433a926f7ea0278eba90~mv2.png,,,,,,,,,,,,,,,,,,,,,,,,,,,,,,,,,,,,,,,,,,,,,,,,,,,,,,,,,,,,,,,,,,,,,,,,,,,,,,,,,,,,,
ds-131564,MEDIA,,,,,,6673aa_c7329e1c03d4420681bf7b626903edd8~mv2.png,,,,,,,,,,,,,,,,,,,,,,,,,,,,,,,,,,,,,,,,,,,,,,,,,,,,,,,,,,,,,,,,,,,,,,,,,,,,,,,,,,,,,
ds-131564,MEDIA,,,,,,6673aa_7e236134b2fe43089bbd7c5faaa14498~mv2.png,,,,,,,,,,,,,,,,,,,,,,,,,,,,,,,,,,,,,,,,,,,,,,,,,,,,,,,,,,,,,,,,,,,,,,,,,,,,,,,,,,,,,
ds-131564,MEDIA,,,,,,6673aa_afe27d0f84c941d0a1865a54596f48d6~mv2.png,,,,,,,,,,,,,,,,,,,,,,,,,,,,,,,,,,,,,,,,,,,,,,,,,,,,,,,,,,,,,,,,,,,,,,,,,,,,,,,,,,,,,
ds-130222,PRODUCT,ICE Watch Glam,true,"<p>Gehäuse und Band aus Silikon schwarz, Quarzwerk, Zifferblatt weiss, Durchmesser 37mm, Wasserdicht bis 10bar, 2 Jahre GarantieReferenz: 022 585Verfügbar in der Bijouterie am Bogen in Bremgarten AG</p>",uhren;damenuhren;ice-watch,uhren,,,,ICE Watch,119,,,,,,47.6,1,false,,,130222,022 585,,,,,,,,,,,,,,,,,,,,,,,,,,,,,,,,,,,,,,,,,,,,,,,,,,,,,,,,,,,,,,,,,,,,,
ds-130222,MEDIA,,,,,,6673aa_a367d5b5e50848ccb36f0ece2de68b41~mv2.png,,,,,,,,,,,,,,,,,,,,,,,,,,,,,,,,,,,,,,,,,,,,,,,,,,,,,,,,,,,,,,,,,,,,,,,,,,,,,,,,,,,,,
ds-130008,PRODUCT,ICE Watch Glam,true,"<p>weisses Silikonband und -gehäuse, Quarzwerk, Zifferblatt weiss mit goldfarbigen Zahlen, Grösse: Small, 10bar Wasserdicht, zwei Jahre GarantieReferenz: 014 759Verfügbar in der Bijouterie am Bogen in Bremgarten AG</p>",uhren;damenuhren;ice-watch,uhren,,,,ICE Watch,99,,,,,,39.6,1,false,,,130008,014 759,,,,,,,,,,,,,,,,,,,,,,,,,,,,,,,,,,,,,,,,,,,,,,,,,,,,,,,,,,,,,,,,,,,,,
ds-130008,MEDIA,,,,,,6673aa_d62241f1b0a9410fa18a0b4024831fe4~mv2.jpg,,,,,,,,,,,,,,,,,,,,,,,,,,,,,,,,,,,,,,,,,,,,,,,,,,,,,,,,,,,,,,,,,,,,,,,,,,,,,,,,,,,,,
ds-132109,PRODUCT,Thomas Sabo Charm Club Einzelner Ohrstecker,false,"<p>gearbeitet in 925 Silber vergoldet, mit weissen Zirkonia, 2 Jahre GarantieReferenz: H2132-414-14Verfügbar in der Bijouterie am Bogen in Bremgarten AG</p>",schmuck;ohrschmuck;thomas-sabo,schmuck,,,,Thomas Sabo,35,,,,,,14.6,2,false,,,132109,H2132-414-14,,,,,,,,,,,,,,,,,,,,,,,,,,,,,,,,,,,,,,,,,,,,,,,,,,,,,,,,,,,,,,,,,,,,,
ds-127737,PRODUCT,ICE Watch Fantasia,true,"<p>Gehäuse und Band aus Silikon weiss, Quarzwerk, Zifferblatt weiss mit einem Einhorn, Small, 10bar, 2 Jahre GarantieReferenz: 016 721Verfügbar in der Bijouterie Am Bogen in Bremgarten AG und in der Bijouterie Droz in Zofingen AG</p>",uhren;kinderuhren;ice-watch,uhren,,,,ICE Watch,99,,,,,,49.5,2,false,,,127737,016 721,,,,,,,,,,,,,,,,,,,,,,,,,,,,,,,,,,,,,,,,,,,,,,,,,,,,,,,,,,,,,,,,,,,,,
ds-127737,MEDIA,,,,,,6673aa_1a9e77357b2b495588f840899f782914~mv2.png,,,,,,,,,,,,,,,,,,,,,,,,,,,,,,,,,,,,,,,,,,,,,,,,,,,,,,,,,,,,,,,,,,,,,,,,,,,,,,,,,,,,,
ds-127737,MEDIA,,,,,,6673aa_d8eefd5a4a8342fd9dc3b1a53602abc1~mv2.png,,,,,,,,,,,,,,,,,,,,,,,,,,,,,,,,,,,,,,,,,,,,,,,,,,,,,,,,,,,,,,,,,,,,,,,,,,,,,,,,,,,,,
ds-127737,MEDIA,,,,,,6673aa_b77d177f7d644ec4bc5133ab72388481~mv2.png,,,,,,,,,,,,,,,,,,,,,,,,,,,,,,,,,,,,,,,,,,,,,,,,,,,,,,,,,,,,,,,,,,,,,,,,,,,,,,,,,,,,,
ds-127737,MEDIA,,,,,,6673aa_81cd4b37e45540f2a711b0163aa5e811~mv2.png,,,,,,,,,,,,,,,,,,,,,,,,,,,,,,,,,,,,,,,,,,,,,,,,,,,,,,,,,,,,,,,,,,,,,,,,,,,,,,,,,,,,,
ds-132089,PRODUCT,Thomas Sabo Charm Club Figarocollier,false,"<p>gearbeitet in 925 Silber vergoldet, Figaro, Oberfläche: poliert, Länge: 40cm - 45cm, Karabinerverschluss, zwei Jahre GarantieReferenz: KE2329-413-39-L45VVerfügbar in der Bijouterie am Bogen in Bremgarten AG</p>",schmuck;colliers;thomas-sabo,schmuck,,,,Thomas Sabo,115,,,,,,47.9,1,false,,,132089,KE2329-413-39-L45V,,,,,,,,,,,,,,,,,,,,,,,,,,,,,,,,,,,,,,,,,,,,,,,,,,,,,,,,,,,,,,,,,,,,,
ds-132088,PRODUCT,Thomas Sabo Charm Club Ankercollier,false,"<p>gearbeitet in 925 Silber vergoldet, Ankerkette, Oberfläche: poliert, Länge: 70cm verstellbar, Karabinerverschluss, zwei Jahre GarantieReferenz: KE2328-413-39-L70VVerfügbar in der Bijouterie am Bogen in Bremgarten AG</p>",schmuck;colliers;thomas-sabo,schmuck,,,,Thomas Sabo,175,,,,,,72.9,1,false,,,132088,KE2328-413-39-L70V,,,,,,,,,,,,,,,,,,,,,,,,,,,,,,,,,,,,,,,,,,,,,,,,,,,,,,,,,,,,,,,,,,,,,
ds-132087,PRODUCT,Thomas Sabo Charm Club Ankercollier,false,"<p>gearbeitet in 925 Silber, Ankerkette, Oberfläche: poliert, Länge: 70cm verstellbar, Karabinerverschluss, zwei Jahre GarantieReferenz: KE2328-001-21-L70VVerfügbar in der Bijouterie am Bogen in Bremgarten AG</p>",schmuck;colliers;thomas-sabo,schmuck,,,,Thomas Sabo,79,,,,,,32.9,1,false,,,132087,KE2328-001-21-L70V,,,,,,,,,,,,,,,,,,,,,,,,,,,,,,,,,,,,,,,,,,,,,,,,,,,,,,,,,,,,,,,,,,,,,
ds-124606,PRODUCT,ICE Watch Generation,true,"<p>Ice Generation Lagoon, Silikonband in rosa, Grösse Small, 10 bar Wasserdicht, Quarzwerk, 2 Jahre GarantieReferenz: 019 148Verfügbar in der Bijouterie am Bogen in Bremgarten AG</p>",uhren;damenuhren;ice-watch,uhren,,,,ICE Watch,129,,,,,,64.5,1,false,,,124606,019 148,,,,,,,,,,,,,,,,,,,,,,,,,,,,,,,,,,,,,,,,,,,,,,,,,,,,,,,,,,,,,,,,,,,,,
ds-124606,MEDIA,,,,,,6673aa_1dbb1a10302a4f8a958e22a2e1dae6aa~mv2.png,,,,,,,,,,,,,,,,,,,,,,,,,,,,,,,,,,,,,,,,,,,,,,,,,,,,,,,,,,,,,,,,,,,,,,,,,,,,,,,,,,,,,
ds-132086,PRODUCT,Thomas Sabo Charm Club Ankercollier,false,"<p>gearbeitet in 925 Silber, Ankerkette, Oberfläche: poliert, Länge: 45cm verstellbar, Karabinerverschluss, zwei Jahre GarantieReferenz: KE2328-001-21-L45VVerfügbar in der Bijouterie am Bogen in Bremgarten AG</p>",schmuck;colliers;thomas-sabo,schmuck,,,,Thomas Sabo,69,,,,,,28.75,1,false,,,132086,KE2328-001-21-L45V,,,,,,,,,,,,,,,,,,,,,,,,,,,,,,,,,,,,,,,,,,,,,,,,,,,,,,,,,,,,,,,,,,,,,
ds-132085,PRODUCT,Thomas Sabo Charm Club Anhänger,false,"<p>gearbeitet in 925 Silber geschwärzt, Oberfläche: poliert, mit weissen Zirkonia und Kaltemail, Schleife, zwei Jahre GarantieReferenz: CC1288-691-11Verfügbar in der Bijouterie am Bogen in Bremgarten AG</p>",schmuck;anhaenger;thomas-sabo,schmuck,,,,Thomas Sabo,69,,,,,,26.55,1,false,,,132085,CC1288-691-11,,,,,,,,,,,,,,,,,,,,,,,,,,,,,,,,,,,,,,,,,,,,,,,,,,,,,,,,,,,,,,,,,,,,,
ds-132084,PRODUCT,Thomas Sabo Charm Club Anhänger,false,"<p>gearbeitet in 925 Silber vergoldet, Oberfläche: poliert, mit weissen Zirkonia und einer weissen Süsswasser Zuchtperle, Kreuz, zwei Jahre GarantieReferenz: CC1287-445-14Verfügbar in der Bijouterie am Bogen in Bremgarten AG</p>",schmuck;anhaenger;thomas-sabo,schmuck,,,,Thomas Sabo,95,,,,,,36.55,1,false,,,132084,CC1287-445-14,,,,,,,,,,,,,,,,,,,,,,,,,,,,,,,,,,,,,,,,,,,,,,,,,,,,,,,,,,,,,,,,,,,,,
ds-132477,PRODUCT,Thomas Sabo Charm Club Collier,false,"<p>gearbeitet in 925 Silber, Oberfläche: poliert, Ankerkette, Länge: 50cm verstellbar, Ringverschluss, zwei Jahre GarantieReferenz: C1207-001-21-L50Verfügbar in der Bijouterie am Bogen in Bremgarten AG</p>",schmuck;colliers;thomas-sabo,,,,,Thomas Sabo,175,,,,,,72.9,1,false,,,132477,C1207-001-21-L50,,,,,,,,,,,,,,,,,,,,,,,,,,,,,,,,,,,,,,,,,,,,,,,,,,,,,,,,,,,,,,,,,,,,,
ds-132874,PRODUCT,Thomas Sabo Charm Club Figarocollier,false,"<p>gearbeitet in 925 Silber, Figaro, Oberfläche: poliert, Länge: 40cm - 45cm, Karabinerverschluss, zwei Jahre GarantieReferenz: KE2329-001-21-L45VVerfügbar in der Bijouterie am Bogen in Bremgarten AG</p>",schmuck;colliers;thomas-sabo,schmuck,,,,Thomas Sabo,42,,,,,,17.5,1,false,,,132874,KE2329-001-21-L45V,,,,,,,,,,,,,,,,,,,,,,,,,,,,,,,,,,,,,,,,,,,,,,,,,,,,,,,,,,,,,,,,,,,,,
ds-131827,PRODUCT,ICE Watch learning,true,"<p>Gehäuse aus Kunststoff blau, Stoffband blau, Quartzwerk, Zifferblatt weiss mit farbigen Zahlen, Durchmesser 32mm, Wasserdicht bis 3bar, 2 Jahre GarantieReferenz: 024 503Verfügbar in der Bijouterie Am Bogen in Bremgarten AG und in der Bijouterie Droz in Zofingen AG</p>",uhren;kinderuhren;ice-watch,uhren,,,,ICE Watch,49,,,,,,19.6,2,false,,,131827,024 503,,,,,,,,,,,,,,,,,,,,,,,,,,,,,,,,,,,,,,,,,,,,,,,,,,,,,,,,,,,,,,,,,,,,,
ds-131827,MEDIA,,,,,,6673aa_234b522c72fd498885d59bd289c384e7~mv2.png,,,,,,,,,,,,,,,,,,,,,,,,,,,,,,,,,,,,,,,,,,,,,,,,,,,,,,,,,,,,,,,,,,,,,,,,,,,,,,,,,,,,,
ds-131827,MEDIA,,,,,,6673aa_51001517da904593a9fe9cc0ef221a4b~mv2.png,,,,,,,,,,,,,,,,,,,,,,,,,,,,,,,,,,,,,,,,,,,,,,,,,,,,,,,,,,,,,,,,,,,,,,,,,,,,,,,,,,,,,
ds-131827,MEDIA,,,,,,6673aa_aae1bd346e674d0a9d4bcc71f9798ecf~mv2.png,,,,,,,,,,,,,,,,,,,,,,,,,,,,,,,,,,,,,,,,,,,,,,,,,,,,,,,,,,,,,,,,,,,,,,,,,,,,,,,,,,,,,
ds-131827,MEDIA,,,,,,6673aa_781fa970331e46cd9337c2c3d33f75d2~mv2.png,,,,,,,,,,,,,,,,,,,,,,,,,,,,,,,,,,,,,,,,,,,,,,,,,,,,,,,,,,,,,,,,,,,,,,,,,,,,,,,,,,,,,
ds-132926,PRODUCT,Thomas Sabo Charm Club Anhänger,false,"<p>gearbeitet in 925 Silber vergoldet, Oberfläche: poliert, mit einem Zirkonia, Herz, zwei Jahre GarantieReferenz: CC1234-414-14Verfügbar in der Bijouterie am Bogen in Bremgarten AG</p>",schmuck;anhaenger;thomas-sabo,schmuck,,,,Thomas Sabo,75,,,,,,28.85,1,false,,,132926,CC1234-414-14,,,,,,,,,,,,,,,,,,,,,,,,,,,,,,,,,,,,,,,,,,,,,,,,,,,,,,,,,,,,,,,,,,,,,
ds-133232,PRODUCT,Thomas Sabo Charm Club Anhänger,false,"<p>gearbeitet in 925 Silber vergoldet, Oberfläche: poliert, Kleeblatt, zwei Jahre GarantieReferenz: CC1202-413-39Verfügbar in der Bijouterie am Bogen in Bremgarten AG</p>",schmuck;anhaenger;thomas-sabo,schmuck,,,,Thomas Sabo,45,,,,,,17.3,1,false,,,133232,CC1202-413-39,,,,,,,,,,,,,,,,,,,,,,,,,,,,,,,,,,,,,,,,,,,,,,,,,,,,,,,,,,,,,,,,,,,,,
ds-133231,PRODUCT,Thomas Sabo Charm Club Anhänger,false,"<p>gearbeitet in 925 Silber, Oberfläche: poliert, Kleeblatt, zwei Jahre GarantieReferenz: CC1202-001-21Verfügbar in der Bijouterie am Bogen in Bremgarten AG</p>",schmuck;anhaenger;thomas-sabo,schmuck,,,,Thomas Sabo,32,,,,,,12.3,1,false,,,133231,CC1202-001-21,,,,,,,,,,,,,,,,,,,,,,,,,,,,,,,,,,,,,,,,,,,,,,,,,,,,,,,,,,,,,,,,,,,,,
ds-132983,PRODUCT,Thomas Sabo Charm Club Bracelet,false,"<p>gearbeitet in 925 Silber vergoldet, Oberfläche: poliert, Länge: 18.5cm, Ankerkette, Karabinerverschluss, zwei Jahre GarantieReferenz: X0163-413-39-L18.5Verfügbar in der Bijouterie am Bogen in Bremgarten AG</p>",schmuck;bracelets;thomas-sabo,schmuck,,,,Thomas Sabo,98,,,,,,40.85,1,false,,,132983,X0163-413-39-L18.5,,,,,,,,,,,,,,,,,,,,,,,,,,,,,,,,,,,,,,,,,,,,,,,,,,,,,,,,,,,,,,,,,,,,,
ds-132982,PRODUCT,Thomas Sabo Charm Club Bracelet,false,"<p>gearbeitet in 925 Silber vergoldet, Oberfläche: poliert, Länge: 17cm, Ankerkette, Karabinerverschluss, zwei Jahre GarantieReferenz: X0163-413-39-L17Verfügbar in der Bijouterie am Bogen in Bremgarten AG</p>",schmuck;bracelets;thomas-sabo,schmuck,,,,Thomas Sabo,98,,,,,,40.85,1,false,,,132982,X0163-413-39-L17,,,,,,,,,,,,,,,,,,,,,,,,,,,,,,,,,,,,,,,,,,,,,,,,,,,,,,,,,,,,,,,,,,,,,
ds-132287,PRODUCT,ICE Watch champagne,true,"<p>Gehöuse und Band aus Silikon grün, Quarzwerk, Zifferblatt mit Sonnenschliff grün, Durchmesser: 40mm, Mineralglas, Wasserdicht bis 10bar, 2 Jahre GarantieReferenz: 025 353Verfügbar in der Bijouterie am Bogen in Bremgarten AG</p>",uhren;damenuhren;ice-watch,uhren,,,,ICE Watch,119,,,,,,47.6,1,false,,,132287,025 353,,,,,,,,,,,,,,,,,,,,,,,,,,,,,,,,,,,,,,,,,,,,,,,,,,,,,,,,,,,,,,,,,,,,,
ds-132287,MEDIA,,,,,,6673aa_b35ab2d19b0b46418dac23bda81ce6b4~mv2.jpg,,,,,,,,,,,,,,,,,,,,,,,,,,,,,,,,,,,,,,,,,,,,,,,,,,,,,,,,,,,,,,,,,,,,,,,,,,,,,,,,,,,,,
ds-132286,PRODUCT,ICE Watch champagne,true,"<p>Gehöuse und Band aus Silikon rosa, Quarzwerk, Zifferblatt mit Sonnenschliff rosa, Durchmesser: 34mm, Mineralglas, Wasserdicht bis 10bar, 2 Jahre GarantieReferenz: 025 352Verfügbar in der Bijouterie am Bogen in Bremgarten AG</p>",uhren;damenuhren;ice-watch,uhren,,,,ICE Watch,119,,,,,,47.6,1,false,,,132286,025 352,,,,,,,,,,,,,,,,,,,,,,,,,,,,,,,,,,,,,,,,,,,,,,,,,,,,,,,,,,,,,,,,,,,,,
ds-132286,MEDIA,,,,,,6673aa_8e3871aeb1854635ae4ce41559c5d85a~mv2.jpg,,,,,,,,,,,,,,,,,,,,,,,,,,,,,,,,,,,,,,,,,,,,,,,,,,,,,,,,,,,,,,,,,,,,,,,,,,,,,,,,,,,,,
ds-132285,PRODUCT,ICE Watch champagne,true,"<p>Gehöuse und Band aus Silikon beige, Quarzwerk, Zifferblatt mit Sonnenschliff beige, Durchmesser: 40mm, Mineralglas, Wasserdicht bis 10bar, 2 Jahre GarantieReferenz: 025 351Verfügbar in der Bijouterie am Bogen in Bremgarten AG</p>",uhren;damenuhren;ice-watch,,,,,ICE Watch,119,,,,,,47.6,1,false,,,132285,025 351,,,,,,,,,,,,,,,,,,,,,,,,,,,,,,,,,,,,,,,,,,,,,,,,,,,,,,,,,,,,,,,,,,,,,
ds-132285,MEDIA,,,,,,6673aa_6656f222d8a947ffafa9faf9a5898734~mv2.jpg,,,,,,,,,,,,,,,,,,,,,,,,,,,,,,,,,,,,,,,,,,,,,,,,,,,,,,,,,,,,,,,,,,,,,,,,,,,,,,,,,,,,,
ds-132284,PRODUCT,ICE Watch champagne,true,"<p>Gehöuse und Band aus Silikon schwarz, Quarzwerk, Zifferblatt mit Sonnenschliff schwarz, Durchmesser: 37mm, Mineralglas, Wasserdicht bis 10bar, 2 Jahre GarantieReferenz: 025 257Verfügbar in der Bijouterie am Bogen in Bremgarten AG</p>",uhren;damenuhren;ice-watch,,,,,ICE Watch,119,,,,,,47.6,2,false,,,132284,025 257,,,,,,,,,,,,,,,,,,,,,,,,,,,,,,,,,,,,,,,,,,,,,,,,,,,,,,,,,,,,,,,,,,,,,
ds-132284,MEDIA,,,,,,6673aa_f2a67f600dc6488788bdddc10c37602f~mv2.jpg,,,,,,,,,,,,,,,,,,,,,,,,,,,,,,,,,,,,,,,,,,,,,,,,,,,,,,,,,,,,,,,,,,,,,,,,,,,,,,,,,,,,,
ds-132283,PRODUCT,ICE Watch champagne,true,"<p>Gehöuse und Band aus Silikon dunkelblau, Quarzwerk, Zifferblatt mit Sonnenschliff dunkelblau, Durchmesser: 37mm, Mineralglas, Wasserdicht bis 10bar, 2 Jahre GarantieReferenz: 025 256Verfügbar in der Bijouterie am Bogen in Bremgarten AG</p>",uhren;damenuhren;ice-watch,,,,,ICE Watch,119,,,,,,47.6,1,false,,,132283,025 256,,,,,,,,,,,,,,,,,,,,,,,,,,,,,,,,,,,,,,,,,,,,,,,,,,,,,,,,,,,,,,,,,,,,,
ds-132283,MEDIA,,,,,,6673aa_526ad43131b74bb5b0a3d9b4031797cd~mv2.jpg,,,,,,,,,,,,,,,,,,,,,,,,,,,,,,,,,,,,,,,,,,,,,,,,,,,,,,,,,,,,,,,,,,,,,,,,,,,,,,,,,,,,,
ds-132282,PRODUCT,ICE Watch champagne,true,"<p>Gehöuse und Band aus Silikon rot, Quarzwerk, Zifferblatt mit Sonnenschliff rot, Durchmesser: 37mm, Mineralglas, Wasserdicht bis 10bar, 2 Jahre GarantieReferenz: 025 255Verfügbar in der Bijouterie am Bogen in Bremgarten AG</p>",uhren;damenuhren;ice-watch,uhren,,,,ICE Watch,119,,,,,,47.6,1,false,,,132282,025 255,,,,,,,,,,,,,,,,,,,,,,,,,,,,,,,,,,,,,,,,,,,,,,,,,,,,,,,,,,,,,,,,,,,,,
ds-132282,MEDIA,,,,,,6673aa_29068b97499a420cbc65bd16758724c1~mv2.jpg,,,,,,,,,,,,,,,,,,,,,,,,,,,,,,,,,,,,,,,,,,,,,,,,,,,,,,,,,,,,,,,,,,,,,,,,,,,,,,,,,,,,,
ds-132281,PRODUCT,ICE Watch champagne,true,"<p>Gehöuse und Band aus Silikon grün, Quarzwerk, Zifferblatt mit Sonnenschliff grün, Durchmesser: 37mm, Mineralglas, Wasserdicht bis 10bar, 2 Jahre GarantieReferenz: 025 254Verfügbar in der Bijouterie am Bogen in Bremgarten AG</p>",uhren;damenuhren;ice-watch,uhren,,,,ICE Watch,119,,,,,,47.6,1,false,,,132281,025 254,,,,,,,,,,,,,,,,,,,,,,,,,,,,,,,,,,,,,,,,,,,,,,,,,,,,,,,,,,,,,,,,,,,,,
ds-132281,MEDIA,,,,,,6673aa_db40d5f71cf849ef9b185265744c3494~mv2.jpg,,,,,,,,,,,,,,,,,,,,,,,,,,,,,,,,,,,,,,,,,,,,,,,,,,,,,,,,,,,,,,,,,,,,,,,,,,,,,,,,,,,,,
ds-132280,PRODUCT,ICE Watch champagne,true,"<p>Gehöuse und Band aus Silikon rosa, Quarzwerk, Zifferblatt mit Sonnenschliff rosa, Durchmesser: 37mm, Mineralglas, Wasserdicht bis 10bar, 2 Jahre GarantieReferenz: 025 253Verfügbar in der Bijouterie am Bogen in Bremgarten AG</p>",uhren;damenuhren;ice-watch,uhren,,,,ICE Watch,119,,,,,,47.6,1,false,,,132280,025 253,,,,,,,,,,,,,,,,,,,,,,,,,,,,,,,,,,,,,,,,,,,,,,,,,,,,,,,,,,,,,,,,,,,,,
ds-132280,MEDIA,,,,,,6673aa_6e9d2f49b660453d8bf116b6657daff1~mv2.jpg,,,,,,,,,,,,,,,,,,,,,,,,,,,,,,,,,,,,,,,,,,,,,,,,,,,,,,,,,,,,,,,,,,,,,,,,,,,,,,,,,,,,,
ds-132279,PRODUCT,ICE Watch champagne,true,"<p>Gehöuse und Band aus Silikon braun, Quarzwerk, Zifferblatt mit Sonnenschliff braun, Durchmesser: 37mm, Mineralglas, Wasserdicht bis 10bar, 2 Jahre GarantieReferenz: 025 252Verfügbar in der Bijouterie am Bogen in Bremgarten AG</p>",uhren;damenuhren;ice-watch,uhren,,,,ICE Watch,119,,,,,,47.6,1,false,,,132279,025 252,,,,,,,,,,,,,,,,,,,,,,,,,,,,,,,,,,,,,,,,,,,,,,,,,,,,,,,,,,,,,,,,,,,,,
ds-132279,MEDIA,,,,,,6673aa_5cffe3c4cd5d4ed699076c9b7e0757c5~mv2.jpg,,,,,,,,,,,,,,,,,,,,,,,,,,,,,,,,,,,,,,,,,,,,,,,,,,,,,,,,,,,,,,,,,,,,,,,,,,,,,,,,,,,,,
ds-123369,PRODUCT,ICE Watch Cartoon XS,true,"<p>ICE Cartoon, blau Kunststoffband, Quarzwerk, Size: Extra Small, 10bar Wasserdicht, zwei Jahre GarantieReferenz: 018 932Verfügbar in der Bijouterie am Bogen in Bremgarten AG</p>",uhren;kinderuhren;ice-watch,uhren,,,,ICE Watch,89,,,,,,44.5,1,false,,,123369,018 932,,,,,,,,,,,,,,,,,,,,,,,,,,,,,,,,,,,,,,,,,,,,,,,,,,,,,,,,,,,,,,,,,,,,,
ds-123369,MEDIA,,,,,,6673aa_beb053c47ce14862968b7870255ba6d3~mv2.jpg,,,,,,,,,,,,,,,,,,,,,,,,,,,,,,,,,,,,,,,,,,,,,,,,,,,,,,,,,,,,,,,,,,,,,,,,,,,,,,,,,,,,,
ds-132278,PRODUCT,ICE Watch champagne,true,"<p>Gehöuse und Band aus Silikon beige, Quarzwerk, Zifferblatt mit Sonnenschliff beige, Durchmesser: 37mm, Mineralglas, Wasserdicht bis 10bar, 2 Jahre GarantieReferenz: 025 251Verfügbar in der Bijouterie am Bogen in Bremgarten AG</p>",uhren;damenuhren;ice-watch,uhren,,,,ICE Watch,119,,,,,,47.6,1,false,,,132278,025 251,,,,,,,,,,,,,,,,,,,,,,,,,,,,,,,,,,,,,,,,,,,,,,,,,,,,,,,,,,,,,,,,,,,,,
ds-132278,MEDIA,,,,,,6673aa_4539f3384a1a4bc298a89fdea30409fc~mv2.jpg,,,,,,,,,,,,,,,,,,,,,,,,,,,,,,,,,,,,,,,,,,,,,,,,,,,,,,,,,,,,,,,,,,,,,,,,,,,,,,,,,,,,,
ds-132937,PRODUCT,Thomas Sabo Charm Club Collier,false,"<p>gearbeitet in 925 Sterlingsilber vergoldet, Oberfläche: poliert, mit weissem Charmista Coin mit Kaltemail, Länge: 45cm, Karabinerverschluss, 2 Jahre GarantieReferenz: X2089-427-39-L45Verfügbar in der Bijouterie am Bogen in Bremgarten AG</p>",schmuck;colliers;thomas-sabo,,,,,Thomas Sabo,198,,,,,,82.5,1,false,,,132937,132937,,,,,,,,,,,,,,,,,,,,,,,,,,,,,,,,,,,,,,,,,,,,,,,,,,,,,,,,,,,,,,,,,,,,,
ds-132936,PRODUCT,Thomas Sabo Charm Club Collier,false,"<p>gearbeitet in 925 Sterlingsilber, Oberfläche: poliert, mit weissem Charmista Coin mit Kaltemail, Länge: 45cm, Karabinerverschluss, 2 Jahre GarantieReferenz: X2089-007-21-L45Verfügbar in der Bijouterie am Bogen in Bremgarten AG</p>",schmuck;colliers;thomas-sabo,,,,,Thomas Sabo,109,,,,,,45.4,1,false,,,132936,132936,,,,,,,,,,,,,,,,,,,,,,,,,,,,,,,,,,,,,,,,,,,,,,,,,,,,,,,,,,,,,,,,,,,,,
ds-132312,PRODUCT,ICE Watch smart 3 0,true,"<p>Smartwatch mit GPS, aus Aluminium PVD rosé mit Silikonband rosa Durchmesser: 36mm Fuktionen: Aktivität, Telefonieren, Schlaf, Herzfrequenzmessung, Blutdruckmessung, Sportarten, Wetter, Benachrichtigungen, Sprachassistent, Kamerasteuerung, Musiksteuerung, Timer, Wecker, Stoppuhr, Taschenlampe, Rechner und Telefonsuche 2 Jahre GarantieReferenz: 024 303Verfügbar in der Bijouterie am Bogen in Bremgarten AG</p>",uhren;damenuhren;ice-watch,uhren,,,,ICE Watch,119,,,,,,47.6,1,false,,,132312,024 303,,,,,,,,,,,,,,,,,,,,,,,,,,,,,,,,,,,,,,,,,,,,,,,,,,,,,,,,,,,,,,,,,,,,,
ds-132312,MEDIA,,,,,,6673aa_2bc5d619895245be8a6f1eb146894310~mv2.jpg,,,,,,,,,,,,,,,,,,,,,,,,,,,,,,,,,,,,,,,,,,,,,,,,,,,,,,,,,,,,,,,,,,,,,,,,,,,,,,,,,,,,,
ds-131849,PRODUCT,ICE Watch smart 3 0,true,"<p>Smartwatch mit GPS, aus Edelstahl PVD rosé mit Silikonband rosa Durchmesser: 40mm Fuktionen: Aktivität, Telefonieren, Schlaf, Herzfrequenzmessung, Blutdruckmessung, Sportarten, Wetter, Benachrichtigungen, Sprachassistent, Kamerasteuerung, Musiksteuerung, Timer, Wecker, Stoppuhr, Taschenlampe, Rechner und Telefonsuche 2 Jahre Garantie</p><p>Referenz: 025 103</p><p>Verfügbar in der Bijouterie am Bogen in Bremgarten AG</p>",uhren;damenuhren;ice-watch,uhren,,,,ICE Watch,129,,,,,,51.6,1,false,,,131849,025 103,,,,,,,,,,,,,,,,,,,,,,,,,,,,,,,,,,,,,,,,,,,,,,,,,,,,,,,,,,,,,,,,,,,,,
ds-131849,MEDIA,,,,,,6673aa_df6ec0d88c194eb1aadbe301e457fb47~mv2.jpg,,,,,,,,,,,,,,,,,,,,,,,,,,,,,,,,,,,,,,,,,,,,,,,,,,,,,,,,,,,,,,,,,,,,,,,,,,,,,,,,,,,,,
ds-132935,PRODUCT,Thomas Sabo Charm Club Collier,false,"<p>gearbeitet in 925 Sterlingsilber, Oberfläche: poliert, mit weissem Charmista Coin mit Kaltemail, Länge: 45cm, Karabinerverschluss, 2 Jahre GarantieReferenz: X0288-007-21-L45Verfügbar in der Bijouterie am Bogen in Bremgarten AG</p>",schmuck;colliers;thomas-sabo,schmuck,,,,Thomas Sabo,165,,,,,,68.75,1,false,,,132935,132935,,,,,,,,,,,,,,,,,,,,,,,,,,,,,,,,,,,,,,,,,,,,,,,,,,,,,,,,,,,,,,,,,,,,,
ds-131663,PRODUCT,ICE Watch Power,true,"<p>Gehäuse aus Kunstoff schwarz mit einem Silikonband schwarz, Quarzwerk, Zifferblatt schwarz mit Index, mit einer Lünette Edelstahl PVD gelb, Durchmesser 36mm, Wasserdicht bis 10bar, zwei Jahre GarantieReferenz: 024 768Verfügbar in der Bijouterie am Bogen in Bremgarten AG</p>",uhren;damenuhren;ice-watch,uhren,,,,ICE Watch,119,,,,,,47.6,1,false,,,131663,024 768,,,,,,,,,,,,,,,,,,,,,,,,,,,,,,,,,,,,,,,,,,,,,,,,,,,,,,,,,,,,,,,,,,,,,
ds-131663,MEDIA,,,,,,6673aa_b16f8f3005504cfb81d050ddccf1ca07~mv2.jpg,,,,,,,,,,,,,,,,,,,,,,,,,,,,,,,,,,,,,,,,,,,,,,,,,,,,,,,,,,,,,,,,,,,,,,,,,,,,,,,,,,,,,
ds-131662,PRODUCT,ICE Watch Power,true,"<p>Gehäuse aus Kunstoff weiss mit einem Silikonband weiss, Quarzwerk, Zifferblatt Regenbogen-Farben mit Index, mit einer Lünette Edelstahl PVD gelb, Durchmesser 36mm, Wasserdicht bis 10bar, zwei Jahre GarantieReferenz: 024 766Verfügbar in der Bijouterie am Bogen in Bremgarten AG</p>",uhren;damenuhren;ice-watch,uhren,,,,ICE Watch,119,,,,,,47.6,1,false,,,131662,024 766,,,,,,,,,,,,,,,,,,,,,,,,,,,,,,,,,,,,,,,,,,,,,,,,,,,,,,,,,,,,,,,,,,,,,
ds-131662,MEDIA,,,,,,6673aa_10be0cc0687a4ffebb53f4bafdd4001a~mv2.jpg,,,,,,,,,,,,,,,,,,,,,,,,,,,,,,,,,,,,,,,,,,,,,,,,,,,,,,,,,,,,,,,,,,,,,,,,,,,,,,,,,,,,,
ds-132929,PRODUCT,Thomas Sabo Charm Club Anhänger,false,"<p>gearbeitet in 925 Silber, Oberfläche: poliert, mit einer Süsswasser Zuchtperle, mit einem pinken Zirkonia, zwei Jahre GarantieReferenz: CC1323-167-14Verfügbar in der Bijouterie am Bogen in Bremgarten AG</p>",schmuck;anhaenger;thomas-sabo,,,,,Thomas Sabo,65,,,,,,25,1,false,,,132929,CC1323-167-14,,,,,,,,,,,,,,,,,,,,,,,,,,,,,,,,,,,,,,,,,,,,,,,,,,,,,,,,,,,,,,,,,,,,,
ds-132928,PRODUCT,Thomas Sabo Charm Club Anhänger,false,"<p>gearbeitet in 925 Silber vergoldet, Oberfläche: poliert, mit einer Süsswasser Zuchtperle, mit einem Lab-Grown Rubin, zwei Jahre GarantieReferenz: CC1323-430-14Verfügbar in der Bijouterie am Bogen in Bremgarten AG</p>",schmuck;anhaenger;thomas-sabo,,,,,Thomas Sabo,95,,,,,,36.55,1,false,,,132928,CC1323-430-14,,,,,,,,,,,,,,,,,,,,,,,,,,,,,,,,,,,,,,,,,,,,,,,,,,,,,,,,,,,,,,,,,,,,,
ds-131659,PRODUCT,ICE Watch Power,true,"<p>Gehäuse aus Kunstoff grün mit einem Silikonband grün, Quarzwerk, Zifferblatt grün mit Index, mit einer Lünette Edelstahl PVD gelb, Durchmesser 36mm, Wasserdicht bis 10bar, zwei Jahre GarantieReferenz: 024 756Verfügbar in der Bijouterie Am Bogen in Bremgarten AG und in der Bijouterie Droz in Zofingen AG</p>",uhren;damenuhren;ice-watch,uhren,,,,ICE Watch,119,,,,,,47.6,2,false,,,131659,024 756,,,,,,,,,,,,,,,,,,,,,,,,,,,,,,,,,,,,,,,,,,,,,,,,,,,,,,,,,,,,,,,,,,,,,
ds-131659,MEDIA,,,,,,6673aa_4051eb0494e446928dc723eb05390caf~mv2.jpg,,,,,,,,,,,,,,,,,,,,,,,,,,,,,,,,,,,,,,,,,,,,,,,,,,,,,,,,,,,,,,,,,,,,,,,,,,,,,,,,,,,,,
ds-130220,PRODUCT,ICE Watch world,true,"<p>Gehäuse und Band aus Silikon weiss, Quarzwerk, Zifferblatt world, Durchmesser 37mm, Wasserdicht bis 10bar, 2 Jahre GarantieReferenz: 022 484Verfügbar in der Bijouterie am Bogen in Bremgarten AG</p>",uhren;damenuhren;ice-watch,,,,,ICE Watch,119,,,,,,47.6,1,false,,,130220,022 484,,,,,,,,,,,,,,,,,,,,,,,,,,,,,,,,,,,,,,,,,,,,,,,,,,,,,,,,,,,,,,,,,,,,,
ds-130220,MEDIA,,,,,,6673aa_56f04a416ee84d5fa1be98a473a60dd3~mv2.png,,,,,,,,,,,,,,,,,,,,,,,,,,,,,,,,,,,,,,,,,,,,,,,,,,,,,,,,,,,,,,,,,,,,,,,,,,,,,,,,,,,,,
ds-132927,PRODUCT,Thomas Sabo Charm Club Anhänger,false,"<p>gearbeitet in 925 Silber, Oberfläche: poliert, Rose, zwei Jahre GarantieReferenz: CC1263-001-21Verfügbar in der Bijouterie am Bogen in Bremgarten AG</p>",schmuck;anhaenger;thomas-sabo,schmuck,,,,Thomas Sabo,98,,,,,,37.7,1,false,,,132927,CC1263-001-21,,,,,,,,,,,,,,,,,,,,,,,,,,,,,,,,,,,,,,,,,,,,,,,,,,,,,,,,,,,,,,,,,,,,,
ds-131828,PRODUCT,ICE Watch learning,true,"<p>Gehäuse aus Kunststoff blau mit Stoffband blau mit Dinos, Zifferblatt weiss mit farbigen Zahlen, Durchmesser 32mm, Wasserdicht bis 3bar, 2 Jahre GarantieReferenz: 024 501Verfügbar in der Bijouterie Am Bogen in Bremgarten AG und in der Bijouterie Droz in Zofingen AG</p>",uhren;kinderuhren;ice-watch,,,,,ICE Watch,49,,,,,,19.6,2,false,,,131828,024 501,,,,,,,,,,,,,,,,,,,,,,,,,,,,,,,,,,,,,,,,,,,,,,,,,,,,,,,,,,,,,,,,,,,,,
ds-131828,MEDIA,,,,,,6673aa_a5af9caf93b84697a721f1cf150fece4~mv2.png,,,,,,,,,,,,,,,,,,,,,,,,,,,,,,,,,,,,,,,,,,,,,,,,,,,,,,,,,,,,,,,,,,,,,,,,,,,,,,,,,,,,,
ds-131828,MEDIA,,,,,,6673aa_88b69ce548644ddba71df3713ebc8c49~mv2.png,,,,,,,,,,,,,,,,,,,,,,,,,,,,,,,,,,,,,,,,,,,,,,,,,,,,,,,,,,,,,,,,,,,,,,,,,,,,,,,,,,,,,
ds-131828,MEDIA,,,,,,6673aa_d4ff6a7f42f74e30a9a7cfb50378ebcf~mv2.png,,,,,,,,,,,,,,,,,,,,,,,,,,,,,,,,,,,,,,,,,,,,,,,,,,,,,,,,,,,,,,,,,,,,,,,,,,,,,,,,,,,,,
ds-131828,MEDIA,,,,,,6673aa_4b392990567e4684a0c292064d9b7a0b~mv2.png,,,,,,,,,,,,,,,,,,,,,,,,,,,,,,,,,,,,,,,,,,,,,,,,,,,,,,,,,,,,,,,,,,,,,,,,,,,,,,,,,,,,,
ds-132948,PRODUCT,Thomas Sabo Charm Club Bracelet,false,"<p>gearbeitet in 925 Silber vergoldet, Ankerkette, mit weissen Zirkonia Länge: 16cm bis 19cm, mit einem Karabinerverschluss, zwei Jahre GarantieReferenz: A2221-414-14-L19VVerfügbar in der Bijouterie am Bogen in Bremgarten AG</p>",schmuck;bracelets;thomas-sabo,schmuck,,,,Thomas Sabo,159,,,,,,66.25,1,false,,,132948,A2221-414-14-L19V,,,,,,,,,,,,,,,,,,,,,,,,,,,,,,,,,,,,,,,,,,,,,,,,,,,,,,,,,,,,,,,,,,,,,
ds-113031,PRODUCT,Tissot PR 100,true,"<p>Gehäuse und Band aus Edelstahl / PVD, matt/poliert, Quarzwerk, Saphirglas, Zifferblatt silber mit Index und Datumsanzeige, Wasserdicht bis 10bar, zwei Jahre GarantieReferenz: T101.210.22.031.00Verfügbar in der Bijouterie am Bogen in Bremgarten AG</p>",uhren;damenuhren;tissot,uhren,,,,Tissot,345,,,,,,192.2,1,false,,,113031,T101.210.22.031.00,,,,,,,,,,,,,,,,,,,,,,,,,,,,,,,,,,,,,,,,,,,,,,,,,,,,,,,,,,,,,,,,,,,,,
ds-113031,MEDIA,,,,,,6673aa_c5e9c330bf83478aa699f33fa0aa4489~mv2.jpg,,,,,,,,,,,,,,,,,,,,,,,,,,,,,,,,,,,,,,,,,,,,,,,,,,,,,,,,,,,,,,,,,,,,,,,,,,,,,,,,,,,,,
ds-119552,PRODUCT,Thomas Sabo Sterling Silver Ohrstecker Kreuz Weiss,false,"<p>925 Silber mit weissen Zirkonia, zwei Jahre GarantieReferenz: H2088-051-14Verfügbar in der Bijouterie am Bogen in Bremgarten AG</p>",schmuck;ohrschmuck;thomas-sabo,,,,,Thomas Sabo,79,,,,,,31.95,1,false,,,119552,H2088-051-14,,,,,,,,,,,,,,,,,,,,,,,,,,,,,,,,,,,,,,,,,,,,,,,,,,,,,,,,,,,,,,,,,,,,,
ds-119557,PRODUCT,Thomas Sabo Sterling Silver Erbskette mit Kugeln 70cm,false,"<p>925 Silber, Erbskette mit Kugeln, Länge: 70cm, zwei Jahre GarantieReferenz: KE1890-001-21-L70Verfügbar in der Bijouterie am Bogen in Bremgarten AG</p>",schmuck;colliers;thomas-sabo,,,,,Thomas Sabo,75,,,,,,26.3,1,false,,,119557,KE1890-001-21-L70,,,,,,,,,,,,,,,,,,,,,,,,,,,,,,,,,,,,,,,,,,,,,,,,,,,,,,,,,,,,,,,,,,,,,
ds-119559,PRODUCT,Thomas Sabo Sterling Silver Erbskette mit Kugeln,false,"<p>gearbeitet in 925 Silber, Erbskette mit Kugeln, Länge: 90cm, zwei Jahre GarantieReferenz: KE1890-001-21-L90Verfügbar in der Bijouterie am Bogen in Bremgarten AG</p>",schmuck;colliers;thomas-sabo,schmuck,,,,Thomas Sabo,85,,,,,,35.4,1,false,,,119559,KE1890-001-21-L90,,,,,,,,,,,,,,,,,,,,,,,,,,,,,,,,,,,,,,,,,,,,,,,,,,,,,,,,,,,,,,,,,,,,,
ds-119564,PRODUCT,Thomas Sabo Sterling Silver Erbskette mit Kugeln 80cm Vergoldet,false,"<p>925 Silber gelbvergoldet, Erbskette mit Kugeln, Länge: 80cm, zwei Jahre GarantieReferenz: KE1890-413-39-L80Verfügbar in der Bijouterie am Bogen in Bremgarten AG</p>",schmuck;colliers;thomas-sabo,schmuck,,,,Thomas Sabo,195,,,,,,68.3,1,false,,,119564,KE1890-413-39-L80,,,,,,,,,,,,,,,,,,,,,,,,,,,,,,,,,,,,,,,,,,,,,,,,,,,,,,,,,,,,,,,,,,,,,
ds-119568,PRODUCT,Thomas Sabo Sterling Silver Erbskette mit Kugeln 60cm Rosé,false,"<p>925 Silber rosévergoldet, Erbskette mit Kugeln, Länge: 60cm, zwei Jahre GarantieReferenz: KE1890-415-40-L60Verfügbar in der Bijouterie am Bogen in Bremgarten AG</p>",schmuck;colliers;thomas-sabo,schmuck,,,,Thomas Sabo,169,,,,,,56.2,1,false,,,119568,KE1890-415-40-L60,,,,,,,,,,,,,,,,,,,,,,,,,,,,,,,,,,,,,,,,,,,,,,,,,,,,,,,,,,,,,,,,,,,,,
ds-119570,PRODUCT,Thomas Sabo Sterling Silver Erbskette mit Kugeln 80cm Rosé,false,"<p>925 Silber rosévergoldet, Erbskette mit Kugeln, Länge: 80cm, zwei Jahre GarantieReferenz: KE1890-415-40-L80Verfügbar in der Bijouterie am Bogen in Bremgarten AG</p>",schmuck;colliers;thomas-sabo,schmuck,,,,Thomas Sabo,195,,,,,,68.3,1,false,,,119570,KE1890-415-40-L80,,,,,,,,,,,,,,,,,,,,,,,,,,,,,,,,,,,,,,,,,,,,,,,,,,,,,,,,,,,,,,,,,,,,,
ds-119587,PRODUCT,Thomas Sabo Sterling Silver Ohrstecker Mond Silber,false,"<p>925 Silber, weisse Zirkonia, zwei Jahre GarantieReferenz: H2082-051-14Verfügbar in der Bijouterie am Bogen in Bremgarten AG</p>",schmuck;ohrschmuck;thomas-sabo,schmuck,,,,Thomas Sabo,49,,,,,,19.8,1,false,,,119587,H2082-051-14,,,,,,,,,,,,,,,,,,,,,,,,,,,,,,,,,,,,,,,,,,,,,,,,,,,,,,,,,,,,,,,,,,,,,
ds-119607,PRODUCT,Thomas Sabo Sterling Silver Ring Schwarze Steine Silber,false,"<p>925 Silber, schwarze Zirkonia, Grösse: 52Referenz: TR2185-051-11-52Verfügbar in der Bijouterie am Bogen in Bremgarten AG</p>",schmuck;ringe;thomas-sabo,schmuck,,,,Thomas Sabo,129,,,,,,52.15,1,false,,,119607,TR2185-051-11-52,,,,,,,,,,,,,,,,,,,,,,,,,,,,,,,,,,,,,,,,,,,,,,,,,,,,,,,,,,,,,,,,,,,,,
ds-119640,PRODUCT,Thomas Sabo Sterling Silver Ohrringe Farbige Glückssymbole,false,"<p>925 Silber mit einer 750 Roségold Vergoldung, synthetischer Korund dunkelrot, Glas-Keramik Stein, Zirkonia orange, zwei Jahre GarantieReferenz: H2078-321-7Verfügbar in der Bijouterie am Bogen in Bremgarten AG</p>",schmuck;ohrschmuck;thomas-sabo,schmuck,,,,Thomas Sabo,195,,,,,,78.8,1,false,,,119640,H2078-321-7,,,,,,,,,,,,,,,,,,,,,,,,,,,,,,,,,,,,,,,,,,,,,,,,,,,,,,,,,,,,,,,,,,,,,
ds-121313,PRODUCT,Thomas Sabo Sterling Silver Armband Blatt Silber Gelb,false,"<p>925 Silber gelbvergoldet, Ankerkette, Karabiner, Länge: 16cm-19cmReferenz: A1935-414-14-L19vVerfügbar in der Bijouterie am Bogen in Bremgarten AG</p>",schmuck;bracelets;thomas-sabo,schmuck,,,,Thomas Sabo,229,,,,,,95.4,1,false,,,121313,A1935-414-14-L19v,,,,,,,,,,,,,,,,,,,,,,,,,,,,,,,,,,,,,,,,,,,,,,,,,,,,,,,,,,,,,,,,,,,,,
ds-121333,PRODUCT,Thomas Sabo Sterling Silver Ohrstecker Totenkopf König,false,<p>925 Silber und schwarze Zirkonia.Referenz: H2111-643-11Verfügbar in der Bijouterie am Bogen in Bremgarten AG</p>,schmuck;ohrschmuck;thomas-sabo,schmuck,,,,Thomas Sabo,89,,,,,,32.9,1,false,,,121333,H2111-643-11,,,,,,,,,,,,,,,,,,,,,,,,,,,,,,,,,,,,,,,,,,,,,,,,,,,,,,,,,,,,,,,,,,,,,
ds-121356,PRODUCT,Thomas Sabo Sterling Silver D Ring Stein Blau mit Stern,false,"<p>925 Silber, synt. Spinell und Zirkonia, Grösse: 52.Referenz: TR2288-644-1-52Verfügbar in der Bijouterie am Bogen in Bremgarten AG</p>",schmuck;ringe;thomas-sabo,schmuck,,,,Thomas Sabo,169,,,,,,70.4,1,false,,,121356,TR2288-644-1-52,,,,,,,,,,,,,,,,,,,,,,,,,,,,,,,,,,,,,,,,,,,,,,,,,,,,,,,,,,,,,,,,,,,,,
ds-121884,PRODUCT,Thomas Sabo Sterling Silver Erbskette Silber 50cm,false,"<p>gearbeitet in 925 Silber, Erbskette, Länge: 45cm bis 50cm, Karabinerverschluss, zwei Jahre GarantieReferenz: KE1105-001-12-L50vVerfügbar in der Bijouterie am Bogen in Bremgarten AG</p>",schmuck;colliers;thomas-sabo,schmuck,,,,Thomas Sabo,35,,,,,,14.6,1,false,,,121884,KE1105-001-12-L50v,,,,,,,,,,,,,,,,,,,,,,,,,,,,,,,,,,,,,,,,,,,,,,,,,,,,,,,,,,,,,,,,,,,,,
ds-124427,PRODUCT,Thomas Sabo Sterling Silver Einzel Ohrstecker Kleeblatt,false,<p>925 Silber vergoldet mit weissen ZirkoniaReferenz: H2215-414-14Verfügbar in der Bijouterie am Bogen in Bremgarten AG</p>,schmuck;ohrschmuck;thomas-sabo,schmuck,,,,Thomas Sabo,49,,,,,,18.75,2,false,,,124427,H2215-414-14,,,,,,,,,,,,,,,,,,,,,,,,,,,,,,,,,,,,,,,,,,,,,,,,,,,,,,,,,,,,,,,,,,,,,
ds-124432,PRODUCT,Thomas Sabo Sterling Silver Einzel Ohrstecker Peace,false,"<p>gearbeitet in 925 Sterlingsilber mit weissen Zirkonia, PeaceReferenz: H2218-051-14Verfügbar in der Bijouterie am Bogen in Bremgarten AG</p>",schmuck;ohrschmuck;thomas-sabo,schmuck,,,,Thomas Sabo,49,,,,,,20.4,4,false,,,124432,H2218-051-14,,,,,,,,,,,,,,,,,,,,,,,,,,,,,,,,,,,,,,,,,,,,,,,,,,,,,,,,,,,,,,,,,,,,,
ds-124436,PRODUCT,Thomas Sabo Sterling Silver Armband mit Symbole,false,"<p>925 Silber mit weissen Zirkonia, Länge: 19cmReferenz: A2039-051-14-L19vVerfügbar in der Bijouterie am Bogen in Bremgarten AG</p>",schmuck;bracelets;thomas-sabo,schmuck,,,,Thomas Sabo,195,,,,,,81.25,1,false,,,124436,A2039-051-14-L19v,,,,,,,,,,,,,,,,,,,,,,,,,,,,,,,,,,,,,,,,,,,,,,,,,,,,,,,,,,,,,,,,,,,,,
ds-124440,PRODUCT,Thomas Sabo Sterling Silver Ring 925 Peace,false,"<p>925 Silber mit weissen Zirkonia, Grösse: 52Referenz: TR2373-051-14-52Verfügbar in der Bijouterie am Bogen in Bremgarten AG</p>",schmuck;ringe;thomas-sabo,,,,,Thomas Sabo,98,,,,,,40.85,1,false,,,124440,TR2373-051-14-52,,,,,,,,,,,,,,,,,,,,,,,,,,,,,,,,,,,,,,,,,,,,,,,,,,,,,,,,,,,,,,,,,,,,,
ds-124444,PRODUCT,Thomas Sabo Sterling Silver Einzel Ohrstecker Schloss,false,<p>925 Silber vergoldet mit weissen ZirkoniaReferenz: H2219-414-14Verfügbar in der Bijouterie am Bogen in Bremgarten AG</p>,schmuck;ohrschmuck;thomas-sabo,schmuck,,,,Thomas Sabo,37,,,,,,13.35,1,false,,,124444,H2219-414-14,,,,,,,,,,,,,,,,,,,,,,,,,,,,,,,,,,,,,,,,,,,,,,,,,,,,,,,,,,,,,,,,,,,,,
ds-124447,PRODUCT,Thomas Sabo Sterling Silver Ring 925 Schloss,false,"<p>925 Silber mit weissen Zirkonia, Grösse: 52Referenz: TR2371-414-14-52Verfügbar in der Bijouterie am Bogen in Bremgarten AG</p>",schmuck;ringe;thomas-sabo,schmuck,,,,Thomas Sabo,129,,,,,,47.9,1,false,,,124447,TR2371-414-14-52,,,,,,,,,,,,,,,,,,,,,,,,,,,,,,,,,,,,,,,,,,,,,,,,,,,,,,,,,,,,,,,,,,,,,
ds-124450,PRODUCT,Thomas Sabo Sterling Silver Einzel Ohrstecker Schloss,false,<p>925 Silber mit weissen ZirkoniaReferenz: H2219-051-14Verfügbar in der Bijouterie am Bogen in Bremgarten AG</p>,schmuck;ohrschmuck;thomas-sabo,schmuck,,,,Thomas Sabo,27,,,,,,11.25,2,false,,,124450,H2219-051-14,,,,,,,,,,,,,,,,,,,,,,,,,,,,,,,,,,,,,,,,,,,,,,,,,,,,,,,,,,,,,,,,,,,,,
ds-124467,PRODUCT,Thomas Sabo Sterling Silver Kette Infinity Gold,false,"<p>925 Silber vergoldet, Ankercollier, Länge: 45cm, KarabinerReferenz: KE2139-413-39-L45vVerfügbar in der Bijouterie am Bogen in Bremgarten AG</p>",schmuck;colliers;thomas-sabo,schmuck,,,,Thomas Sabo,229,,,,,,91.25,1,false,,,124467,KE2139-413-39-L45v,,,,,,,,,,,,,,,,,,,,,,,,,,,,,,,,,,,,,,,,,,,,,,,,,,,,,,,,,,,,,,,,,,,,,
ds-124529,PRODUCT,Thomas Sabo Sterling Silver Ring Silber,false,"<p>925 Silber rosévergoldet mit weissen Zirkonia, Grösse: 52.Referenz: TR2376-416-14-52Verfügbar in der Bijouterie am Bogen in Bremgarten AG</p>",schmuck;ohrschmuck;thomas-sabo,,,,,Thomas Sabo,89,,,,,,32.9,1,false,,,124529,TR2376-416-14-52,,,,,,,,,,,,,,,,,,,,,,,,,,,,,,,,,,,,,,,,,,,,,,,,,,,,,,,,,,,,,,,,,,,,,
ds-124540,PRODUCT,Thomas Sabo Sterling Silver Damenring,false,"<p>gearbeitet in 925 Silber, mit weissen Süsswasser Zuchtperlen und weissen Zirkonia, Grösse: 54, zwei Jahre GarantieReferenz: TR2368-167-14-54Verfügbar in der Bijouterie am Bogen in Bremgarten AG</p>",schmuck;ringe;thomas-sabo,schmuck,,,,Thomas Sabo,79,,,,,,32.9,1,false,,,124540,TR2368-167-14-54,,,,,,,,,,,,,,,,,,,,,,,,,,,,,,,,,,,,,,,,,,,,,,,,,,,,,,,,,,,,,,,,,,,,,
ds-125200,PRODUCT,Thomas Sabo Sterling Silver Armband,false,"<p>gearbeitet in 925 Sterlingsilber, Ankerkette, Krone gelbvergoldet und Together Forever Ring, mit weissen Zirkonia. Länge: 16 bis 19cm, Karabinerverschluss, 2 Jahre GarantieReferenz: A1982-849-14Verfügbar in der Bijouterie am Bogen in Bremgarten AG</p>",schmuck;bracelets;thomas-sabo,schmuck,,,,Thomas Sabo,195,,,,,,74.6,1,false,,,125200,A1982-849-14,,,,,,,,,,,,,,,,,,,,,,,,,,,,,,,,,,,,,,,,,,,,,,,,,,,,,,,,,,,,,,,,,,,,,
ds-125205,PRODUCT,Thomas Sabo Sterling Silver Scharniercreolen,false,"<p>gearbeitet in 925 Sterlingsilber, mit einem Delfin-Schwanzflossen Anhänger, mit blauen und weissen Zirkonia, 2 Jahre GarantieReferenz: CR687-644-1Verfügbar in der Bijouterie am Bogen in Bremgarten AG</p>",schmuck;ohrschmuck;thomas-sabo,schmuck,,,,Thomas Sabo,195,,,,,,74.6,1,false,,,125205,CR687-644-1,,,,,,,,,,,,,,,,,,,,,,,,,,,,,,,,,,,,,,,,,,,,,,,,,,,,,,,,,,,,,,,,,,,,,
ds-125213,PRODUCT,Thomas Sabo Sterling Silver Erbskette,false,"<p>gearbeitet in 925 Sterlingsilber gelbvergoldet, Erbskette mit Kugeln, Länge: 90cm, zwei Jahre GarantieReferenz: KE1890-413-39-L90Verfügbar in der Bijouterie am Bogen in Bremgarten AG</p>",schmuck;colliers;thomas-sabo,schmuck,,,,Thomas Sabo,198,,,,,,81.25,1,false,,,125213,KE1890-413-39-L90,,,,,,,,,,,,,,,,,,,,,,,,,,,,,,,,,,,,,,,,,,,,,,,,,,,,,,,,,,,,,,,,,,,,,
ds-125220,PRODUCT,Thomas Sabo Sterling Silver Kronen Ring,false,"<p>gearbeitet in 925 Sterlingsilber, mit weissen Zirkonia, Grösse: 54, 2 Jahre GarantieReferenz: TR2302-414-14-54Verfügbar in der Bijouterie am Bogen in Bremgarten AG</p>",schmuck;ringe;thomas-sabo,schmuck,,,,Thomas Sabo,229,,,,,,91.25,1,false,,,125220,TR2302-414-14-54,,,,,,,,,,,,,,,,,,,,,,,,,,,,,,,,,,,,,,,,,,,,,,,,,,,,,,,,,,,,,,,,,,,,,
ds-125233,PRODUCT,Thomas Sabo Sterling Silver Armband,false,"<p>gearbeitet in 925 Sterlingsilber, Wellen Optik mit weissen Zirkonia, Karabinerverschluss, Länge: 16 bis 19cm, 2 Jahre GarantieReferenz: A2045-051-14Verfügbar in der Bijouterie am Bogen in Bremgarten AG</p>",schmuck;bracelets;thomas-sabo,schmuck,,,,Thomas Sabo,195,,,,,,81.25,1,false,,,125233,A2045-051-14,,,,,,,,,,,,,,,,,,,,,,,,,,,,,,,,,,,,,,,,,,,,,,,,,,,,,,,,,,,,,,,,,,,,,
ds-126150,PRODUCT,Thomas Sabo Sterling Silver Armband,false,"<p>gearbeitet in 925 Sterlingsilber, Erbskette, Peace, mit weisse Zirkonia, Länge: 16cm bis 19cm, Karabinerverschluss, 2 Jahre GarantieReferenz: A2083-051-14-L19VVerfügbar in der Bijouterie am Bogen in Bremgarten AG</p>",schmuck;bracelets;thomas-sabo,schmuck,,,,Thomas Sabo,129,,,,,,53.75,1,false,,,126150,A2083-051-14-L19V,,,,,,,,,,,,,,,,,,,,,,,,,,,,,,,,,,,,,,,,,,,,,,,,,,,,,,,,,,,,,,,,,,,,,
ds-126154,PRODUCT,Thomas Sabo Sterling Silver Ohrstecker,false,"<p>gearbeitet in 925 Sterlingsilber, mit farbigen Zirkonia, 2 Jahre GarantieReferenz: H2250-477-7Verfügbar in der Bijouterie am Bogen in Bremgarten AG</p>",schmuck;ohrschmuck;thomas-sabo,,,,,Thomas Sabo,98,,,,,,40.85,1,false,,,126154,H2250-477-7,,,,,,,,,,,,,,,,,,,,,,,,,,,,,,,,,,,,,,,,,,,,,,,,,,,,,,,,,,,,,,,,,,,,,
ds-126157,PRODUCT,Thomas Sabo Sterling Silver Collier,false,"<p>gearbeitet in 925 Sterlingsilber, Erbskette Peace Anhänger mit weissen Zirkonia, Länge: 40cm bis 45cm, Karabinerverschluss, 2 Jahre GarantieReferenz: KE2175-051-14-L45VVerfügbar in der Bijouterie am Bogen in Bremgarten AG</p>",schmuck;colliers;thomas-sabo,,,,,Thomas Sabo,129,,,,,,53.75,1,false,,,126157,KE2175-051-14-L45V,,,,,,,,,,,,,,,,,,,,,,,,,,,,,,,,,,,,,,,,,,,,,,,,,,,,,,,,,,,,,,,,,,,,,
ds-127009,PRODUCT,Thomas Sabo Sterling Silver Ohrstecker,false,"<p>gearbeitet in 925 Sterlingsilber, mit weissen Zirkonia, zwei Jahre GarantieReferenz: H2062-051-14Verfügbar in der Bijouterie am Bogen in Bremgarten AG</p>",schmuck;ohrschmuck;thomas-sabo,,,,,Thomas Sabo,129,,,,,,53.75,1,false,,,127009,H2062-051-14,,,,,,,,,,,,,,,,,,,,,,,,,,,,,,,,,,,,,,,,,,,,,,,,,,,,,,,,,,,,,,,,,,,,,
ds-127018,PRODUCT,Thomas Sabo Sterling Silver Damenring,false,"<p>gearbeitet in 925 Sterlingsilber rosévergoldet, Oberfläche: poliert, mit weissen Zirkonia, Grösse: 52, zwei Jahre GarantieReferenz: TR2254-416-14-52Verfügbar in der Bijouterie am Bogen in Bremgarten AG</p>",schmuck;ringe;thomas-sabo,schmuck,,,,Thomas Sabo,219,,,,,,91.25,1,false,,,127018,TR2254-416-14-52,,,,,,,,,,,,,,,,,,,,,,,,,,,,,,,,,,,,,,,,,,,,,,,,,,,,,,,,,,,,,,,,,,,,,
ds-128201,PRODUCT,Thomas Sabo Sterling Silver Ankercollier,false,"<p>gearbeitet in 925 Silber rosévergoldet, Ankerkette, Länge: 45cm, Karabinerverschluss, 2 Jahre GarantieReferenz: KE1219-415-12-SVerfügbar in der Bijouterie am Bogen in Bremgarten AG</p>",schmuck;colliers;thomas-sabo,,,,,Thomas Sabo,155,,,,,,64.6,1,false,,,128201,KE1219-415-12-S,,,,,,,,,,,,,,,,,,,,,,,,,,,,,,,,,,,,,,,,,,,,,,,,,,,,,,,,,,,,,,,,,,,,,
ds-129123,PRODUCT,Thomas Sabo Sterling Silver Erbskette,false,"<p>gearbeitet in 925 Silber vergoldet, Erbscollier, Länge: 50cm Zwischenöse bei 45cm, zwei Jahre GarantieReferenz: KE1105-413-39-L50VVerfügbar in der Bijouterie am Bogen in Bremgarten AG</p>",schmuck;colliers;thomas-sabo,schmuck,,,,Thomas Sabo,98,,,,,,40.85,1,false,,,129123,KE1105-413-39-L50V,,,,,,,,,,,,,,,,,,,,,,,,,,,,,,,,,,,,,,,,,,,,,,,,,,,,,,,,,,,,,,,,,,,,,
ds-130245,PRODUCT,Thomas Sabo Sterling Silver Bracelet,false,"<p>gearbeitet in 925 Sterlingsilber, Ankerkette, mit weissen Zirkonia, Länge: 16cm bis 19cm, Karabinerverschluss, 2 Jahre GarantieReferenz: A2166-051-14-L19VVerfügbar in der Bijouterie am Bogen in Bremgarten AG</p>",schmuck;bracelets;thomas-sabo,schmuck,,,,Thomas Sabo,79,,,,,,31.25,1,false,,,130245,A2166-051-14-L19V,,,,,,,,,,,,,,,,,,,,,,,,,,,,,,,,,,,,,,,,,,,,,,,,,,,,,,,,,,,,,,,,,,,,,
ds-130265,PRODUCT,Thomas Sabo Sterling Silver Ohrstecker,false,"<p>gearbeitet in 925 Sterlingsilber vergoldet, mit weissen Zirkonia, 2 Jahre GarantieReferenz: H2300-414-14Verfügbar in der Bijouterie am Bogen in Bremgarten AG</p>",schmuck;ohrschmuck;thomas-sabo,schmuck,,,,Thomas Sabo,69,,,,,,27.3,1,false,,,130265,H2300-414-14,,,,,,,,,,,,,,,,,,,,,,,,,,,,,,,,,,,,,,,,,,,,,,,,,,,,,,,,,,,,,,,,,,,,,
ds-130282,PRODUCT,Thomas Sabo Sterling Silver Solitär,false,"<p>gearbeitet in 925 Sterlingsilber, Oberfläche: poliert, mit einem pinken Zirkonia, Grösse: 52, 2 Jahre GarantieReferenz: TR2474-051-9-52Verfügbar in der Bijouterie am Bogen in Bremgarten AG</p>",schmuck;ringe;thomas-sabo,schmuck,,,,Thomas Sabo,59,,,,,,23.35,1,false,,,130282,TR2474-051-9-52,,,,,,,,,,,,,,,,,,,,,,,,,,,,,,,,,,,,,,,,,,,,,,,,,,,,,,,,,,,,,,,,,,,,,
ds-130284,PRODUCT,Thomas Sabo Sterling Silver Solitär,false,"<p>gearbeitet in 925 Sterlingsilber vergoldet, Oberfläche: poliert, mit einem weissen Zirkonia, Grösse: 52, 2 Jahre GarantieReferenz: TR2474-414-14-52Verfügbar in der Bijouterie am Bogen in Bremgarten AG</p>",schmuck;ringe;thomas-sabo,schmuck,,,,Thomas Sabo,79,,,,,,31.25,1,false,,,130284,TR2474-414-14-52,,,,,,,,,,,,,,,,,,,,,,,,,,,,,,,,,,,,,,,,,,,,,,,,,,,,,,,,,,,,,,,,,,,,,
ds-130290,PRODUCT,Thomas Sabo Sterling Silver Tennisbracelet,false,"<p>gearbeitet in 925 Sterlingsilber, mit weissen Zirkonia Herz, Länge: 16cm bis 19cm, Karabinerverschluss, 2 Jahre GarantieReferenz: A2177-051-14-L19VVerfügbar in der Bijouterie am Bogen in Bremgarten AG</p>",schmuck;bracelets;thomas-sabo,,,,,Thomas Sabo,98,,,,,,34.9,1,false,,,130290,A2177-051-14-L19V,,,,,,,,,,,,,,,,,,,,,,,,,,,,,,,,,,,,,,,,,,,,,,,,,,,,,,,,,,,,,,,,,,,,,
ds-130300,PRODUCT,Thomas Sabo Sterling Silver Creolen,false,"<p>gearbeitet in 925 Silber vergoldet, Oberfläche: poliert, Tropfenförmiger Anhänger mit weissen Zirkonia Tropfenschliff und einer Schleife, zwei Jahre GarantieReferenz: CR749-643-14Verfügbar in der Bijouterie am Bogen in Bremgarten AG</p>",schmuck;ohrschmuck;thomas-sabo,schmuck,,,,Thomas Sabo,129,,,,,,53.75,1,false,,,130300,CR749-643-14,,,,,,,,,,,,,,,,,,,,,,,,,,,,,,,,,,,,,,,,,,,,,,,,,,,,,,,,,,,,,,,,,,,,,
ds-130303,PRODUCT,Thomas Sabo Sterling Silver Kette mit Schlangen Anhänger,false,"<p>gearbeitet in 925 Silber gelbvergoldet, Ankercollier, Schlangen Anhänger mit einem weissen Zirkonia, Oberfläche: poliert, Länge: 40cm - 45cm, Karabinerverschluss, zwei Jahre GarantieReferenz: KE2300-565-14-L45VVerfügbar in der Bijouterie am Bogen in Bremgarten AG</p>",schmuck;colliers;thomas-sabo,schmuck,,,,Thomas Sabo,175,,,,,,69.25,1,false,,,130303,KE2300-565-14-L45V,,,,,,,,,,,,,,,,,,,,,,,,,,,,,,,,,,,,,,,,,,,,,,,,,,,,,,,,,,,,,,,,,,,,,
ds-130310,PRODUCT,Thomas Sabo Sterling Silver Schlangenring,false,"<p>gearbeitet in 925 Sterlingsilber geschwärzt, Oberfläche: poliert, Augen aus Kaltemail schwarz, Grösse: 54, 2 Jahre GarantieReferenz: TR2483-664-21-54Verfügbar in der Bijouterie am Bogen in Bremgarten AG</p>",schmuck;ringe;thomas-sabo,schmuck,,,,Thomas Sabo,79,,,,,,31.25,1,false,,,130310,TR2483-664-21-54,,,,,,,,,,,,,,,,,,,,,,,,,,,,,,,,,,,,,,,,,,,,,,,,,,,,,,,,,,,,,,,,,,,,,
ds-130510,PRODUCT,Thomas Sabo Sterling Silver Collier mit Herz Anhänger,false,"<p>gearbeitet in 925 Silber, Singapurcollier, Länge: 40 bis 45cm, Herz-Anhänger mit weissen Zirkonia und einem schwarzen Zirkonia, Karabinerverschluss, zwei Jahre GarantieReferenz: KE2297-643-11-L45VVerfügbar in der Bijouterie am Bogen in Bremgarten AG</p>",schmuck;colliers;thomas-sabo,,,,,Thomas Sabo,139,,,,,,55,1,false,,,130510,KE2297-643-11-L45V,,,,,,,,,,,,,,,,,,,,,,,,,,,,,,,,,,,,,,,,,,,,,,,,,,,,,,,,,,,,,,,,,,,,,
ds-130572,PRODUCT,Thomas Sabo Sterling Silver Creolen,false,"<p>gearbeitet in 925 Silber vergoldet, Oberfläche: poliert, zwei Jahre GarantieReferenz: CR742-413-39Verfügbar in der Bijouterie am Bogen in Bremgarten AG</p>",schmuck;ohrschmuck;thomas-sabo,schmuck,,,,Thomas Sabo,139,,,,,,55,1,false,,,130572,CR742-413-39,,,,,,,,,,,,,,,,,,,,,,,,,,,,,,,,,,,,,,,,,,,,,,,,,,,,,,,,,,,,,,,,,,,,,
ds-130745,PRODUCT,Thomas Sabo Sterling Silver DUO Ring,false,"<p>gearbeitet in 925 Sterlingsilber, Oberfläche: poliert, Grösse: 64, zwei Jahre GarantieReferenz: TR2491-001-21-64Verfügbar in der Bijouterie am Bogen in Bremgarten AG</p>",schmuck;ringe;thomas-sabo,schmuck,,,,Thomas Sabo,275,,,,,,114.6,1,false,,,130745,TR2491-001-21-64,,,,,,,,,,,,,,,,,,,,,,,,,,,,,,,,,,,,,,,,,,,,,,,,,,,,,,,,,,,,,,,,,,,,,
ds-130834,PRODUCT,Thomas Sabo Sterling Silver Ohrstecker Gänseblümchen,false,"<p>gearbeitet in 925 Sterlingsilber, mit weissen und einem gelben Zirkonia, 2 Jahre GarantieReferenz: H2169-051-4Verfügbar in der Bijouterie am Bogen in Bremgarten AG</p>",schmuck;ohrschmuck;thomas-sabo,,,,,Thomas Sabo,175,,,,,,72.9,1,false,,,130834,H2169-051-4,,,,,,,,,,,,,,,,,,,,,,,,,,,,,,,,,,,,,,,,,,,,,,,,,,,,,,,,,,,,,,,,,,,,,
ds-130838,PRODUCT,Thomas Sabo Sterling Silver Kordel Collier,false,"<p>gearbeitet in 925 Silber vergoldet, Kordelkette, Länge: 70cm, mit einem Karabinerverschluss, zwei Jahre GarantieReferenz: KE1348-413-12-L70Verfügbar in der Bijouterie am Bogen in Bremgarten AG</p>",schmuck;colliers;thomas-sabo,schmuck,,,,Thomas Sabo,149,,,,,,62.1,1,false,,,130838,KE1348-413-12-L70,,,,,,,,,,,,,,,,,,,,,,,,,,,,,,,,,,,,,,,,,,,,,,,,,,,,,,,,,,,,,,,,,,,,,
ds-130842,PRODUCT,Thomas Sabo Sterling Silver Anhänger Schmetterling,false,"<p>gearbeitet in 925 Silber gelbvergoldet, Oberfläche: poliert mit weissen Zirkonia, zwei Jahre GarantieReferenz: PE984-414-14Verfügbar in der Bijouterie am Bogen in Bremgarten AG</p>",schmuck;anhaenger;thomas-sabo,schmuck,,,,Thomas Sabo,345,,,,,,143.75,1,false,,,130842,PE984-414-14,,,,,,,,,,,,,,,,,,,,,,,,,,,,,,,,,,,,,,,,,,,,,,,,,,,,,,,,,,,,,,,,,,,,,
ds-130966,PRODUCT,Thomas Sabo Sterling Silver Collier,false,"<p>gearbeitet in 925 Silber vergoldet, mit weissen und gelben Zirkonia, Ankerkette, Länge: 40 bis 45cm, Karabinerverschluss zwei Jahre GarantieReferenz: KE2085-414-4-L45VVerfügbar in der Bijouterie am Bogen in Bremgarten AG</p>",schmuck;colliers;thomas-sabo,schmuck,,,,Thomas Sabo,325,,,,,,135.45,1,false,,,130966,KE2085-414-4-L45V,,,,,,,,,,,,,,,,,,,,,,,,,,,,,,,,,,,,,,,,,,,,,,,,,,,,,,,,,,,,,,,,,,,,,
ds-130969,PRODUCT,Thomas Sabo Sterling Silver Ohrstecker Schmetterling,false,"<p>gearbeitet in 925 Sterlingsilber vergoldet, Oberfläche: poliert, mit weissen Zirkonia, 2 Jahre GarantieReferenz: H2328-414-14Verfügbar in der Bijouterie am Bogen in Bremgarten AG</p>",schmuck;ohrschmuck;thomas-sabo,schmuck,,,,Thomas Sabo,229,,,,,,95.4,1,false,,,130969,H2328-414-14,,,,,,,,,,,,,,,,,,,,,,,,,,,,,,,,,,,,,,,,,,,,,,,,,,,,,,,,,,,,,,,,,,,,,
ds-131195,PRODUCT,Thomas Sabo Sterling Silver Creolen,false,"<p>gearbeitet in 925 Silber, Oberfläche: poliert, zwei Jahre GarantieReferenz: CR755-413-39Verfügbar in der Bijouterie am Bogen in Bremgarten AG</p>",schmuck;ohrschmuck;thomas-sabo,schmuck,,,,Thomas Sabo,245,,,,,,143.75,1,false,,,131195,CR755-413-39,,,,,,,,,,,,,,,,,,,,,,,,,,,,,,,,,,,,,,,,,,,,,,,,,,,,,,,,,,,,,,,,,,,,,
ds-131198,PRODUCT,Thomas Sabo Sterling Silver Ohrhänger,false,"<p>gearbeitet in 925 Sterlingsilber vergoldet, Oberfläche: poliert, mit zwei weissen Süsswasser Zuchtperlen, 2 Jahre GarantieReferenz: H2321-430-14Verfügbar in der Bijouterie am Bogen in Bremgarten AG</p>",schmuck;ohrschmuck;thomas-sabo,schmuck,,,,Thomas Sabo,345,,,,,,143.75,1,false,,,131198,H2321-430-14,,,,,,,,,,,,,,,,,,,,,,,,,,,,,,,,,,,,,,,,,,,,,,,,,,,,,,,,,,,,,,,,,,,,,
ds-131204,PRODUCT,Thomas Sabo Sterling Silver Damenring,false,"<p>gearbeitet in 925 Sterlingsilber vergoldet, Oberfläche: poliert, Grösse: 52, 2 Jahre GarantieReferenz: TR2494-413-52Verfügbar in der Bijouterie am Bogen in Bremgarten AG</p>",schmuck;ringe;thomas-sabo,schmuck,,,,Thomas Sabo,149,,,,,,62.1,1,false,,,131204,TR2494-413-52,,,,,,,,,,,,,,,,,,,,,,,,,,,,,,,,,,,,,,,,,,,,,,,,,,,,,,,,,,,,,,,,,,,,,
ds-131291,PRODUCT,Thomas Sabo Sterling Silver Bracelet,false,"<p>gearbeitet in 925 Sterlingsilber, Ankerkette, mit einem weissen Zirkonia, 4-Griff Fassung, Länge: 16cm bis 19cm, Karabinerverschluss, 2 Jahre GarantieReferenz: A2156-051-14-L19VVerfügbar in der Bijouterie am Bogen in Bremgarten AG</p>",schmuck;bracelets;thomas-sabo,schmuck,,,,Thomas Sabo,59,,,,,,24.6,1,false,,,131291,A2156-051-14-L19V,,,,,,,,,,,,,,,,,,,,,,,,,,,,,,,,,,,,,,,,,,,,,,,,,,,,,,,,,,,,,,,,,,,,,
ds-131293,PRODUCT,Thomas Sabo Sterling Silver Bracelet,false,"<p>gearbeitet in 925 Sterlingsilber, Ankerkette, Lebensbaum, mit Kaltemail, Länge: 16cm bis 19cm, Karabinerverschluss, 2 Jahre GarantieReferenz: A2160-007-21-L19VVerfügbar in der Bijouterie am Bogen in Bremgarten AG</p>",schmuck;bracelets;thomas-sabo,schmuck,,,,Thomas Sabo,59,,,,,,24.6,1,false,,,131293,A2160-007-21-L19V,,,,,,,,,,,,,,,,,,,,,,,,,,,,,,,,,,,,,,,,,,,,,,,,,,,,,,,,,,,,,,,,,,,,,
ds-131303,PRODUCT,Thomas Sabo Sterling Silver Einzelne Creole,false,"<p>gearbeitet in 925 Silber, Oberfläche: poliert, Durchmesser: 12mm, zwei Jahre GarantieReferenz: CR660-001-21Verfügbar in der Bijouterie am Bogen in Bremgarten AG</p>",schmuck;ohrschmuck;thomas-sabo,schmuck,,,,Thomas Sabo,37,,,,,,15.4,2,false,,,131303,CR660-001-21,,,,,,,,,,,,,,,,,,,,,,,,,,,,,,,,,,,,,,,,,,,,,,,,,,,,,,,,,,,,,,,,,,,,,
ds-131305,PRODUCT,Thomas Sabo Sterling Silver Einzelne Creole,false,"<p>gearbeitet in 925 Silber rosévergoldet, Oberfläche: poliert, Durchmesser: 12mm, zwei Jahre GarantieReferenz: CR660-415-40Verfügbar in der Bijouterie am Bogen in Bremgarten AG</p>",schmuck;ohrschmuck;thomas-sabo,schmuck,,,,Thomas Sabo,45,,,,,,18.75,2,false,,,131305,CR660-415-40,,,,,,,,,,,,,,,,,,,,,,,,,,,,,,,,,,,,,,,,,,,,,,,,,,,,,,,,,,,,,,,,,,,,,
ds-131312,PRODUCT,Thomas Sabo Sterling Silver Ankerkette,false,"<p>gearbeitet in 925 Silber, Ankerkette, Länge: 45cm, Karabinerverschluss, zwei Jahre GarantieReferenz: KE1111-001-12-L45Verfügbar in der Bijouterie am Bogen in Bremgarten AG</p>",schmuck;colliers;thomas-sabo,schmuck,,,,Thomas Sabo,98,,,,,,40.85,1,false,,,131312,KE1111-001-12-L45,,,,,,,,,,,,,,,,,,,,,,,,,,,,,,,,,,,,,,,,,,,,,,,,,,,,,,,,,,,,,,,,,,,,,
ds-131316,PRODUCT,Thomas Sabo Sterling Silver Collier,false,"<p>gearbeitet in 925 Sterlingsilber vergoldet, mit weissen Zirkonia, Länge: 40cm bis 45cm, Karabinerverschluss, 2 Jahre GarantieReferenz: KE2110-414-14-L45VVerfügbar in der Bijouterie am Bogen in Bremgarten AG</p>",schmuck;colliers;thomas-sabo,schmuck,,,,Thomas Sabo,459,,,,,,191.25,1,false,,,131316,KE2110-414-14-L45V,,,,,,,,,,,,,,,,,,,,,,,,,,,,,,,,,,,,,,,,,,,,,,,,,,,,,,,,,,,,,,,,,,,,,
ds-131320,PRODUCT,Thomas Sabo Sterling Silver Collier,false,"<p>gearbeitet in 925 Silber vergoldet, Ankerkette, Länge: 38cm bis 45cm, Anhänger Lebensbaum mit Kaltemail, Karabinerverschluss, zwei Jahre GarantieReferenz: KE2220-427-39-L45VVerfügbar in der Bijouterie am Bogen in Bremgarten AG</p>",schmuck;colliers;thomas-sabo,schmuck,,,,Thomas Sabo,95,,,,,,39.6,1,false,,,131320,KE2220-427-39-L45V,,,,,,,,,,,,,,,,,,,,,,,,,,,,,,,,,,,,,,,,,,,,,,,,,,,,,,,,,,,,,,,,,,,,,
ds-131329,PRODUCT,Thomas Sabo Sterling Silver Damenring,false,"<p>gearbeitet in 925 Silber rosévergoldet, Oberfläche: poliert, mit weissen Zirkonia, Grösse: 52, zwei Jahre GarantieReferenz: TR2325-416-14-52Verfügbar in der Bijouterie am Bogen in Bremgarten AG</p>",schmuck;ohrschmuck;thomas-sabo,schmuck,,,,Thomas Sabo,69,,,,,,28.75,1,false,,,131329,TR2325-416-14-52,,,,,,,,,,,,,,,,,,,,,,,,,,,,,,,,,,,,,,,,,,,,,,,,,,,,,,,,,,,,,,,,,,,,,
ds-131746,PRODUCT,Thomas Sabo Sterling Silver Bracelet,false,"<p>gearbeitet in 925 Silber vergoldet, Oberfläche: poliert, mit weissen Zirkonia, Länge: 16cm bis 19cm, Karabinerverschluss, zwei Jahre GarantieReferenz: A2032-414-14-L19VVerfügbar in der Bijouterie am Bogen in Bremgarten AG</p>",schmuck;bracelets;thomas-sabo,,,,,Thomas Sabo,289,,,,,,120.45,1,false,,,131746,A2032-414-14-L19V,,,,,,,,,,,,,,,,,,,,,,,,,,,,,,,,,,,,,,,,,,,,,,,,,,,,,,,,,,,,,,,,,,,,,
ds-132932,PRODUCT,Thomas Sabo Sterling Silver Damenring,false,"<p>gearbeitet in 925 Sterlingsilber vergoldet, Oberfläche: poliert, ein roter Lab Grown Rubin im Herzschliff und mit weissen Zirkonia, Grösse: 50, 2 Jahre GarantieReferenz: TR2448-995-10-50Verfügbar in der Bijouterie am Bogen in Bremgarten AG</p>",schmuck;ringe;thomas-sabo,schmuck,,,,Thomas Sabo,139,,,,,,57.9,1,false,,,132932,TR2448-995-10-50,,,,,,,,,,,,,,,,,,,,,,,,,,,,,,,,,,,,,,,,,,,,,,,,,,,,,,,,,,,,,,,,,,,,,
ds-132940,PRODUCT,Thomas Sabo Sterling Silver Ohrstecker,false,"<p>gearbeitet in 925 Sterlingsilber, Oberfläche: poliert, mit weissen Zirkonia, 2 Jahre GarantieReferenz: H2342-051-14Verfügbar in der Bijouterie am Bogen in Bremgarten AG</p>",schmuck;ohrschmuck;thomas-sabo,schmuck,,,,Thomas Sabo,115,,,,,,47.9,1,false,,,132940,H2342-051-14,,,,,,,,,,,,,,,,,,,,,,,,,,,,,,,,,,,,,,,,,,,,,,,,,,,,,,,,,,,,,,,,,,,,,
ds-132943,PRODUCT,Thomas Sabo Sterling Silver Damenring,false,"<p>gearbeitet in 925 Sterlingsilber, Oberfläche: poliert, mit weissen Zirkonia, Grösse: 56, zwei Jahre GarantieReferenz: TR2519-051-14-56Verfügbar in der Bijouterie am Bogen in Bremgarten AG</p>",schmuck;ringe;thomas-sabo,,,,,Thomas Sabo,209,,,,,,87.1,1,false,,,132943,TR2519-051-14-56,,,,,,,,,,,,,,,,,,,,,,,,,,,,,,,,,,,,,,,,,,,,,,,,,,,,,,,,,,,,,,,,,,,,,
ds-132946,PRODUCT,Thomas Sabo Sterling Silver Damenring,false,"<p>gearbeitet in 925 Sterlingsilber, Oberfläche: poliert, mit weissen Zirkonia, Grösse: 54, zwei Jahre GarantieReferenz: TR2523-051-14-54Verfügbar in der Bijouterie am Bogen in Bremgarten AG</p>",schmuck;ringe;thomas-sabo,schmuck,,,,Thomas Sabo,115,,,,,,47.9,1,false,,,132946,TR2523-051-14-54,,,,,,,,,,,,,,,,,,,,,,,,,,,,,,,,,,,,,,,,,,,,,,,,,,,,,,,,,,,,,,,,,,,,,
ds-132949,PRODUCT,Thomas Sabo Sterling Silver Creolen,false,"<p>gearbeitet in 925 Silber vergoldet, Oberfläche: poliert, mit weissen Zirkonia, zwei Jahre GarantieReferenz: CR759-414-14Verfügbar in der Bijouterie am Bogen in Bremgarten AG</p>",schmuck;ohrschmuck;thomas-sabo,schmuck,,,,Thomas Sabo,289,,,,,,120.45,1,false,,,132949,CR759-414-14,,,,,,,,,,,,,,,,,,,,,,,,,,,,,,,,,,,,,,,,,,,,,,,,,,,,,,,,,,,,,,,,,,,,,
ds-132951,PRODUCT,Thomas Sabo Sterling Silver Collier,false,"<p>gearbeitet in 925 Silber vergoldet, Ankerkette, mit weissen Zirkonia, Oberfläche: poliert, Länge: 40cm bis 45cm, Karabinerverschluss, zwei Jahre GarantieReferenz: KE2363-414-14-L45VVerfügbar in der Bijouterie am Bogen in Bremgarten AG</p>",schmuck;colliers;thomas-sabo,schmuck,,,,Thomas Sabo,255,,,,,,106.25,1,false,,,132951,KE2363-414-14-L45V,,,,,,,,,,,,,,,,,,,,,,,,,,,,,,,,,,,,,,,,,,,,,,,,,,,,,,,,,,,,,,,,,,,,,
ds-132953,PRODUCT,Thomas Sabo Sterling Silver Damenring,false,"<p>gearbeitet in 925 Silber vergoldet, Oberfläche: poliert, mit weissen Zirkonia, Grösse: 54, zwei Jahre GarantieReferenz: TR2523-414-14-54Verfügbar in der Bijouterie am Bogen in Bremgarten AG</p>",schmuck;ringe;thomas-sabo,schmuck,,,,Thomas Sabo,149,,,,,,62.1,1,false,,,132953,TR2523-414-14-54,,,,,,,,,,,,,,,,,,,,,,,,,,,,,,,,,,,,,,,,,,,,,,,,,,,,,,,,,,,,,,,,,,,,,
ds-111804,PRODUCT,Thomas Sabo Charm Club Schneeflocke,false,"<p>gearbeitet in 925 Sterlingsilber, Oberfläche: poliert, Schneeflocke, mit einem KarabinerReferenz: 0281-001-12Verfügbar in der Bijouterie am Bogen in Bremgarten AG</p>",schmuck;beads-charms;thomas-sabo,schmuck,,,,Thomas Sabo,35,,,,,,13.85,1,false,,,111804,0281-001-12,,,,,,,,,,,,,,,,,,,,,,,,,,,,,,,,,,,,,,,,,,,,,,,,,,,,,,,,,,,,,,,,,,,,,
ds-111830,PRODUCT,Thomas Sabo Charm Club Herz,false,"<p>gearbeitet in 925 Silber, Oberfläche: poliert, Karabinerverschluss, zwei Jahre GarantieReferenz: 0773-001-12Verfügbar in der Bijouterie am Bogen in Bremgarten AG</p>",schmuck;beads-charms;thomas-sabo,schmuck,,,,Thomas Sabo,42,,,,,,16.6,1,false,,,111830,0773-001-12,,,,,,,,,,,,,,,,,,,,,,,,,,,,,,,,,,,,,,,,,,,,,,,,,,,,,,,,,,,,,,,,,,,,,
ds-111853,PRODUCT,Thomas Sabo Charm Club Anhänger Glck,false,"<p>gearbeitet in 925 Sterlingsilber, Herz, Kleeblatt, Hufeisen, mit weissen Zirkonia, Karabiner, zwei Jahre GarantieReferenz: 0870-051-14Verfügbar in der Bijouterie am Bogen in Bremgarten AG</p>",schmuck;beads-charms;thomas-sabo,schmuck,,,,Thomas Sabo,95,,,,,,36.55,1,false,,,111853,0870-051-14,,,,,,,,,,,,,,,,,,,,,,,,,,,,,,,,,,,,,,,,,,,,,,,,,,,,,,,,,,,,,,,,,,,,,
ds-111870,PRODUCT,Thomas Sabo Charm Club Krone 925 Silber,false,"<p>gearbeitet in 925 Silber, Oberfläche: poliert, Krone, mit einem Karabinerverschluss, zwei Jahre GarantieReferenz: 1011-001-12Verfügbar in der Bijouterie am Bogen in Bremgarten AG</p>",schmuck;beads-charms;thomas-sabo,,,,,Thomas Sabo,37,,,,,,14.25,1,false,,,111870,1011-001-12,,,,,,,,,,,,,,,,,,,,,,,,,,,,,,,,,,,,,,,,,,,,,,,,,,,,,,,,,,,,,,,,,,,,,
ds-111962,PRODUCT,Thomas Sabo Charm Club Armband M,false,"<p>gearbeitet in 925 Sterlingsilber, Oberfläche: poliert, Ankerkette, Länge: 18cm, KarabinerverschlussReferenz: X0031-001-12-MVerfügbar in der Bijouterie am Bogen in Bremgarten AG</p>",schmuck;bracelets;thomas-sabo,schmuck,,,,Thomas Sabo,69,,,,,,25.75,1,false,,,111962,X0031-001-12-M,,,,,,,,,,,,,,,,,,,,,,,,,,,,,,,,,,,,,,,,,,,,,,,,,,,,,,,,,,,,,,,,,,,,,
ds-111967,PRODUCT,Thomas Sabo Charm Club Armband 925 Silber rosé,false,"<p>925 Silber, rosévergoldet, Ankerkette, Länge: 16cmReferenz: X0031-415-12-SVerfügbar in der Bijouterie am Bogen in Bremgarten AG</p>",schmuck;bracelets;thomas-sabo,schmuck,,,,Thomas Sabo,69,,,,,,34.8,1,false,,,111967,X0031-415-12-S,,,,,,,,,,,,,,,,,,,,,,,,,,,,,,,,,,,,,,,,,,,,,,,,,,,,,,,,,,,,,,,,,,,,,
ds-111973,PRODUCT,Thomas Sabo Charm Club Armband,false,"<p>gearbeitet in 925 Sterlingsilber, Ankerkette, Länge: 20cm, KarsbinerReferenz: X0032-001-12-LVerfügbar in der Bijouterie am Bogen in Bremgarten AG</p>",schmuck;bracelets;thomas-sabo,,,,,Thomas Sabo,115,,,,,,45.4,2,false,,,111973,111973,,,,,,,,,,,,,,,,,,,,,,,,,,,,,,,,,,,,,,,,,,,,,,,,,,,,,,,,,,,,,,,,,,,,,
ds-111990,PRODUCT,Thomas Sabo Charm Club Carrier 925 Silber rosé,false,"<p>gearbeitet in 925 Silber rosévergoldet, Oberfläche: poliertReferenz: X0182-415-12Verfügbar in der Bijouterie am Bogen in Bremgarten AG</p>",schmuck;anhaenger;thomas-sabo,schmuck,,,,Thomas Sabo,29,,,,,,14.6,2,false,,,111990,X0182-415-12,,,,,,,,,,,,,,,,,,,,,,,,,,,,,,,,,,,,,,,,,,,,,,,,,,,,,,,,,,,,,,,,,,,,,
ds-112506,PRODUCT,Thomas Sabo Charm Club Armband Jubiläum S,false,"<p>925 Silber, Ankerkette, Karabiner, mit Diamanten, Länge: 16cmReferenz: DCX0001-425-14-SVerfügbar in der Bijouterie am Bogen in Bremgarten AG</p>",schmuck;bracelets;thomas-sabo,schmuck,,,,Thomas Sabo,79,,,,,,20.35,4,false,,,112506,DCX0001-425-14-S,,,,,,,,,,,,,,,,,,,,,,,,,,,,,,,,,,,,,,,,,,,,,,,,,,,,,,,,,,,,,,,,,,,,,
ds-113328,PRODUCT,Thomas Sabo Charm Club Rosenquarz Herz,false,"<p>gearbeitet in 925 Silber, mit einem Rosenquarz, Oberfläche: poliert, Karabinerverschluss, zwei Jahre GarantieReferenz: 1361-034-9Verfügbar in der Bijouterie am Bogen in Bremgarten AG</p>",schmuck;beads-charms;thomas-sabo,,,,,Thomas Sabo,95,,,,,,37.6,1,false,,,113328,1361-034-9,,,,,,,,,,,,,,,,,,,,,,,,,,,,,,,,,,,,,,,,,,,,,,,,,,,,,,,,,,,,,,,,,,,,,
ds-115381,PRODUCT,Thomas Sabo Charm Club Scheibe 925,false,"<p>925 Silber, Karabiner, zwei Jahre GarantieReferenz: 1428-001-21Verfügbar in der Bijouterie am Bogen in Bremgarten AG</p>",schmuck;beads-charms;thomas-sabo,schmuck,,,,Thomas Sabo,55,,,,,,20.2,1,false,,,115381,1428-001-21,,,,,,,,,,,,,,,,,,,,,,,,,,,,,,,,,,,,,,,,,,,,,,,,,,,,,,,,,,,,,,,,,,,,,
ds-116421,PRODUCT,Thomas Sabo Charm Club Vintage Herz,false,"<p>925 Silber geschwärzt, synthetischer Korund und Zirkonia, Karabiner, zwei Jahre GarantieReferenz: 1475-640-10Verfügbar in der Bijouterie am Bogen in Bremgarten AG</p>",schmuck;beads-charms;thomas-sabo,,,,,Thomas Sabo,89,,,,,,40.85,1,false,,,116421,1475-640-10,,,,,,,,,,,,,,,,,,,,,,,,,,,,,,,,,,,,,,,,,,,,,,,,,,,,,,,,,,,,,,,,,,,,,
ds-117123,PRODUCT,Thomas Sabo Charm Club Kreis,false,"<p>925 Silber, weisse Zirkonia, KarabinerReferenz: 1530-051-14Verfügbar in der Bijouterie am Bogen in Bremgarten AG</p>",schmuck;beads-charms;thomas-sabo,schmuck,,,,Thomas Sabo,89,,,,,,37.1,1,false,,,117123,1530-051-14,,,,,,,,,,,,,,,,,,,,,,,,,,,,,,,,,,,,,,,,,,,,,,,,,,,,,,,,,,,,,,,,,,,,,
ds-117127,PRODUCT,Thomas Sabo Charm Club Sonne,false,"<p>gearbeitet in 925 Silber vergoldet, Oberfläche: poliert, Perlmutt, KarabinerverschlussReferenz: 1534-429-14Verfügbar in der Bijouterie am Bogen in Bremgarten AG</p>",schmuck;beads-charms;thomas-sabo,schmuck,,,,Thomas Sabo,75,,,,,,28.85,1,false,,,117127,1534-429-14,,,,,,,,,,,,,,,,,,,,,,,,,,,,,,,,,,,,,,,,,,,,,,,,,,,,,,,,,,,,,,,,,,,,,
ds-117133,PRODUCT,Thomas Sabo Charm Club Glitzerstern,false,"<p>925 Silber weisse Zirkonia, KarabinerReferenz: 1540-051-14Verfügbar in der Bijouterie am Bogen in Bremgarten AG</p>",schmuck;beads-charms;thomas-sabo,,,,,Thomas Sabo,129,,,,,,53.75,1,false,,,117133,1540-051-14,,,,,,,,,,,,,,,,,,,,,,,,,,,,,,,,,,,,,,,,,,,,,,,,,,,,,,,,,,,,,,,,,,,,,
ds-117135,PRODUCT,Thomas Sabo Charm Club Schwarzer Stein,false,"<p>925 Silber schwarzer Achat, KarabinerReferenz: 1542-507-11Verfügbar in der Bijouterie am Bogen in Bremgarten AG</p>",schmuck;beads-charms;thomas-sabo,,,,,Thomas Sabo,65,,,,,,32.9,1,false,,,117135,1542-507-11,,,,,,,,,,,,,,,,,,,,,,,,,,,,,,,,,,,,,,,,,,,,,,,,,,,,,,,,,,,,,,,,,,,,,
ds-117167,PRODUCT,Thomas Sabo Charm Club Herz,false,"<p>gearbeitet in 925 Sterlingsilber, Oberfläche: poliert, mit einem Karabiner, zwei Jahre GarantieReferenz: 1634-001-21Verfügbar in der Bijouterie am Bogen in Bremgarten AG</p>",schmuck;beads-charms;thomas-sabo,,,,,Thomas Sabo,45,,,,,,17.8,2,false,,,117167,1634-001-21,,,,,,,,,,,,,,,,,,,,,,,,,,,,,,,,,,,,,,,,,,,,,,,,,,,,,,,,,,,,,,,,,,,,,
ds-117173,PRODUCT,Thomas Sabo Charm Club Mond und Sterne,false,"<p>925 Silber gelbvergoldet, Kaltemail, KarabinerReferenz: 1664-427-32Verfügbar in der Bijouterie am Bogen in Bremgarten AG</p>",schmuck;beads-charms;thomas-sabo,schmuck,,,,Thomas Sabo,79,,,,,,40.85,1,false,,,117173,1664-427-32,,,,,,,,,,,,,,,,,,,,,,,,,,,,,,,,,,,,,,,,,,,,,,,,,,,,,,,,,,,,,,,,,,,,,
ds-117206,PRODUCT,Thomas Sabo Charm Club Lederkette 925 Braun,false,"<p>925 Silber, Lederkette, Länge: 45-50cmReferenz: X0244-134-5-L50Verfügbar in der Bijouterie am Bogen in Bremgarten AG</p>",schmuck;colliers;thomas-sabo,,,,,Thomas Sabo,49,,,,,,20.4,1,false,,,117206,X0244-134-5-L50,,,,,,,,,,,,,,,,,,,,,,,,,,,,,,,,,,,,,,,,,,,,,,,,,,,,,,,,,,,,,,,,,,,,,
ds-117210,PRODUCT,Thomas Sabo Charm Club Carrier 925 Silber geschwärzt,false,<p>925 Silber geschwärztReferenz: X0249-637-21Verfügbar in der Bijouterie am Bogen in Bremgarten AG</p>,schmuck;anhaenger;thomas-sabo,schmuck,,,,Thomas Sabo,22,,,,,,9.15,2,false,,,117210,X0249-637-21,,,,,,,,,,,,,,,,,,,,,,,,,,,,,,,,,,,,,,,,,,,,,,,,,,,,,,,,,,,,,,,,,,,,,
ds-117213,PRODUCT,Thomas Sabo Charm Club Collier 925 Silber,false,"<p>925 Silber geschwärzt, Ankerkette, Länge: 70cmReferenz: X0251-637-21-L70Verfügbar in der Bijouterie am Bogen in Bremgarten AG</p>",schmuck;colliers;thomas-sabo,schmuck,,,,Thomas Sabo,65,,,,,,32.9,2,false,,,117213,X0251-637-21-L70,,,,,,,,,,,,,,,,,,,,,,,,,,,,,,,,,,,,,,,,,,,,,,,,,,,,,,,,,,,,,,,,,,,,,
ds-117217,PRODUCT,Thomas Sabo Charm Club Collier 925 Silber,false,"<p>925 Silber, Ankerkette, Länge: 70cmReferenz: X0252-001-21-L70Verfügbar in der Bijouterie am Bogen in Bremgarten AG</p>",schmuck;colliers;thomas-sabo,schmuck,,,,Thomas Sabo,49,,,,,,20.4,4,false,,,117217,X0252-001-21-L70,,,,,,,,,,,,,,,,,,,,,,,,,,,,,,,,,,,,,,,,,,,,,,,,,,,,,,,,,,,,,,,,,,,,,
ds-117220,PRODUCT,Thomas Sabo Charm Club Armband 925 Silber,false,"<p>925 Silber gelbvergoldet, Ankerkette, Länge: 18.5cmReferenz: X0253-413-39-L17Verfügbar in der Bijouterie am Bogen in Bremgarten AG</p>",schmuck;bracelets;thomas-sabo,schmuck,,,,Thomas Sabo,129,,,,,,47.9,1,false,,,117220,X0253-413-39-L17,,,,,,,,,,,,,,,,,,,,,,,,,,,,,,,,,,,,,,,,,,,,,,,,,,,,,,,,,,,,,,,,,,,,,
ds-117223,PRODUCT,Thomas Sabo Charm Club Armband 925 Silber,false,"<p>925 Silber, Ankerkette, Länge: 19cmReferenz: X0253-001-21-L17Verfügbar in der Bijouterie am Bogen in Bremgarten AG</p>",schmuck;bracelets;thomas-sabo,schmuck,,,,Thomas Sabo,49,,,,,,20.4,4,false,,,117223,X0253-001-21-L17,,,,,,,,,,,,,,,,,,,,,,,,,,,,,,,,,,,,,,,,,,,,,,,,,,,,,,,,,,,,,,,,,,,,,
ds-117228,PRODUCT,Thomas Sabo Charm Club Collier 925 Silber,false,"<p>925 Silber, Ankerkette, Länge: 45cmReferenz: X0254-001-21-L45Verfügbar in der Bijouterie am Bogen in Bremgarten AG</p>",schmuck;colliers;thomas-sabo,schmuck,,,,Thomas Sabo,89,,,,,,37.1,1,false,,,117228,X0254-001-21-L45,,,,,,,,,,,,,,,,,,,,,,,,,,,,,,,,,,,,,,,,,,,,,,,,,,,,,,,,,,,,,,,,,,,,,
ds-117231,PRODUCT,Thomas Sabo Charm Club Armband 925 Silber,false,"<p>925 Silber geschwärzt, Ankerkette, Länge: 21.5cmReferenz: X0255-637-21-L20Verfügbar in der Bijouterie am Bogen in Bremgarten AG</p>",schmuck;bracelets;thomas-sabo,schmuck,,,,Thomas Sabo,95,,,,,,39.6,1,false,,,117231,X0255-637-21-L20,,,,,,,,,,,,,,,,,,,,,,,,,,,,,,,,,,,,,,,,,,,,,,,,,,,,,,,,,,,,,,,,,,,,,
ds-117920,PRODUCT,Thomas Sabo Charm Club Armband 925 Silber,false,"<p>925 Silber Ankerkette, Länge: 21cm, zwei Jahre GarantieReferenz: X0259-001-21-L19Verfügbar in der Bijouterie am Bogen in Bremgarten AG</p>",schmuck;bracelets;thomas-sabo,,,,,Thomas Sabo,85,,,,,,35.4,1,false,,,117920,X0259-001-21-L19,,,,,,,,,,,,,,,,,,,,,,,,,,,,,,,,,,,,,,,,,,,,,,,,,,,,,,,,,,,,,,,,,,,,,
ds-117924,PRODUCT,Thomas Sabo Charm Club Carrier rosé,false,"<p>925 Silber rosévergoldet, Zirkonia weiss, zwei Jahre GarantieReferenz: X0263-416-14Verfügbar in der Bijouterie am Bogen in Bremgarten AG</p>",schmuck;anhaenger;thomas-sabo,,,,,Thomas Sabo,39,,,,,,16.25,1,false,,,117924,X0263-416-14,,,,,,,,,,,,,,,,,,,,,,,,,,,,,,,,,,,,,,,,,,,,,,,,,,,,,,,,,,,,,,,,,,,,,
ds-117926,PRODUCT,Thomas Sabo Charm Club Carrier Kreis Silber,false,"<p>925 Silber, zwei Jahre GarantieReferenz: X0265-001-21Verfügbar in der Bijouterie am Bogen in Bremgarten AG</p>",schmuck;anhaenger;thomas-sabo,schmuck,,,,Thomas Sabo,25,,,,,,10.4,1,false,,,117926,X0265-001-21,,,,,,,,,,,,,,,,,,,,,,,,,,,,,,,,,,,,,,,,,,,,,,,,,,,,,,,,,,,,,,,,,,,,,
ds-118003,PRODUCT,Thomas Sabo Charm Club Carrier Kreis gross,false,"<p>925 Silber, zwei Jahre GarantieReferenz: X0267-001-21Verfügbar in der Bijouterie am Bogen in Bremgarten AG</p>",schmuck;anhaenger;thomas-sabo,schmuck,,,,Thomas Sabo,32,,,,,,13.35,1,false,,,118003,X0267-001-21,,,,,,,,,,,,,,,,,,,,,,,,,,,,,,,,,,,,,,,,,,,,,,,,,,,,,,,,,,,,,,,,,,,,,
ds-118219,PRODUCT,Thomas Sabo Charm Club Coin Löwe,false,"<p>925 Silber gelbvergoldet, mit Karabiner, zwei Jahre GarantieReferenz: 1697-966-39Verfügbar in der Bijouterie am Bogen in Bremgarten AG</p>",schmuck;beads-charms;thomas-sabo,,,,,Thomas Sabo,179,,,,,,74.6,1,false,,,118219,1697-966-39,,,,,,,,,,,,,,,,,,,,,,,,,,,,,,,,,,,,,,,,,,,,,,,,,,,,,,,,,,,,,,,,,,,,,
ds-118516,PRODUCT,Thomas Sabo Charm Club Armband 925 Silber mit gratis,false,"<p>925 Silber Ankerkette, Zirkonia, Länge: 21cm, Charm geschenkt,Referenz: SET0554-643-14-L19,5vVerfügbar in der Bijouterie am Bogen in Bremgarten AG</p>",schmuck;bracelets;thomas-sabo,schmuck,,,,Thomas Sabo,129,,,,,,53.75,1,false,,,118516,"SET0554-643-14-L19,5v",,,,,,,,,,,,,,,,,,,,,,,,,,,,,,,,,,,,,,,,,,,,,,,,,,,,,,,,,,,,,,,,,,,,,
ds-118646,PRODUCT,Thomas Sabo Charm Club Roter Lippenstift,false,"<p>925 Silber vergoldet, Kaltemail, mit weissem Zirkonia, Karabiner, zwei Jahre GarantieReferenz: 1750-565-7Verfügbar in der Bijouterie am Bogen in Bremgarten AG</p>",schmuck;beads-charms;thomas-sabo,schmuck,,,,Thomas Sabo,65,,,,,,27.1,1,false,,,118646,1750-565-7,,,,,,,,,,,,,,,,,,,,,,,,,,,,,,,,,,,,,,,,,,,,,,,,,,,,,,,,,,,,,,,,,,,,,
ds-119062,PRODUCT,Thomas Sabo Charm Club Kleeblatt,false,"<p>gearbeitet in 925 Sterlingsilber, Oberfläche: poliert, Kleeblatt, Karabinerverschluss, zwei Jahre GarantieReferenz: 0884-001-12Verfügbar in der Bijouterie am Bogen in Bremgarten AG</p>",schmuck;beads-charms;thomas-sabo,schmuck,,,,Thomas Sabo,32,,,,,,12.3,1,false,,,119062,0884-001-12,,,,,,,,,,,,,,,,,,,,,,,,,,,,,,,,,,,,,,,,,,,,,,,,,,,,,,,,,,,,,,,,,,,,,
ds-119170,PRODUCT,Thomas Sabo Charm Club Muschel farbig,false,"<p>925 Silber geschwärzt, Glas-Keramik Stein, synthetischer Korund, Zirkonia, Karabiner, zwei Jahre GarantieReferenz: 1767-342-7Verfügbar in der Bijouterie am Bogen in Bremgarten AG</p>",schmuck;beads-charms;thomas-sabo,schmuck,,,,Thomas Sabo,129,,,,,,46.5,1,false,,,119170,1767-342-7,,,,,,,,,,,,,,,,,,,,,,,,,,,,,,,,,,,,,,,,,,,,,,,,,,,,,,,,,,,,,,,,,,,,,
ds-119178,PRODUCT,Thomas Sabo Charm Club Kette 925 Silber 50cm,false,"<p>925 Silber, Ankerkette, Länge: 50cm, Karabiner, zwei Jahre GarantieReferenz: X0276-001-21-L50Verfügbar in der Bijouterie am Bogen in Bremgarten AG</p>",schmuck;colliers;thomas-sabo,schmuck,,,,Thomas Sabo,129,,,,,,52.15,3,false,,,119178,X0276-001-21-L50,,,,,,,,,,,,,,,,,,,,,,,,,,,,,,,,,,,,,,,,,,,,,,,,,,,,,,,,,,,,,,,,,,,,,
ds-119654,PRODUCT,Thomas Sabo Charm Club Hufeisen,false,"<p>gearbeitet in 925 Sterlingsilber, Oberfläche: poliert, mit weissen Zirkonia, Hufeisen, Karabinerverschluss, zwei Jahre GarantieReferenz: 1795-051-14Verfügbar in der Bijouterie am Bogen in Bremgarten AG</p>",schmuck;beads-charms;thomas-sabo,,,,,Thomas Sabo,42,,,,,,16.6,1,false,,,119654,1795-051-14,,,,,,,,,,,,,,,,,,,,,,,,,,,,,,,,,,,,,,,,,,,,,,,,,,,,,,,,,,,,,,,,,,,,,
ds-119664,PRODUCT,Thomas Sabo Charm Club Farbiger Stern gold,false,"<p>Ein bunter Stern, dessen Aussehen an eine Kompass-Windrose erinnert. Die Steine des vergoldeten Charms sind einzeln von Hand gesetzt und sorgen mit ihrem Gute-Laune-Farbmix für Glücksgefühle.Referenz: 1816-488-7Verfügbar in der Bijouterie am Bogen in Bremgarten AG</p>",schmuck;beads-charms;thomas-sabo,schmuck,,,,Thomas Sabo,98,,,,,,39.6,1,false,,,119664,1816-488-7,,,,,,,,,,,,,,,,,,,,,,,,,,,,,,,,,,,,,,,,,,,,,,,,,,,,,,,,,,,,,,,,,,,,,
ds-119752,PRODUCT,Thomas Sabo Charm Club Fliege,false,"<p>925 Silber mit einer 750 Gelbgold Vergoldung, Zirkonia, Karabiner, zwei Jahre Garantie Die Fliege mit verrückt-buntem Steinbesatz und filigraner Gestaltung zeigt als neuer Lieblingsbegleiter am Charm-Armband, dass die Trägerin einfach auf gute Laune fliegt.Referenz: 1809-488-7Verfügbar in der Bijouterie am Bogen in Bremgarten AG</p>",schmuck;beads-charms;thomas-sabo,,,,,Thomas Sabo,98,,,,,,39.6,1,false,,,119752,1809-488-7,,,,,,,,,,,,,,,,,,,,,,,,,,,,,,,,,,,,,,,,,,,,,,,,,,,,,,,,,,,,,,,,,,,,,
ds-123200,PRODUCT,Thomas Sabo Charm Club Kette Bunte Steine Gold,false,"<p>925 Silber vergoldet mit bunten Zirkonia, Ankerkette, Länge: 38cm-45cm, zwei Jahre GarantieReferenz: KE2095-488-7-L45vVerfügbar in der Bijouterie am Bogen in Bremgarten AG</p>",schmuck;colliers;thomas-sabo,schmuck,,,,Thomas Sabo,255,,,,,,102.1,1,false,,,123200,KE2095-488-7-L45v,,,,,,,,,,,,,,,,,,,,,,,,,,,,,,,,,,,,,,,,,,,,,,,,,,,,,,,,,,,,,,,,,,,,,
ds-123245,PRODUCT,Thomas Sabo Charm Club Herz,false,"<p>925 Silber, weisse Zirkonia, KarabinerReferenz: 1864-051-14Verfügbar in der Bijouterie am Bogen in Bremgarten AG</p>",schmuck;beads-charms;thomas-sabo,,,,,Thomas Sabo,79,,,,,,32.9,1,false,,,123245,1864-051-14,,,,,,,,,,,,,,,,,,,,,,,,,,,,,,,,,,,,,,,,,,,,,,,,,,,,,,,,,,,,,,,,,,,,,
ds-124457,PRODUCT,Thomas Sabo Charm Club Blume Rosé,false,<p>925 Silber rosé mit weissen ZirkoniaReferenz: 1874-323-7Verfügbar in der Bijouterie am Bogen in Bremgarten AG</p>,schmuck;beads-charms;thomas-sabo,schmuck,,,,Thomas Sabo,129,,,,,,53.75,1,false,,,124457,1874-323-7,,,,,,,,,,,,,,,,,,,,,,,,,,,,,,,,,,,,,,,,,,,,,,,,,,,,,,,,,,,,,,,,,,,,,
ds-125144,PRODUCT,Thomas Sabo Charm Club Anhänger,false,"<p>gearbeitet in 925 Sterlingsilber, Muschel, mit Glas-Keramik Stein, synthetischer Spinell hellblau, Zirkonia weiss, Karabinerverschluss, 2 Jahre GarantieReferenz: 1894-945-7Verfügbar in der Bijouterie am Bogen in Bremgarten AG</p>",schmuck;beads-charms;thomas-sabo,,,,,Thomas Sabo,98,,,,,,40.85,1,false,,,125144,1894-945-7,,,,,,,,,,,,,,,,,,,,,,,,,,,,,,,,,,,,,,,,,,,,,,,,,,,,,,,,,,,,,,,,,,,,,
ds-125160,PRODUCT,Thomas Sabo Charm Club Damenring,false,"<p>gearbeitet in 925 Sterlingsilber, offen gestaltetes Design mit zwei Enden in Herzform, davon eines mit Zirkonia, Grösse: 52, 2 Jahre GarantieReferenz: TR2392-051-14-52Verfügbar in der Bijouterie am Bogen in Bremgarten AG</p>",schmuck;ringe;thomas-sabo,schmuck,,,,Thomas Sabo,65,,,,,,27.1,1,false,,,125160,TR2392-051-14-52,,,,,,,,,,,,,,,,,,,,,,,,,,,,,,,,,,,,,,,,,,,,,,,,,,,,,,,,,,,,,,,,,,,,,
ds-125188,PRODUCT,Thomas Sabo Charm Club Einzelne Creole,false,"<p>gearbeitet in 925 Sterlingsilber gelbvergoldet, Kordeloptik, mit einem Seepferdchen Anhänger und weissen Zirkonia, Clipverschluss, 2 Jahre GarantieReferenz: CR698-414-14Verfügbar in der Bijouterie am Bogen in Bremgarten AG</p>",schmuck;ohrschmuck;thomas-sabo,schmuck,,,,Thomas Sabo,65,,,,,,27.1,2,false,,,125188,CR698-414-14,,,,,,,,,,,,,,,,,,,,,,,,,,,,,,,,,,,,,,,,,,,,,,,,,,,,,,,,,,,,,,,,,,,,,
ds-125190,PRODUCT,Thomas Sabo Charm Club Einzelner Ohrstecker,false,"<p>gearbeitet in 925 Sterlingsilber, Seepferdchen, mit einem weissen Zirkonia, 2 Jahre GarantieReferenz: H2236-051-14Verfügbar in der Bijouterie am Bogen in Bremgarten AG</p>",schmuck;ohrschmuck;thomas-sabo,schmuck,,,,Thomas Sabo,32,,,,,,13.35,2,false,,,125190,H2236-051-14,,,,,,,,,,,,,,,,,,,,,,,,,,,,,,,,,,,,,,,,,,,,,,,,,,,,,,,,,,,,,,,,,,,,,
ds-125189,PRODUCT,Thomas Sabo Charm Club Einzelner Solitär Ohrstecker,false,"<p>gearbeitet in 925 Sterlingsilber, 4-Griff Fassung, mit einem blauen Zirkonia, 2 Jahre GarantieReferenz: H2233-699-32Verfügbar in der Bijouterie am Bogen in Bremgarten AG</p>",schmuck;ohrschmuck;thomas-sabo,schmuck,,,,Thomas Sabo,45,,,,,,18.75,2,false,,,125189,H2233-699-32,,,,,,,,,,,,,,,,,,,,,,,,,,,,,,,,,,,,,,,,,,,,,,,,,,,,,,,,,,,,,,,,,,,,,
ds-125165,PRODUCT,Thomas Sabo Charm Club Damenring,false,"<p>gearbeitet in 925 Sterlingsilber gelbvergoldet, V-Form, Oberfläche: poliert, Grösse: 54, 2 Jahre GarantieReferenz: TR2393-413-39-54Verfügbar in der Bijouterie am Bogen in Bremgarten AG</p>",schmuck;ringe;thomas-sabo,,,,,Thomas Sabo,65,,,,,,27.1,1,false,,,125165,TR2393-413-39-54,,,,,,,,,,,,,,,,,,,,,,,,,,,,,,,,,,,,,,,,,,,,,,,,,,,,,,,,,,,,,,,,,,,,,
ds-125146,PRODUCT,Thomas Sabo Charm Club Anhänger,false,"<p>gearbeitet in 925 Sterlingsilber, Schildkröte, mit Glas-Keramik Stein, synthetischer Spinell hellblau, Karabinerverschluss, 2 Jahre GarantieReferenz: 1897-667-1Verfügbar in der Bijouterie am Bogen in Bremgarten AG</p>",schmuck;beads-charms;thomas-sabo,,,,,Thomas Sabo,129,,,,,,53.75,1,false,,,125146,1897-667-1,,,,,,,,,,,,,,,,,,,,,,,,,,,,,,,,,,,,,,,,,,,,,,,,,,,,,,,,,,,,,,,,,,,,,
ds-125140,PRODUCT,Thomas Sabo Charm Club Anhänger,false,"<p>gearbeitet in 925 Sterlingsilber, Oktopus, mit weissen Zirkonia, schwarzen Zirkonia , synthetischer Spinell hellblau, synth. Spinell dunkelblau, Karabinerverschluss, 2 Jahre GarantieReferenz: 1890-644-1Verfügbar in der Bijouterie am Bogen in Bremgarten AG</p>",schmuck;beads-charms;thomas-sabo,schmuck,,,,Thomas Sabo,155,,,,,,64.6,1,false,,,125140,1890-644-1,,,,,,,,,,,,,,,,,,,,,,,,,,,,,,,,,,,,,,,,,,,,,,,,,,,,,,,,,,,,,,,,,,,,,
ds-124456,PRODUCT,Thomas Sabo Charm Club Libelle Rosé,false,<p>925 Silber rosé mit weissen ZirkoniaReferenz: 1873-323-7Verfügbar in der Bijouterie am Bogen in Bremgarten AG</p>,schmuck;beads-charms;thomas-sabo,schmuck,,,,Thomas Sabo,98,,,,,,40.85,1,false,,,124456,1873-323-7,,,,,,,,,,,,,,,,,,,,,,,,,,,,,,,,,,,,,,,,,,,,,,,,,,,,,,,,,,,,,,,,,,,,,
ds-123229,PRODUCT,Thomas Sabo Charm Club Ring Weisse Steine,false,"<p>925 Silber weisse Zirkonia, Grösse: 52Referenz: TR2348-051-14-52Verfügbar in der Bijouterie am Bogen in Bremgarten AG</p>",schmuck;ringe;thomas-sabo,,,,,Thomas Sabo,79,,,,,,32.9,1,false,,,123229,TR2348-051-14-52,,,,,,,,,,,,,,,,,,,,,,,,,,,,,,,,,,,,,,,,,,,,,,,,,,,,,,,,,,,,,,,,,,,,,
ds-123194,PRODUCT,Thomas Sabo Charm Club Kette mit Coins Silber,false,"<p>925 Silber, Ankerkette, Länge: 38cm-45cm, zwei Jahre GarantieReferenz: KE2106-001-21-L45vVerfügbar in der Bijouterie am Bogen in Bremgarten AG</p>",schmuck;colliers;thomas-sabo,schmuck,,,,Thomas Sabo,179,,,,,,74.6,1,false,,,123194,KE2106-001-21-L45v,,,,,,,,,,,,,,,,,,,,,,,,,,,,,,,,,,,,,,,,,,,,,,,,,,,,,,,,,,,,,,,,,,,,,
ds-119748,PRODUCT,Thomas Sabo Charm Club Perle,false,"<p>925 Silber, weisse Zirkonia, weisse Süsswasser Zuchtperle, Karabiner, zwei Jahre Garantie Perlen werden gerne zu den schönsten Momenten des Lebens getragen oder einfach jeden Tag – dafür eignet sich dieser lässige, Vintage-inspirierte Charm mit Süßwasserzuchtperle und Zirkonia, denn er passt perfekt zu jedem Anlass.Referenz: 1803-167-14Verfügbar in der Bijouterie am Bogen in Bremgarten AG</p>",schmuck;beads-charms;thomas-sabo,schmuck,,,,Thomas Sabo,49,,,,,,15.75,1,false,,,119748,1803-167-14,,,,,,,,,,,,,,,,,,,,,,,,,,,,,,,,,,,,,,,,,,,,,,,,,,,,,,,,,,,,,,,,,,,,,
ds-119663,PRODUCT,Thomas Sabo Charm Club Farbige Schlange,false,<p>Bunt ist die Lieblingsfarbe dieses THOMAS SABO Schlangen-Charms: Das kleine Kunstwerk fasziniert ausser mit seinem verrückten Steinbesatz und den feinen grafischen Gravuren auch mit seiner Bedeutung als Krafttier.Referenz: 1813-488-7Verfügbar in der Bijouterie am Bogen in Bremgarten AG</p>,schmuck;beads-charms;thomas-sabo,,,,,Thomas Sabo,98,,,,,,39.6,1,false,,,119663,1813-488-7,,,,,,,,,,,,,,,,,,,,,,,,,,,,,,,,,,,,,,,,,,,,,,,,,,,,,,,,,,,,,,,,,,,,,
ds-119653,PRODUCT,Thomas Sabo Charm Club Geburtsstein Januar,false,"<p>925 Silber mit einem Achat, Karabiner, zwei Jahre Garantie Der von Hand geschliffene Achat wird von einer aufwendigen Krappenfassung in Sternform gehalten und bringt Januar-Geburtstagskindern Glück.Referenz: 1793-625-10Verfügbar in der Bijouterie am Bogen in Bremgarten AG</p>",schmuck;beads-charms;thomas-sabo,,,,,Thomas Sabo,79,,,,,,31.95,1,false,,,119653,1793-625-10,,,,,,,,,,,,,,,,,,,,,,,,,,,,,,,,,,,,,,,,,,,,,,,,,,,,,,,,,,,,,,,,,,,,,
ds-119171,PRODUCT,Thomas Sabo Charm Club Palme Holiday,false,"<p>925 Silber geschwärzt, Glas-Keramik Stein, synthetischer Korund, Zirkonia, Karabiner, zwei Jahre GarantieReferenz: 1768-342-7Verfügbar in der Bijouterie am Bogen in Bremgarten AG</p>",schmuck;beads-charms;thomas-sabo,,,,,Thomas Sabo,115,,,,,,46.5,2,false,,,119171,1768-342-7,,,,,,,,,,,,,,,,,,,,,,,,,,,,,,,,,,,,,,,,,,,,,,,,,,,,,,,,,,,,,,,,,,,,,
ds-119063,PRODUCT,Thomas Sabo Charm Club Lebensbaum,false,"<p>gearbeitet in 925 Sterlingsilber, Oberfläche: poliert, mit weissen Zirkonia, Lebensbaum, Karabinerverschluss, zwei Jahre GarantieReferenz: 1303-051-14Verfügbar in der Bijouterie am Bogen in Bremgarten AG</p>",schmuck;beads-charms;thomas-sabo,,,,,Thomas Sabo,65,,,,,,25,1,false,,,119063,1303-051-14,,,,,,,,,,,,,,,,,,,,,,,,,,,,,,,,,,,,,,,,,,,,,,,,,,,,,,,,,,,,,,,,,,,,,
ds-118654,PRODUCT,Thomas Sabo Charm Club Libelle,false,"<p>925 Silber vergoldet, Zirkonia, Kaltemail, Glas-Keramik Stein, Karabiner, zwei Jahre GarantieReferenz: 1758-974-7Verfügbar in der Bijouterie am Bogen in Bremgarten AG</p>",schmuck;beads-charms;thomas-sabo,schmuck,,,,Thomas Sabo,89,,,,,,37.1,1,false,,,118654,1758-974-7,,,,,,,,,,,,,,,,,,,,,,,,,,,,,,,,,,,,,,,,,,,,,,,,,,,,,,,,,,,,,,,,,,,,,
ds-118641,PRODUCT,Thomas Sabo Charm Club Love und Peace,false,"<p>925 Silber, geschwärzt, Glas-Keramik Stein, Kaltemail, synt. Korund, synt. Spinell, Zirkonia, Karabiner, zwei Jahre GarantieReferenz: 1745-314-7Verfügbar in der Bijouterie am Bogen in Bremgarten AG</p>",schmuck;beads-charms;thomas-sabo,schmuck,,,,Thomas Sabo,179,,,,,,74.6,1,false,,,118641,1745-314-7,,,,,,,,,,,,,,,,,,,,,,,,,,,,,,,,,,,,,,,,,,,,,,,,,,,,,,,,,,,,,,,,,,,,,
ds-118221,PRODUCT,Thomas Sabo Charm Club Coin Drache Tiger,false,"<p>925 Silber geschwärzt, mit Karabiner, zwei Jahre GarantieReferenz: 1699-637-21Verfügbar in der Bijouterie am Bogen in Bremgarten AG</p>",schmuck;beads-charms;thomas-sabo,schmuck,,,,Thomas Sabo,169,,,,,,70.4,1,false,,,118221,1699-637-21,,,,,,,,,,,,,,,,,,,,,,,,,,,,,,,,,,,,,,,,,,,,,,,,,,,,,,,,,,,,,,,,,,,,,
ds-118071,PRODUCT,Thomas Sabo Charm Club Armband 925 Silber,false,"<p>gearbeitet in 925 Silber Ankerkette, Länge: 21cmReferenz: X0032-001-12-LVerfügbar in der Bijouterie am Bogen in Bremgarten AG</p>",schmuck;bracelets;thomas-sabo,,,,,Thomas Sabo,115,,,,,,40.85,3,false,,,118071,118071,,,,,,,,,,,,,,,,,,,,,,,,,,,,,,,,,,,,,,,,,,,,,,,,,,,,,,,,,,,,,,,,,,,,,
ds-117928,PRODUCT,Thomas Sabo Charm Club Kette 925 Silber,false,"<p>925 Silber Ankerkette, Länge: 70cm, zwei Jahre GarantieReferenz: X0268-001-21-L70Verfügbar in der Bijouterie am Bogen in Bremgarten AG</p>",schmuck;bracelets;thomas-sabo,schmuck,,,,Thomas Sabo,219,,,,,,91.25,1,false,,,117928,X0268-001-21-L70,,,,,,,,,,,,,,,,,,,,,,,,,,,,,,,,,,,,,,,,,,,,,,,,,,,,,,,,,,,,,,,,,,,,,
ds-117925,PRODUCT,Thomas Sabo Charm Club Carrier gold,false,"<p>925 Silber gelbvergoldet, Zrikonia weiss, zwei Jahre GarantieReferenz: X0264-414-14Verfügbar in der Bijouterie am Bogen in Bremgarten AG</p>",schmuck;anhaenger;thomas-sabo,schmuck,,,,Thomas Sabo,39,,,,,,16.25,1,false,,,117925,X0264-414-14,,,,,,,,,,,,,,,,,,,,,,,,,,,,,,,,,,,,,,,,,,,,,,,,,,,,,,,,,,,,,,,,,,,,,
ds-117923,PRODUCT,Thomas Sabo Charm Club Carrier schwarz,false,"<p>925 Silber, Zrikonia schwarz, zwei Jahre GarantieReferenz: X0262-643-11Verfügbar in der Bijouterie am Bogen in Bremgarten AG</p>",schmuck;anhaenger;thomas-sabo,schmuck,,,,Thomas Sabo,25,,,,,,10.4,1,false,,,117923,X0262-643-11,,,,,,,,,,,,,,,,,,,,,,,,,,,,,,,,,,,,,,,,,,,,,,,,,,,,,,,,,,,,,,,,,,,,,
ds-117919,PRODUCT,Thomas Sabo Charm Club Armband 925 Silber,false,"<p>925 Silber Ankerkette, Länge: 17cm, zwei Jahre GarantieReferenz: X0259-001-21-L15.5Verfügbar in der Bijouterie am Bogen in Bremgarten AG</p>",schmuck;bracelets;thomas-sabo,schmuck,,,,Thomas Sabo,75,,,,,,31.25,1,false,,,117919,X0259-001-21-L15.5,,,,,,,,,,,,,,,,,,,,,,,,,,,,,,,,,,,,,,,,,,,,,,,,,,,,,,,,,,,,,,,,,,,,,
ds-117230,PRODUCT,Thomas Sabo Charm Club Armband 925 Silber,false,"<p>925 Silber geschwärzt, Ankerkette, Länge: 20cmReferenz: X0255-637-21-L18,5Verfügbar in der Bijouterie am Bogen in Bremgarten AG</p>",schmuck;bracelets;thomas-sabo,schmuck,,,,Thomas Sabo,89,,,,,,37.1,1,false,,,117230,"X0255-637-21-L18,5",,,,,,,,,,,,,,,,,,,,,,,,,,,,,,,,,,,,,,,,,,,,,,,,,,,,,,,,,,,,,,,,,,,,,
ds-117227,PRODUCT,Thomas Sabo Charm Club Collier 925 Silber,false,"<p>925 Silber gelbvergoldet, Ankerkette, Länge: 70cmReferenz: X0254-413-39-L70Verfügbar in der Bijouterie am Bogen in Bremgarten AG</p>",schmuck;colliers;thomas-sabo,schmuck,,,,Thomas Sabo,335,,,,,,132.95,1,false,,,117227,X0254-413-39-L70,,,,,,,,,,,,,,,,,,,,,,,,,,,,,,,,,,,,,,,,,,,,,,,,,,,,,,,,,,,,,,,,,,,,,
ds-117221,PRODUCT,Thomas Sabo Charm Club Armband 925 Silber,false,"<p>925 Silber, Ankerkette, Länge: 15.5cmReferenz: X0253-001-21-L15,5Verfügbar in der Bijouterie am Bogen in Bremgarten AG</p>",schmuck;bracelets;thomas-sabo,schmuck,,,,Thomas Sabo,45,,,,,,18.75,1,false,,,117221,"X0253-001-21-L15,5",,,,,,,,,,,,,,,,,,,,,,,,,,,,,,,,,,,,,,,,,,,,,,,,,,,,,,,,,,,,,,,,,,,,,
ds-117218,PRODUCT,Thomas Sabo Charm Club Armband 925 Silber,false,"<p>925 Silber gelbvergoldet, Ankerkette, Länge: 16.5cmReferenz: X0253-413-39-L15,5Verfügbar in der Bijouterie am Bogen in Bremgarten AG</p>",schmuck;bracelets;thomas-sabo,,,,,Thomas Sabo,115,,,,,,40.85,1,false,,,117218,"X0253-413-39-L15,5",,,,,,,,,,,,,,,,,,,,,,,,,,,,,,,,,,,,,,,,,,,,,,,,,,,,,,,,,,,,,,,,,,,,,
ds-117215,PRODUCT,Thomas Sabo Charm Club Collier 925 Silber,false,"<p>925 Silber gelbvergoldet, Ankerkette, Länge: 90cmReferenz: X0252-413-39-L90Verfügbar in der Bijouterie am Bogen in Bremgarten AG</p>",schmuck;colliers;thomas-sabo,schmuck,,,,Thomas Sabo,219,,,,,,81.25,2,false,,,117215,X0252-413-39-L90,,,,,,,,,,,,,,,,,,,,,,,,,,,,,,,,,,,,,,,,,,,,,,,,,,,,,,,,,,,,,,,,,,,,,
ds-117211,PRODUCT,Thomas Sabo Charm Club Collier 925 Silber,false,"<p>925 Silber gelbvergoldet, Kugelkette, Länge: 40/42.5/45cmReferenz: X0250-413-39-L45vVerfügbar in der Bijouterie am Bogen in Bremgarten AG</p>",schmuck;colliers;thomas-sabo,schmuck,,,,Thomas Sabo,115,,,,,,47.9,2,false,,,117211,X0250-413-39-L45v,,,,,,,,,,,,,,,,,,,,,,,,,,,,,,,,,,,,,,,,,,,,,,,,,,,,,,,,,,,,,,,,,,,,,
ds-117207,PRODUCT,Thomas Sabo Charm Club Carrier 925 Silber,false,<p>925 SilberReferenz: X0246-637-21Verfügbar in der Bijouterie am Bogen in Bremgarten AG</p>,schmuck;anhaenger;thomas-sabo,,,,,Thomas Sabo,49,,,,,,27.1,1,false,,,117207,X0246-637-21,,,,,,,,,,,,,,,,,,,,,,,,,,,,,,,,,,,,,,,,,,,,,,,,,,,,,,,,,,,,,,,,,,,,,
ds-117182,PRODUCT,Thomas Sabo Charm Club weisser Stein,false,"<p>925 Silber weisser Zirkonia, KarabinerReferenz: 1674-051-14Verfügbar in der Bijouterie am Bogen in Bremgarten AG</p>",schmuck;beads-charms;thomas-sabo,schmuck,,,,Thomas Sabo,49,,,,,,20.4,1,false,,,117182,1674-051-14,,,,,,,,,,,,,,,,,,,,,,,,,,,,,,,,,,,,,,,,,,,,,,,,,,,,,,,,,,,,,,,,,,,,,
ds-117170,PRODUCT,Thomas Sabo Charm Club Coin,false,"<p>gearbeitet in 925 Silber vergoldet, Oberfläche: poliert, Karabinerverschluss, 2 Jahre GarantieReferenz: 1637-413-39Verfügbar in der Bijouterie am Bogen in Bremgarten AG</p>",schmuck;beads-charms;thomas-sabo,schmuck,,,,Thomas Sabo,69,,,,,,27.3,2,false,,,117170,1637-413-39,,,,,,,,,,,,,,,,,,,,,,,,,,,,,,,,,,,,,,,,,,,,,,,,,,,,,,,,,,,,,,,,,,,,,
ds-117139,PRODUCT,Thomas Sabo Charm Club Ethno Kreuz Schwarz Mittel,false,"<p>925 Silber schwarzer Achat, KarabinerReferenz: 1556-507-11Verfügbar in der Bijouterie am Bogen in Bremgarten AG</p>",schmuck;beads-charms;thomas-sabo,schmuck,,,,Thomas Sabo,98,,,,,,40.85,1,false,,,117139,1556-507-11,,,,,,,,,,,,,,,,,,,,,,,,,,,,,,,,,,,,,,,,,,,,,,,,,,,,,,,,,,,,,,,,,,,,,
ds-117134,PRODUCT,Thomas Sabo Charm Club Brauner Stein,false,"<p>925 Silber brauner Achat, KarabinerReferenz: 1541-507-2Verfügbar in der Bijouterie am Bogen in Bremgarten AG</p>",schmuck;beads-charms;thomas-sabo,schmuck,,,,Thomas Sabo,65,,,,,,32.9,1,false,,,117134,1541-507-2,,,,,,,,,,,,,,,,,,,,,,,,,,,,,,,,,,,,,,,,,,,,,,,,,,,,,,,,,,,,,,,,,,,,,
ds-117131,PRODUCT,Thomas Sabo Charm Club Stern Perlmutt,false,"<p>925 Silber, Perlmutt, KarabinerReferenz: 1538-029-14Verfügbar in der Bijouterie am Bogen in Bremgarten AG</p>",schmuck;beads-charms;thomas-sabo,schmuck,,,,Thomas Sabo,79,,,,,,37.1,1,false,,,117131,1538-029-14,,,,,,,,,,,,,,,,,,,,,,,,,,,,,,,,,,,,,,,,,,,,,,,,,,,,,,,,,,,,,,,,,,,,,
ds-117126,PRODUCT,Thomas Sabo Charm Club Stern abalone Perlmutt türkis,false,"<p>925 Silber, abalone Perlmutt, KarabinerReferenz: 1533-509-7Verfügbar in der Bijouterie am Bogen in Bremgarten AG</p>",schmuck;beads-charms;thomas-sabo,,,,,Thomas Sabo,89,,,,,,37.1,1,false,,,117126,1533-509-7,,,,,,,,,,,,,,,,,,,,,,,,,,,,,,,,,,,,,,,,,,,,,,,,,,,,,,,,,,,,,,,,,,,,,
ds-116423,PRODUCT,Thomas Sabo Charm Club Schwarzes Kreuz,false,"<p>925 Silber geschwärzt, Zirkonia, Karabiner, zwei Jahre GarantieReferenz: 1477-643-11Verfügbar in der Bijouterie am Bogen in Bremgarten AG</p>",schmuck;beads-charms;thomas-sabo,schmuck,,,,Thomas Sabo,79,,,,,,32.9,1,false,,,116423,1477-643-11,,,,,,,,,,,,,,,,,,,,,,,,,,,,,,,,,,,,,,,,,,,,,,,,,,,,,,,,,,,,,,,,,,,,,
ds-116215,PRODUCT,Thomas Sabo Charm Club Lotos Coin,false,"<p>925 Silber geschwärzt, Perlmutt, imitierte Koralle und imitierter Türkis, KarabinerReferenz: 1467-336-7Verfügbar in der Bijouterie am Bogen in Bremgarten AG</p>",schmuck;beads-charms;thomas-sabo,schmuck,,,,Thomas Sabo,89,,,,,,37.1,1,false,,,116215,1467-336-7,,,,,,,,,,,,,,,,,,,,,,,,,,,,,,,,,,,,,,,,,,,,,,,,,,,,,,,,,,,,,,,,,,,,,
ds-114626,PRODUCT,Thomas Sabo Charm Club Ringe Infinity,false,"<p>925 Silber mit Karabiner mit weissen Zirkonia, zwei Jahre GarantieReferenz: 1387-051-14Verfügbar in der Bijouterie am Bogen in Bremgarten AG</p>",schmuck;beads-charms;thomas-sabo,schmuck,,,,Thomas Sabo,65,,,,,,26.8,1,false,,,114626,1387-051-14,,,,,,,,,,,,,,,,,,,,,,,,,,,,,,,,,,,,,,,,,,,,,,,,,,,,,,,,,,,,,,,,,,,,,
ds-113309,PRODUCT,Thomas Sabo Charm Club Pfote,false,"<p>gearbeitet in 925 Sterlingsilber, Oberfläche: poliert, mit weissen Zirkonia, Pfote, Karabinerverschluss, zwei Jahre GarantieReferenz: 1339-051-14Verfügbar in der Bijouterie am Bogen in Bremgarten AG</p>",schmuck;beads-charms;thomas-sabo,schmuck,,,,Thomas Sabo,59,,,,,,24.6,1,false,,,113309,1339-051-14,,,,,,,,,,,,,,,,,,,,,,,,,,,,,,,,,,,,,,,,,,,,,,,,,,,,,,,,,,,,,,,,,,,,,
ds-112130,PRODUCT,Thomas Sabo Charm Club,true,"<p>gearbeitet in 925 Silber, Oberfläche: poliertReferenz: X0017-001-12Verfügbar in der Bijouterie am Bogen in Bremgarten AG</p>",schmuck;anhaenger;thomas-sabo,schmuck,,,,Thomas Sabo,27,,,,,,8.7,2,false,,,112130,X0017-001-12,,,,,,,,,,,,,,,,,,,,,,,,,,,,,,,,,,,,,,,,,,,,,,,,,,,,,,,,,,,,,,,,,,,,,
ds-112130,MEDIA,,,,,,6673aa_b5160f63505b43cd8006edb811a313a8~mv2.jpg,,,,,,,,,,,,,,,,,,,,,,,,,,,,,,,,,,,,,,,,,,,,,,,,,,,,,,,,,,,,,,,,,,,,,,,,,,,,,,,,,,,,,
ds-111987,PRODUCT,Thomas Sabo Charm Club Bracelet,false,"<p>gearbeitet in 925 Sterlingsilber, Oberfläche: poliert, Länge: 18.5cm, Anker, Karabinerverschluss, zwei Jahre GarantieReferenz: X0163-001-12-L18.5Verfügbar in der Bijouterie am Bogen in Bremgarten AG</p>",schmuck;bracelets;thomas-sabo,schmuck,,,,Thomas Sabo,45,,,,,,17.8,1,false,,,111987,X0163-001-12-L18.5,,,,,,,,,,,,,,,,,,,,,,,,,,,,,,,,,,,,,,,,,,,,,,,,,,,,,,,,,,,,,,,,,,,,,
ds-111968,PRODUCT,Thomas Sabo Charm Club Armband M,false,"<p>gearbeitet in 925 Sterlingsilber, Ankerkette, Länge: 18cm, Karabinerverschluss, zwei Jahre GarantieReferenz: X0032-001-12-MVerfügbar in der Bijouterie am Bogen in Bremgarten AG</p>",schmuck;bracelets;thomas-sabo,,,,,Thomas Sabo,95,,,,,,39.6,1,false,,,111968,X0032-001-12-M,,,,,,,,,,,,,,,,,,,,,,,,,,,,,,,,,,,,,,,,,,,,,,,,,,,,,,,,,,,,,,,,,,,,,
ds-111963,PRODUCT,Thomas Sabo Charm Club Armband L,false,"<p>gearbeitet in 925 Sterlingsilber, Oberfläche: poliert, Ankerkette, Länge: 20cm, Karabinerverschluss, zwei Jahre GarantieReferenz: X0031-001-12-LVerfügbar in der Bijouterie am Bogen in Bremgarten AG</p>",schmuck;bracelets;thomas-sabo,schmuck,,,,Thomas Sabo,79,,,,,,27.3,2,false,,,111963,X0031-001-12-L,,,,,,,,,,,,,,,,,,,,,,,,,,,,,,,,,,,,,,,,,,,,,,,,,,,,,,,,,,,,,,,,,,,,,
ds-111960,PRODUCT,Thomas Sabo Charm Club,true,"<p>gearbeitet in 925 Silber, poliertReferenz: X0016-001-12Verfügbar in der Bijouterie am Bogen in Bremgarten AG</p>",schmuck;anhaenger;thomas-sabo,,,,,Thomas Sabo,22,,,,,,11.7,1,false,,,111960,X0016-001-12,,,,,,,,,,,,,,,,,,,,,,,,,,,,,,,,,,,,,,,,,,,,,,,,,,,,,,,,,,,,,,,,,,,,,
ds-111960,MEDIA,,,,,,6673aa_e3555e7e2aa64294a24e35a4b62af16f~mv2.jpg,,,,,,,,,,,,,,,,,,,,,,,,,,,,,,,,,,,,,,,,,,,,,,,,,,,,,,,,,,,,,,,,,,,,,,,,,,,,,,,,,,,,,
ds-111867,PRODUCT,Thomas Sabo Charm Club Ornament 925 Silber,false,<p>925 Silber mit Karabiner und weissen ZirkoniaReferenz: 0993-051-14Verfügbar in der Bijouterie am Bogen in Bremgarten AG</p>,schmuck;beads-charms;thomas-sabo,schmuck,,,,Thomas Sabo,115,,,,,,42.5,1,false,,,111867,0993-051-14,,,,,,,,,,,,,,,,,,,,,,,,,,,,,,,,,,,,,,,,,,,,,,,,,,,,,,,,,,,,,,,,,,,,,
ds-111848,PRODUCT,Thomas Sabo Charm Club Stern,false,"<p>gearbeitet in 925 Silber, Oberfläche: poliert, Stern, mit einem Karabinerverschluss, zwei Jahre GarantieReferenz: 0857-001-12Verfügbar in der Bijouterie am Bogen in Bremgarten AG</p>",schmuck;beads-charms;thomas-sabo,schmuck,,,,Thomas Sabo,35,,,,,,13.45,1,false,,,111848,0857-001-12,,,,,,,,,,,,,,,,,,,,,,,,,,,,,,,,,,,,,,,,,,,,,,,,,,,,,,,,,,,,,,,,,,,,,
ds-111819,PRODUCT,Thomas Sabo Charm Club Flügel,false,"<p>gearbeitet in 925 Silber, Oberfläche: poliert, Flügel, mit einem Karabinerverschluss, zwei Jahre GarantieReferenz: 0613-001-12Verfügbar in der Bijouterie am Bogen in Bremgarten AG</p>",schmuck;beads-charms;thomas-sabo,schmuck,,,,Thomas Sabo,55,,,,,,21.15,1,false,,,111819,0613-001-12,,,,,,,,,,,,,,,,,,,,,,,,,,,,,,,,,,,,,,,,,,,,,,,,,,,,,,,,,,,,,,,,,,,,,
ds-132954,PRODUCT,Thomas Sabo Sterling Silver Damenring,false,"<p>gearbeitet in 925 Silber vergoldet, Oberfläche: poliert, mit weissen Zirkonia, Grösse: 54, zwei Jahre GarantieReferenz: TR2525-414-14-54Verfügbar in der Bijouterie am Bogen in Bremgarten AG</p>",schmuck;ringe;thomas-sabo,schmuck,,,,Thomas Sabo,219,,,,,,91.25,1,false,,,132954,TR2525-414-14-54,,,,,,,,,,,,,,,,,,,,,,,,,,,,,,,,,,,,,,,,,,,,,,,,,,,,,,,,,,,,,,,,,,,,,
ds-132952,PRODUCT,Thomas Sabo Sterling Silver Y Collier,false,"<p>gearbeitet in 925 Silber vergoldet, Ankerkette, mit weissen Zirkonia, Oberfläche: poliert, Länge: 45cm - 50cm, Karabinerverschluss, zwei Jahre GarantieReferenz: KE2364-414-14-L50VVerfügbar in der Bijouterie am Bogen in Bremgarten AG</p>",schmuck;colliers;thomas-sabo,schmuck,,,,Thomas Sabo,229,,,,,,95.4,1,false,,,132952,KE2364-414-14-L50V,,,,,,,,,,,,,,,,,,,,,,,,,,,,,,,,,,,,,,,,,,,,,,,,,,,,,,,,,,,,,,,,,,,,,
ds-132950,PRODUCT,Thomas Sabo Sterling Silver Ohrstecker,false,"<p>gearbeitet in 925 Silber vergoldet, Oberfläche: poliert, mit weissen Zirkonia, 2 Jahre GarantieReferenz: H2342-414-14Verfügbar in der Bijouterie am Bogen in Bremgarten AG</p>",schmuck;ohrschmuck;thomas-sabo,schmuck,,,,Thomas Sabo,139,,,,,,57.9,1,false,,,132950,H2342-414-14,,,,,,,,,,,,,,,,,,,,,,,,,,,,,,,,,,,,,,,,,,,,,,,,,,,,,,,,,,,,,,,,,,,,,
ds-132947,PRODUCT,Thomas Sabo Sterling Silver Damenring,false,"<p>gearbeitet in 925 Sterlingsilber, Oberfläche: poliert, mit weissen Zirkonia, Grösse: 54, zwei Jahre GarantieReferenz: TR2525-051-14-54Verfügbar in der Bijouterie am Bogen in Bremgarten AG</p>",schmuck;ringe;thomas-sabo,schmuck,,,,Thomas Sabo,175,,,,,,72.9,1,false,,,132947,TR2525-051-14-54,,,,,,,,,,,,,,,,,,,,,,,,,,,,,,,,,,,,,,,,,,,,,,,,,,,,,,,,,,,,,,,,,,,,,
ds-132945,PRODUCT,Thomas Sabo Sterling Silver Damenring,false,"<p>gearbeitet in 925 Sterlingsilber, Oberfläche: poliert, Grösse: 54, zwei Jahre GarantieReferenz: TR2521-001-21-54Verfügbar in der Bijouterie am Bogen in Bremgarten AG</p>",schmuck;ringe;thomas-sabo,schmuck,,,,Thomas Sabo,229,,,,,,95.4,1,false,,,132945,TR2521-001-21-54,,,,,,,,,,,,,,,,,,,,,,,,,,,,,,,,,,,,,,,,,,,,,,,,,,,,,,,,,,,,,,,,,,,,,
ds-132941,PRODUCT,Thomas Sabo Sterling Silver Collier,false,"<p>gearbeitet in 925 Silber, Ankerkette, mit weissen Zirkonia, Oberfläche: poliert, Länge: 40cm bis 45cm, Karabinerverschluss, zwei Jahre GarantieReferenz: KE2363-051-14-L45VVerfügbar in der Bijouterie am Bogen in Bremgarten AG</p>",schmuck;colliers;thomas-sabo,schmuck,,,,Thomas Sabo,175,,,,,,72.9,1,false,,,132941,KE2363-051-14-L45V,,,,,,,,,,,,,,,,,,,,,,,,,,,,,,,,,,,,,,,,,,,,,,,,,,,,,,,,,,,,,,,,,,,,,
ds-132934,PRODUCT,Thomas Sabo Sterling Silver Damenring,false,"<p>gearbeitet in 925 Sterlingsilber , Oberfläche: poliert, mit einem schwarzen Zirkonia im Tropfenschliff und mit weissen Zirkonia, Grösse: 52, 2 Jahre GarantieReferenz: TR2479-643-11-52Verfügbar in der Bijouterie am Bogen in Bremgarten AG</p>",schmuck;ringe;thomas-sabo,schmuck,,,,Thomas Sabo,95,,,,,,39.6,1,false,,,132934,TR2479-643-11-52,,,,,,,,,,,,,,,,,,,,,,,,,,,,,,,,,,,,,,,,,,,,,,,,,,,,,,,,,,,,,,,,,,,,,
ds-132925,PRODUCT,Thomas Sabo Sterling Silver Tennisbracelet,false,"<p>gearbeitet in 925 Silber geschwärzt, Venezinerkette, Länge: 20cm, mit einem Karabinerverschluss, zwei Jahre GarantieReferenz: A2186-637-21-L20Verfügbar in der Bijouterie am Bogen in Bremgarten AG</p>",schmuck;bracelets;thomas-sabo,schmuck,,,,Thomas Sabo,298,,,,,,124.2,1,false,,,132925,A2186-637-21-L20,,,,,,,,,,,,,,,,,,,,,,,,,,,,,,,,,,,,,,,,,,,,,,,,,,,,,,,,,,,,,,,,,,,,,
ds-131570,PRODUCT,Thomas Sabo Sterling Silver Bracelet,false,"<p>gearbeitet in 925 Silber, Oberfläche: poliert, Ankerkette, mit weissen Zirkonia, Länge: 16cm bis 19cm, Karabinerverschluss, zwei Jahre GarantieReferenz: A1999-051-14-L19VVerfügbar in der Bijouterie am Bogen in Bremgarten AG</p>",schmuck;bracelets;thomas-sabo,schmuck,,,,Thomas Sabo,98,,,,,,40.85,1,false,,,131570,A1999-051-14-L19V,,,,,,,,,,,,,,,,,,,,,,,,,,,,,,,,,,,,,,,,,,,,,,,,,,,,,,,,,,,,,,,,,,,,,
ds-131324,PRODUCT,Thomas Sabo Sterling Silver Damenring,false,"<p>gearbeitet in 925 Silber vergoldet, Oberfläche: poliert, mit weissen Zirkonia, Grösse: 54, zwei Jahre GarantieReferenz: TR2316-414-14-54Verfügbar in der Bijouterie am Bogen in Bremgarten AG</p>",schmuck;ohrschmuck;thomas-sabo,schmuck,,,,Thomas Sabo,115,,,,,,47.9,1,false,,,131324,TR2316-414-14-54,,,,,,,,,,,,,,,,,,,,,,,,,,,,,,,,,,,,,,,,,,,,,,,,,,,,,,,,,,,,,,,,,,,,,
ds-131317,PRODUCT,Thomas Sabo Sterling Silver Collier,false,"<p>gearbeitet in 925 Sterlingsilber rosévergoldet, Erbskette, mit weissen Zirkonia, Länge: 40cm bis 45cm, Karabinerverschluss, 2 Jahre GarantieReferenz: KE2172-0416-14-L45VVerfügbar in der Bijouterie am Bogen in Bremgarten AG</p>",schmuck;colliers;thomas-sabo,schmuck,,,,Thomas Sabo,159,,,,,,46.4,1,false,,,131317,KE2172-0416-14-L45V,,,,,,,,,,,,,,,,,,,,,,,,,,,,,,,,,,,,,,,,,,,,,,,,,,,,,,,,,,,,,,,,,,,,,
ds-131313,PRODUCT,Thomas Sabo Sterling Silver Kordel Collier,false,"<p>gearbeitet in 925 Silber vergoldet, Kordelkette, Länge: 40cm, mit einem Karabinerverschluss, zwei Jahre GarantieReferenz: KE1348-413-12-L40Verfügbar in der Bijouterie am Bogen in Bremgarten AG</p>",schmuck;colliers;thomas-sabo,schmuck,,,,Thomas Sabo,98,,,,,,40.85,1,false,,,131313,KE1348-413-12-L40,,,,,,,,,,,,,,,,,,,,,,,,,,,,,,,,,,,,,,,,,,,,,,,,,,,,,,,,,,,,,,,,,,,,,
ds-131307,PRODUCT,Thomas Sabo Sterling Silver Einzelne Creole,false,"<p>gearbeitet in 925 Silber vergoldet, Oberfläche: poliert, Durchmesser: 15mm, zwei Jahre GarantieReferenz: CR661-413-39Verfügbar in der Bijouterie am Bogen in Bremgarten AG</p>",schmuck;ohrschmuck;thomas-sabo,schmuck,,,,Thomas Sabo,59,,,,,,24.6,2,false,,,131307,CR661-413-39,,,,,,,,,,,,,,,,,,,,,,,,,,,,,,,,,,,,,,,,,,,,,,,,,,,,,,,,,,,,,,,,,,,,,
ds-131304,PRODUCT,Thomas Sabo Sterling Silver Einzelne Creole,false,"<p>gearbeitet in 925 Silber vergoldet, Oberfläche: poliert, Durchmesser: 12mm, zwei Jahre GarantieReferenz: CR660-413-39Verfügbar in der Bijouterie am Bogen in Bremgarten AG</p>",schmuck;ohrschmuck;thomas-sabo,schmuck,,,,Thomas Sabo,45,,,,,,18.75,2,false,,,131304,CR660-413-39,,,,,,,,,,,,,,,,,,,,,,,,,,,,,,,,,,,,,,,,,,,,,,,,,,,,,,,,,,,,,,,,,,,,,
ds-131302,PRODUCT,Thomas Sabo Sterling Silver Einelne Creole,false,"<p>gearbeitetet in 925 Silber rosévergoldet, Oberfläche: poliert, mit weissen Zirkonia, Durchmesser: 12mm, zwei Jahre GarantieReferenz: CR658-416-14Verfügbar in der Bijouterie am Bogen in Bremgarten AG</p>",schmuck;ohrschmuck;thomas-sabo,schmuck,,,,Thomas Sabo,59,,,,,,24.6,1,false,,,131302,CR658-416-14,,,,,,,,,,,,,,,,,,,,,,,,,,,,,,,,,,,,,,,,,,,,,,,,,,,,,,,,,,,,,,,,,,,,,
ds-131292,PRODUCT,Thomas Sabo Sterling Silver Bracelet,false,"<p>gearbeitet in 925 Sterlingsilber, Ankerkette, mit einem pinken Zirkonia, 4-Griff Fassung, Länge: 16cm bis 19cm, Karabinerverschluss, 2 Jahre GarantieReferenz: A2156-051-9-L19VVerfügbar in der Bijouterie am Bogen in Bremgarten AG</p>",schmuck;bracelets;thomas-sabo,,,,,Thomas Sabo,59,,,,,,24.6,1,false,,,131292,A2156-051-9-L19V,,,,,,,,,,,,,,,,,,,,,,,,,,,,,,,,,,,,,,,,,,,,,,,,,,,,,,,,,,,,,,,,,,,,,
ds-131205,PRODUCT,Thomas Sabo Sterling Silver Damenring,false,"<p>gearbeitet in 925 Sterlingsilber vergoldet, Oberfläche: poliert, Grösse: 54, 2 Jahre GarantieReferenz: TR2494-413-54Verfügbar in der Bijouterie am Bogen in Bremgarten AG</p>",schmuck;ringe;thomas-sabo,schmuck,,,,Thomas Sabo,149,,,,,,62.1,1,false,,,131205,TR2494-413-54,,,,,,,,,,,,,,,,,,,,,,,,,,,,,,,,,,,,,,,,,,,,,,,,,,,,,,,,,,,,,,,,,,,,,
ds-131200,PRODUCT,Thomas Sabo Sterling Silver Ohrhänger,false,"<p>gearbeitet in 925 Sterlingsilber vergoldet, Oberfläche: poliert, mit zwei weissen Süsswasser Zuchtperlen, 2 Jahre GarantieReferenz: H2322-430-14Verfügbar in der Bijouterie am Bogen in Bremgarten AG</p>",schmuck;ohrschmuck;thomas-sabo,schmuck,,,,Thomas Sabo,209,,,,,,87.1,1,false,,,131200,H2322-430-14,,,,,,,,,,,,,,,,,,,,,,,,,,,,,,,,,,,,,,,,,,,,,,,,,,,,,,,,,,,,,,,,,,,,,
ds-131197,PRODUCT,Thomas Sabo Sterling Silver Ohrhänger,false,"<p>gearbeitet in 925 Sterlingsilber, Oberfläche: poliert, mit zwei weissen Süsswasser Zuchtperlen, 2 Jahre GarantieReferenz: H2321-082-14Verfügbar in der Bijouterie am Bogen in Bremgarten AG</p>",schmuck;ohrschmuck;thomas-sabo,schmuck,,,,Thomas Sabo,229,,,,,,95.4,1,false,,,131197,H2321-082-14,,,,,,,,,,,,,,,,,,,,,,,,,,,,,,,,,,,,,,,,,,,,,,,,,,,,,,,,,,,,,,,,,,,,,
ds-131194,PRODUCT,Thomas Sabo Sterling Silver Creolen,false,"<p>gearbeitet in 925 Silber, Oberfläche: poliert, zwei Jahre GarantieReferenz: CR754-413-39Verfügbar in der Bijouterie am Bogen in Bremgarten AG</p>",schmuck;ohrschmuck;thomas-sabo,schmuck,,,,Thomas Sabo,209,,,,,,87.1,1,false,,,131194,CR754-413-39,,,,,,,,,,,,,,,,,,,,,,,,,,,,,,,,,,,,,,,,,,,,,,,,,,,,,,,,,,,,,,,,,,,,,
ds-130968,PRODUCT,Thomas Sabo Sterling Silver Damenring,false,"<p>gearbeitet in 925 Sterlingsilber vergoldet, Oberfläche: poliert, mit gelben Zirkonia und weissen Zirkonia, Grösse: 54, zwei Jahre GarantieReferenz: TR2335-414-4-54Verfügbar in der Bijouterie am Bogen in Bremgarten AG</p>",schmuck;ringe;thomas-sabo,schmuck,,,,Thomas Sabo,229,,,,,,95.4,1,false,,,130968,TR2335-414-4-54,,,,,,,,,,,,,,,,,,,,,,,,,,,,,,,,,,,,,,,,,,,,,,,,,,,,,,,,,,,,,,,,,,,,,
ds-130843,PRODUCT,Thomas Sabo Sterling Silver Damenring,false,"<p>gearbeitet in 925 Sterlingsilber, mit einem gelben Zirkonia und weissen Zirkonia, Grösse: 52, zwei Jahre GarantieReferenz: TR2337-051-4-52Verfügbar in der Bijouterie am Bogen in Bremgarten AG</p>",schmuck;ringe;thomas-sabo,schmuck,,,,Thomas Sabo,159,,,,,,66.25,1,false,,,130843,TR2337-051-4-52,,,,,,,,,,,,,,,,,,,,,,,,,,,,,,,,,,,,,,,,,,,,,,,,,,,,,,,,,,,,,,,,,,,,,
ds-130839,PRODUCT,Thomas Sabo Sterling Silver Kordel Collier,false,"<p>gearbeitet in 925 Silber, Kordelkette, Länge: 80cm, mit einem Karabinerverschluss, zwei Jahre GarantieReferenz: KE1349-001-12-L80Verfügbar in der Bijouterie am Bogen in Bremgarten AG</p>",schmuck;colliers;thomas-sabo,schmuck,,,,Thomas Sabo,98,,,,,,40.85,1,false,,,130839,KE1349-001-12-L80,,,,,,,,,,,,,,,,,,,,,,,,,,,,,,,,,,,,,,,,,,,,,,,,,,,,,,,,,,,,,,,,,,,,,
ds-130836,PRODUCT,Thomas Sabo Sterling Silver Ohrstecker,false,"<p>gearbeitet in 925 Sterlingsilber, mit weissen und gelben Zirkonia, 2 Jahre GarantieReferenz: H2324-414-4Verfügbar in der Bijouterie am Bogen in Bremgarten AG</p>",schmuck;ohrschmuck;thomas-sabo,schmuck,,,,Thomas Sabo,175,,,,,,72.9,1,false,,,130836,H2324-414-4,,,,,,,,,,,,,,,,,,,,,,,,,,,,,,,,,,,,,,,,,,,,,,,,,,,,,,,,,,,,,,,,,,,,,
ds-130747,PRODUCT,Thomas Sabo Sterling Silver Damenring Kettenglieder,false,"<p>gearbeitet in 925 Sterlingsilber, Oberfläche: poliert, mit schwarzen Zirkonia, Grösse: 62, zwei Jahre GarantieReferenz: TR2501-643-11-62Verfügbar in der Bijouterie am Bogen in Bremgarten AG</p>",schmuck;ringe;thomas-sabo,schmuck,,,,Thomas Sabo,229,,,,,,95.4,1,false,,,130747,TR2501-643-11-62,,,,,,,,,,,,,,,,,,,,,,,,,,,,,,,,,,,,,,,,,,,,,,,,,,,,,,,,,,,,,,,,,,,,,
ds-130744,PRODUCT,Thomas Sabo Sterling Silver DUO Ring,false,"<p>gearbeitet in 925 Sterlingsilber, Oberfläche: poliert, Grösse: 54, zwei Jahre GarantieReferenz: TR2490-001-21-54Verfügbar in der Bijouterie am Bogen in Bremgarten AG</p>",schmuck;ringe;thomas-sabo,schmuck,,,,Thomas Sabo,175,,,,,,72.9,1,false,,,130744,TR2490-001-21-54,,,,,,,,,,,,,,,,,,,,,,,,,,,,,,,,,,,,,,,,,,,,,,,,,,,,,,,,,,,,,,,,,,,,,
ds-130511,PRODUCT,Thomas Sabo Sterling Silver Collier mit Herz Anhänger,false,"<p>gearbeitet in 925 Silber vergoldet, Singapurcollier, Länge: 40 bis 45cm, Herz-Anhänger mit weissen Zirkonia und einem schwarzen Zirkonia und Lab Grown Rubine, Karabinerverschluss, zwei Jahre GarantieReferenz: KE2297-995-11-L45VVerfügbar in der Bijouterie am Bogen in Bremgarten AG</p>",schmuck;colliers;thomas-sabo,schmuck,,,,Thomas Sabo,175,,,,,,69.25,1,false,,,130511,KE2297-995-11-L45V,,,,,,,,,,,,,,,,,,,,,,,,,,,,,,,,,,,,,,,,,,,,,,,,,,,,,,,,,,,,,,,,,,,,,
ds-130311,PRODUCT,Thomas Sabo Sterling Silver Tennisbracelet,false,"<p>gearbeitet in 925 Sterlingsilber, mit weissen Zirkonia, Länge: 16cm bis 19cm, Karabinerverschluss, 2 Jahre GarantieReferenz: A2168-051-14-L19VVerfügbar in der Bijouterie am Bogen in Bremgarten AG</p>",schmuck;bracelets;thomas-sabo,schmuck,,,,Thomas Sabo,79,,,,,,28.15,1,false,,,130311,A2168-051-14-L19V,,,,,,,,,,,,,,,,,,,,,,,,,,,,,,,,,,,,,,,,,,,,,,,,,,,,,,,,,,,,,,,,,,,,,
ds-130306,PRODUCT,Thomas Sabo Sterling Silver Damenring,false,"<p>gearbeitet in 925 Sterlingsilber vergoldet, Oberfläche: poliert, ein roter Lab Grown Saphir im Tropfenschliff und mit kleinen weissen Zirkonia-Steinen, Grösse: 52, 2 Jahre GarantieReferenz: TR2479-995-10-52Verfügbar in der Bijouterie am Bogen in Bremgarten AG</p>",schmuck;ringe;thomas-sabo,schmuck,,,,Thomas Sabo,95,,,,,,37.6,1,false,,,130306,TR2479-995-10-52,,,,,,,,,,,,,,,,,,,,,,,,,,,,,,,,,,,,,,,,,,,,,,,,,,,,,,,,,,,,,,,,,,,,,
ds-130302,PRODUCT,Thomas Sabo Sterling Silver Ohrstecker,false,"<p>gearbeitet in 925 Sterlingsilber, mit schwarzen Zirkonia, 2 Jahre GarantieReferenz: H2311-643-11Verfügbar in der Bijouterie am Bogen in Bremgarten AG</p>",schmuck;ohrschmuck;thomas-sabo,,,,,Thomas Sabo,45,,,,,,17.8,1,false,,,130302,H2311-643-11,,,,,,,,,,,,,,,,,,,,,,,,,,,,,,,,,,,,,,,,,,,,,,,,,,,,,,,,,,,,,,,,,,,,,
ds-130296,PRODUCT,Thomas Sabo Sterling Silver Herrenring,false,"<p>gearbeitet in 925 Silber geschwärzt, Oberfläche: poliert, Grösse: 60, zwei Jahre GarantieReferenz: TR2277-637-21-60Verfügbar in der Bijouterie am Bogen in Bremgarten AG</p>",schmuck;ringe;thomas-sabo,,,,,Thomas Sabo,175,,,,,,69.25,1,false,,,130296,TR2277-637-21-60,,,,,,,,,,,,,,,,,,,,,,,,,,,,,,,,,,,,,,,,,,,,,,,,,,,,,,,,,,,,,,,,,,,,,
ds-130286,PRODUCT,Thomas Sabo Sterling Silver Solitär,false,"<p>gearbeitet in 925 Sterlingsilber, Oberfläche: poliert, mit einem weissen Zirkonia Herzform, Grösse: 54, 2 Jahre GarantieReferenz: TR2476-051-14-54Verfügbar in der Bijouterie am Bogen in Bremgarten AG</p>",schmuck;ringe;thomas-sabo,schmuck,,,,Thomas Sabo,69,,,,,,27.3,1,false,,,130286,TR2476-051-14-54,,,,,,,,,,,,,,,,,,,,,,,,,,,,,,,,,,,,,,,,,,,,,,,,,,,,,,,,,,,,,,,,,,,,,
ds-130283,PRODUCT,Thomas Sabo Sterling Silver Solitär,false,"<p>gearbeitet in 925 Sterlingsilber, Oberfläche: poliert, mit einem pinken Zirkonia, Grösse: 54, 2 Jahre GarantieReferenz: TR2474-051-9-54Verfügbar in der Bijouterie am Bogen in Bremgarten AG</p>",schmuck;ringe;thomas-sabo,schmuck,,,,Thomas Sabo,59,,,,,,23.35,1,false,,,130283,TR2474-051-9-54,,,,,,,,,,,,,,,,,,,,,,,,,,,,,,,,,,,,,,,,,,,,,,,,,,,,,,,,,,,,,,,,,,,,,
ds-130270,PRODUCT,Thomas Sabo Sterling Silver Ohrhänger,false,"<p>gearbeitet in 925 Sterlingsilber, mit weissen Zirkonia, 2 Jahre GarantieReferenz: H2309-051-14Verfügbar in der Bijouterie am Bogen in Bremgarten AG</p>",schmuck;ohrschmuck;thomas-sabo,,,,,Thomas Sabo,79,,,,,,31.25,1,false,,,130270,H2309-051-14,,,,,,,,,,,,,,,,,,,,,,,,,,,,,,,,,,,,,,,,,,,,,,,,,,,,,,,,,,,,,,,,,,,,,
ds-130262,PRODUCT,Thomas Sabo Sterling Silver Creolen,false,"<p>gearbeitet in 925 Silber vergoldet, Oberfläche: poliert, zwei Jahre GarantieReferenz: CR747-413-39Verfügbar in der Bijouterie am Bogen in Bremgarten AG</p>",schmuck;ohrschmuck;thomas-sabo,schmuck,,,,Thomas Sabo,79,,,,,,31.25,1,false,,,130262,CR747-413-39,,,,,,,,,,,,,,,,,,,,,,,,,,,,,,,,,,,,,,,,,,,,,,,,,,,,,,,,,,,,,,,,,,,,,
ds-129934,PRODUCT,Thomas Sabo Sterling Silver Einzelne Creole,false,"<p>gearbeitet in 925 Silber rosévergoldet, Oberfläche: poliert, Durchmesser: 15mm, zwei Jahre GarantieReferenz: CR661-415-40Verfügbar in der Bijouterie am Bogen in Bremgarten AG</p>",schmuck;ohrschmuck;thomas-sabo,,,,,Thomas Sabo,59,,,,,,24.6,2,false,,,129934,CR661-415-40,,,,,,,,,,,,,,,,,,,,,,,,,,,,,,,,,,,,,,,,,,,,,,,,,,,,,,,,,,,,,,,,,,,,,
ds-128202,PRODUCT,Thomas Sabo Sterling Silver Erbskette,false,"<p>gearbeitet in 925 Silber, Erbskette, Länge: 38cm bis 42cm, Karabinerverschluss, 2 Jahre GarantieReferenz: X0001-001-12-42Verfügbar in der Bijouterie am Bogen in Bremgarten AG</p>",schmuck;colliers;thomas-sabo,,,,,Thomas Sabo,45,,,,,,17.5,1,false,,,128202,X0001-001-12-42,,,,,,,,,,,,,,,,,,,,,,,,,,,,,,,,,,,,,,,,,,,,,,,,,,,,,,,,,,,,,,,,,,,,,
ds-128200,PRODUCT,Thomas Sabo Sterling Silver Ankercollier,false,"<p>gearbeitet in 925 Silber rosévergoldet, Ankerkette, Länge: 42cm verstellbar, Karabinerverschluss, 2 Jahre GarantieReferenz: KE1219-415-12-L42VVerfügbar in der Bijouterie am Bogen in Bremgarten AG</p>",schmuck;colliers;thomas-sabo,schmuck,,,,Thomas Sabo,139,,,,,,57.9,1,false,,,128200,KE1219-415-12-L42V,,,,,,,,,,,,,,,,,,,,,,,,,,,,,,,,,,,,,,,,,,,,,,,,,,,,,,,,,,,,,,,,,,,,,
ds-127016,PRODUCT,Thomas Sabo Sterling Silver Collier,false,"<p>gearbeitet in 925 Sterlingsilber, Erbskette, Anhänger: mit einem pinken Zirkonia und weissen Zirkonia, Länge: 40 - 45cm, Karabinerverschluss, zwei Jahre GarantieReferenz: KE2089-051-9-L45VVerfügbar in der Bijouterie am Bogen in Bremgarten AG</p>",schmuck;colliers;thomas-sabo,,,,,Thomas Sabo,179,,,,,,74.6,1,false,,,127016,KE2089-051-9-L45V,,,,,,,,,,,,,,,,,,,,,,,,,,,,,,,,,,,,,,,,,,,,,,,,,,,,,,,,,,,,,,,,,,,,,
ds-126396,PRODUCT,Thomas Sabo Sterling Silver Collier,false,"<p>gearbeitet in 925 Sterlingsilber, Erbskette, Schneeflocken Anhänger mit weissen Zirkonia, Länge: 40cm bis 45cm, Karabinerverschluss, 2 Jahre GarantieReferenz: KE2171-051-14-L45VVerfügbar in der Bijouterie am Bogen in Bremgarten AG</p>",schmuck;colliers;thomas-sabo,schmuck,,,,Thomas Sabo,129,,,,,,53.75,1,false,,,126396,KE2171-051-14-L45V,,,,,,,,,,,,,,,,,,,,,,,,,,,,,,,,,,,,,,,,,,,,,,,,,,,,,,,,,,,,,,,,,,,,,
ds-126156,PRODUCT,Thomas Sabo Sterling Silver Collier,false,"<p>gearbeitet in 925 Sterlingsilber gelbvergoldet, Erbskette, Kreuz Anhänger mit farbigen Zirkonia, Länge: 40cm bis 45cm, Karabinerverschluss, 2 Jahre GarantieReferenz: KE2166-996-7-L45VVerfügbar in der Bijouterie am Bogen in Bremgarten AG</p>",schmuck;colliers;thomas-sabo,schmuck,,,,Thomas Sabo,359,,,,,,149.6,1,false,,,126156,KE2166-996-7-L45V,,,,,,,,,,,,,,,,,,,,,,,,,,,,,,,,,,,,,,,,,,,,,,,,,,,,,,,,,,,,,,,,,,,,,
ds-126151,PRODUCT,Thomas Sabo Sterling Silver Scharniercreolen,false,"<p>gearbeitet in 925 Sterlingsilber gelb vergoldet, mit farbigen Zirkonia-Steinen, Clipverschluss, 2 Jahre GarantieReferenz: CR668-996-7Verfügbar in der Bijouterie am Bogen in Bremgarten AG</p>",schmuck;ohrschmuck;thomas-sabo,,,,,Thomas Sabo,255,,,,,,106.25,1,false,,,126151,CR668-996-7,,,,,,,,,,,,,,,,,,,,,,,,,,,,,,,,,,,,,,,,,,,,,,,,,,,,,,,,,,,,,,,,,,,,,
ds-125878,PRODUCT,Thomas Sabo Sterling Silver Erbskette S,false,"<p>gearbeitet in 925 Sterlingsilber, Erbskette, Länge: 45cm, KarabinerReferenz: X0001-001-12-SVerfügbar in der Bijouterie am Bogen in Bremgarten AG</p>",schmuck;colliers;thomas-sabo,schmuck,,,,Thomas Sabo,49,,,,,,18.75,2,false,,,125878,X0001-001-12-S,,,,,,,,,,,,,,,,,,,,,,,,,,,,,,,,,,,,,,,,,,,,,,,,,,,,,,,,,,,,,,,,,,,,,
ds-125222,PRODUCT,Thomas Sabo Sterling Silver Damenring,false,"<p>gearbeitet in 925 Sterlingsilber, Ankerketten Optik, mit weissen Zirkonia, Grösse: 54, 2 Jahre GarantieReferenz: TR2360-643-14-54Verfügbar in der Bijouterie am Bogen in Bremgarten AG</p>",schmuck;ringe;thomas-sabo,schmuck,,,,Thomas Sabo,129,,,,,,53.75,1,false,,,125222,TR2360-643-14-54,,,,,,,,,,,,,,,,,,,,,,,,,,,,,,,,,,,,,,,,,,,,,,,,,,,,,,,,,,,,,,,,,,,,,
ds-125214,PRODUCT,Thomas Sabo Sterling Silver Collier,false,"<p>gearbeitet in 925 Sterlingsilber gelbvergoldet, Ankerkette, Anhänger mit einem grünen und weissen Zirkonia, Länge: 45cm, 2 Jahre GarantieReferenz: KE2089-971-6Verfügbar in der Bijouterie am Bogen in Bremgarten AG</p>",schmuck;colliers;thomas-sabo,schmuck,,,,Thomas Sabo,335,,,,,,128.75,1,false,,,125214,KE2089-971-6,,,,,,,,,,,,,,,,,,,,,,,,,,,,,,,,,,,,,,,,,,,,,,,,,,,,,,,,,,,,,,,,,,,,,
ds-125209,PRODUCT,Thomas Sabo Sterling Silver Ohrstecker,false,"<p>gearbeitet in 925 Sterlingsilber, Wellen Optik, mit weissen Zirkonia, 2 Jahre GarantieReferenz: H2226-051-14Verfügbar in der Bijouterie am Bogen in Bremgarten AG</p>",schmuck;ohrschmuck;thomas-sabo,schmuck,,,,Thomas Sabo,115,,,,,,40.85,1,false,,,125209,H2226-051-14,,,,,,,,,,,,,,,,,,,,,,,,,,,,,,,,,,,,,,,,,,,,,,,,,,,,,,,,,,,,,,,,,,,,,
ds-125203,PRODUCT,Thomas Sabo Sterling Silver Scharniercreolen,false,"<p>gearbeitet in 925 Sterlingsilber, mit weissen Zirkonia und einem Anhänger mit Zirkonia Steinen, Clipverschluss, Curchmesser: 20.7mm, 2 Jahre GarantieReferenz: CR672-051-14Verfügbar in der Bijouterie am Bogen in Bremgarten AG</p>",schmuck;ohrschmuck;thomas-sabo,schmuck,,,,Thomas Sabo,295,,,,,,106.25,1,false,,,125203,CR672-051-14,,,,,,,,,,,,,,,,,,,,,,,,,,,,,,,,,,,,,,,,,,,,,,,,,,,,,,,,,,,,,,,,,,,,,
ds-124659,PRODUCT,Thomas Sabo Sterling Silver Ring Silber Rosé,false,"<p>925 Silber mit weissen Zirkonia, Grösse: 54.Referenz: TR2375-416-14-54Verfügbar in der Bijouterie am Bogen in Bremgarten AG</p>",schmuck;ringe;thomas-sabo,,,,,Thomas Sabo,98,,,,,,40.85,1,false,,,124659,TR2375-416-14-54,,,,,,,,,,,,,,,,,,,,,,,,,,,,,,,,,,,,,,,,,,,,,,,,,,,,,,,,,,,,,,,,,,,,,
ds-124537,PRODUCT,Thomas Sabo Sterling Silver Ohrstecker 925 Silber,false,<p>925 Silber mit weissen Süsswasser Zuchtperlen und weissen Zirkonia.Referenz: H2211-167-14Verfügbar in der Bijouterie am Bogen in Bremgarten AG</p>,schmuck;ohrschmuck;thomas-sabo,schmuck,,,,Thomas Sabo,98,,,,,,40.85,2,false,,,124537,H2211-167-14,,,,,,,,,,,,,,,,,,,,,,,,,,,,,,,,,,,,,,,,,,,,,,,,,,,,,,,,,,,,,,,,,,,,,
ds-124526,PRODUCT,Thomas Sabo Sterling Silver Ohrstecker Einzeln,false,<p>925 Silber rosévergoldet mit weissen Zirkonia.Referenz: H2222-416-14Verfügbar in der Bijouterie am Bogen in Bremgarten AG</p>,schmuck;ohrschmuck;thomas-sabo,,,,,Thomas Sabo,39,,,,,,15.4,2,false,,,124526,H2222-416-14,,,,,,,,,,,,,,,,,,,,,,,,,,,,,,,,,,,,,,,,,,,,,,,,,,,,,,,,,,,,,,,,,,,,,
ds-124451,PRODUCT,Thomas Sabo Sterling Silver Einzel Ohrstecker Schlüssel,false,<p>925 Silber mit weissen ZirkoniaReferenz: H2220-051-14Verfügbar in der Bijouterie am Bogen in Bremgarten AG</p>,schmuck;ohrschmuck;thomas-sabo,,,,,Thomas Sabo,39,,,,,,16.25,2,false,,,124451,H2220-051-14,,,,,,,,,,,,,,,,,,,,,,,,,,,,,,,,,,,,,,,,,,,,,,,,,,,,,,,,,,,,,,,,,,,,,
ds-124449,PRODUCT,Thomas Sabo Sterling Silver Einzel Ohrstecker Schloss,false,<p>925 Silber mit weissen ZirkoniaReferenz: H2213-051-14Verfügbar in der Bijouterie am Bogen in Bremgarten AG</p>,schmuck;ohrschmuck;thomas-sabo,,,,,Thomas Sabo,65,,,,,,27.1,2,false,,,124449,H2213-051-14,,,,,,,,,,,,,,,,,,,,,,,,,,,,,,,,,,,,,,,,,,,,,,,,,,,,,,,,,,,,,,,,,,,,,
ds-124445,PRODUCT,Thomas Sabo Sterling Silver Einzel Ohrstecker Schlüssel,false,<p>925 Silber vergoldet mit weissen ZirkoniaReferenz: H2220-414-14Verfügbar in der Bijouterie am Bogen in Bremgarten AG</p>,schmuck;ohrschmuck;thomas-sabo,schmuck,,,,Thomas Sabo,45,,,,,,18.75,2,false,,,124445,H2220-414-14,,,,,,,,,,,,,,,,,,,,,,,,,,,,,,,,,,,,,,,,,,,,,,,,,,,,,,,,,,,,,,,,,,,,,
ds-124443,PRODUCT,Thomas Sabo Sterling Silver Einzel Ohrstecker Schloss,false,<p>925 Silber vergoldet mit weissen ZirkoniaReferenz: H2213-414-14Verfügbar in der Bijouterie am Bogen in Bremgarten AG</p>,schmuck;ohrschmuck;thomas-sabo,schmuck,,,,Thomas Sabo,79,,,,,,32.9,2,false,,,124443,H2213-414-14,,,,,,,,,,,,,,,,,,,,,,,,,,,,,,,,,,,,,,,,,,,,,,,,,,,,,,,,,,,,,,,,,,,,,
ds-124437,PRODUCT,Thomas Sabo Sterling Silver Kette mit Symbole,false,"<p>925 Silber mit weissen Zirkonia, Länge: 42cmReferenz: KE2123-051-14-L42vVerfügbar in der Bijouterie am Bogen in Bremgarten AG</p>",schmuck;colliers;thomas-sabo,,,,,Thomas Sabo,198,,,,,,82.5,1,false,,,124437,KE2123-051-14-L42v,,,,,,,,,,,,,,,,,,,,,,,,,,,,,,,,,,,,,,,,,,,,,,,,,,,,,,,,,,,,,,,,,,,,,
ds-124433,PRODUCT,Thomas Sabo Sterling Silver Einzel Ohrstecker Peace,false,<p>925 Silber mit weissen ZirkoniaReferenz: H2218-414-14Verfügbar in der Bijouterie am Bogen in Bremgarten AG</p>,schmuck;ohrschmuck;thomas-sabo,schmuck,,,,Thomas Sabo,65,,,,,,24.6,2,false,,,124433,H2218-414-14,,,,,,,,,,,,,,,,,,,,,,,,,,,,,,,,,,,,,,,,,,,,,,,,,,,,,,,,,,,,,,,,,,,,,
ds-124431,PRODUCT,Thomas Sabo Sterling Silver Einzel Ohrstecker Blitz,false,<p>925 Silber mit weissen ZirkoniaReferenz: H2217-414-14Verfügbar in der Bijouterie am Bogen in Bremgarten AG</p>,schmuck;ohrschmuck;thomas-sabo,schmuck,,,,Thomas Sabo,39,,,,,,13.35,1,false,,,124431,H2217-414-14,,,,,,,,,,,,,,,,,,,,,,,,,,,,,,,,,,,,,,,,,,,,,,,,,,,,,,,,,,,,,,,,,,,,,
ds-124426,PRODUCT,Thomas Sabo Sterling Silver Einzel Ohrstecker Kleeblatt,false,<p>925 Silber mit weissen ZirkoniaReferenz: H2215-051-14Verfügbar in der Bijouterie am Bogen in Bremgarten AG</p>,schmuck;ohrschmuck;thomas-sabo,schmuck,,,,Thomas Sabo,39,,,,,,16.25,2,false,,,124426,H2215-051-14,,,,,,,,,,,,,,,,,,,,,,,,,,,,,,,,,,,,,,,,,,,,,,,,,,,,,,,,,,,,,,,,,,,,,
ds-121528,PRODUCT,Thomas Sabo Sterling Silver Venezianercollier vergoldet,false,"<p>925 Silber vergoldet, Venezianercollier, Länge: 70cm, zwei Jahre GarantieReferenz: KE1106-413-12-L70Verfügbar in der Bijouterie am Bogen in Bremgarten AG</p>",schmuck;colliers;thomas-sabo,schmuck,,,,Thomas Sabo,179,,,,,,64.6,1,false,,,121528,KE1106-413-12-L70,,,,,,,,,,,,,,,,,,,,,,,,,,,,,,,,,,,,,,,,,,,,,,,,,,,,,,,,,,,,,,,,,,,,,
ds-121353,PRODUCT,Thomas Sabo Sterling Silver D Ring Feder Gelb,false,"<p>925 Silber gelbvergoldet synthetischer Korund rot, Zirkonia grün, Glas-Keramik Stein, Zirkonia orange, Zirkonia pink, Grösse: 54.Referenz: TR2284-488-7-54Verfügbar in der Bijouterie am Bogen in Bremgarten AG</p>",schmuck;ringe;thomas-sabo,schmuck,,,,Thomas Sabo,385,,,,,,149.6,1,false,,,121353,TR2284-488-7-54,,,,,,,,,,,,,,,,,,,,,,,,,,,,,,,,,,,,,,,,,,,,,,,,,,,,,,,,,,,,,,,,,,,,,
ds-121330,PRODUCT,Thomas Sabo Sterling Silver Ohrstecker Rosa Stein mit Stern,false,<p>925 Silber rosévergoldet mit Rosenquarz und weissen Zirkonia.Referenz: H2108-417-9Verfügbar in der Bijouterie am Bogen in Bremgarten AG</p>,schmuck;ohrschmuck;thomas-sabo,schmuck,,,,Thomas Sabo,255,,,,,,106.25,1,false,,,121330,H2108-417-9,,,,,,,,,,,,,,,,,,,,,,,,,,,,,,,,,,,,,,,,,,,,,,,,,,,,,,,,,,,,,,,,,,,,,
ds-121139,PRODUCT,Thomas Sabo Sterling Silver Erbskette mit Kugeln 42cm Rosé,false,"<p>925 Silber rosévergoldet, Erbskette mit Kugeln, Länge: 42cm (verstellbar), zwei Jahre GarantieReferenz: KE1890-415-40-L42vVerfügbar in der Bijouterie am Bogen in Bremgarten AG</p>",schmuck;colliers;thomas-sabo,schmuck,,,,Thomas Sabo,139,,,,,,47.9,1,false,,,121139,KE1890-415-40-L42v,,,,,,,,,,,,,,,,,,,,,,,,,,,,,,,,,,,,,,,,,,,,,,,,,,,,,,,,,,,,,,,,,,,,,
ds-119610,PRODUCT,Thomas Sabo Sterling Silver Ring Stein Schwarz Gross mit Stern,false,"<p>925 Silber, mit schwarzen Zirkonia, Grösse: 52Referenz: TR2261-641-11-52Verfügbar in der Bijouterie am Bogen in Bremgarten AG</p>",schmuck;ringe;thomas-sabo,schmuck,,,,Thomas Sabo,169,,,,,,68.3,1,false,,,119610,TR2261-641-11-52,,,,,,,,,,,,,,,,,,,,,,,,,,,,,,,,,,,,,,,,,,,,,,,,,,,,,,,,,,,,,,,,,,,,,
ds-119604,PRODUCT,Thomas Sabo Sterling Silver Little Secret Schwarzer Stein Baguette Schliff,false,"<p>925 Silber, mit einem schwarzen Zirkonia Baguette Schliff, Länge: 20cm (verstellbar), zwei Jahre GarantieReferenz: LS0105-401-11-L20vVerfügbar in der Bijouterie am Bogen in Bremgarten AG</p>",schmuck;bracelets;thomas-sabo,schmuck,,,,Thomas Sabo,35,,,,,,14.15,2,false,,,119604,LS0105-401-11-L20v,,,,,,,,,,,,,,,,,,,,,,,,,,,,,,,,,,,,,,,,,,,,,,,,,,,,,,,,,,,,,,,,,,,,,
ds-119586,PRODUCT,Thomas Sabo Sterling Silver Ohrstecker Stern Vergoldet,false,"<p>925 Silber mit einer 750 Gelbgold Vergoldung, weisse Zirkonia, zwei Jahre GarantieReferenz: H2081-414-14Verfügbar in der Bijouterie am Bogen in Bremgarten AG</p>",schmuck;ohrschmuck;thomas-sabo,schmuck,,,,Thomas Sabo,115,,,,,,36,1,false,,,119586,H2081-414-14,,,,,,,,,,,,,,,,,,,,,,,,,,,,,,,,,,,,,,,,,,,,,,,,,,,,,,,,,,,,,,,,,,,,,
ds-119569,PRODUCT,Thomas Sabo Sterling Silver Erbskette mit Kugeln 70cm Rosé,false,"<p>925 Silber rosévergoldet, Erbskette mit Kugeln, Länge: 70cm, zwei Jahre GarantieReferenz: KE1890-415-40-L70Verfügbar in der Bijouterie am Bogen in Bremgarten AG</p>",schmuck;colliers;thomas-sabo,,,,,Thomas Sabo,179,,,,,,62.65,1,false,,,119569,KE1890-415-40-L70,,,,,,,,,,,,,,,,,,,,,,,,,,,,,,,,,,,,,,,,,,,,,,,,,,,,,,,,,,,,,,,,,,,,,
ds-119567,PRODUCT,Thomas Sabo Sterling Silver Erbskette mit Kugeln 50cm Rosé,false,"<p>gearbeitet in 925 Silber rosévergoldet, Erbskette mit Kugeln, Länge: 50cm (verstellbar), zwei Jahre GarantieReferenz: KE1890-415-40-L50vVerfügbar in der Bijouterie am Bogen in Bremgarten AG</p>",schmuck;colliers;thomas-sabo,schmuck,,,,Thomas Sabo,139,,,,,,57.9,1,false,,,119567,KE1890-415-40-L50v,,,,,,,,,,,,,,,,,,,,,,,,,,,,,,,,,,,,,,,,,,,,,,,,,,,,,,,,,,,,,,,,,,,,,
ds-119560,PRODUCT,Thomas Sabo Sterling Silver Erbskette mit Kugeln,false,"<p>gearbeitet in 925 Silber gelbvergoldet, Erbskette mit Kugeln, Länge: 38cm bis 42cm, zwei Jahre GarantieReferenz: KE1890-413-39-L42vVerfügbar in der Bijouterie am Bogen in Bremgarten AG</p>",schmuck;colliers;thomas-sabo,schmuck,,,,Thomas Sabo,95,,,,,,39.6,1,false,,,119560,KE1890-413-39-L42v,,,,,,,,,,,,,,,,,,,,,,,,,,,,,,,,,,,,,,,,,,,,,,,,,,,,,,,,,,,,,,,,,,,,,
ds-119558,PRODUCT,Thomas Sabo Sterling Silver Erbskette mit Kugeln 80cm,false,"<p>925 Silber, Erbskette mit Kugeln, Länge: 80cm, zwei Jahre GarantieReferenz: KE1890-001-21-L80Verfügbar in der Bijouterie am Bogen in Bremgarten AG</p>",schmuck;colliers;thomas-sabo,,,,,Thomas Sabo,79,,,,,,30.3,1,false,,,119558,KE1890-001-21-L80,,,,,,,,,,,,,,,,,,,,,,,,,,,,,,,,,,,,,,,,,,,,,,,,,,,,,,,,,,,,,,,,,,,,,
ds-119554,PRODUCT,Thomas Sabo Sterling Silver Erbskette mit Kugeln,false,"<p>gearbeitet in 925 Silber, Erbskette mit Kugeln, Länge: 38cm bis 42cm, mit einem Karabinerverschluss, zwei Jahre GarantieReferenz: KE1890-001-21-L42vVerfügbar in der Bijouterie am Bogen in Bremgarten AG</p>",schmuck;colliers;thomas-sabo,schmuck,,,,Thomas Sabo,55,,,,,,22.9,1,false,,,119554,KE1890-001-21-L42v,,,,,,,,,,,,,,,,,,,,,,,,,,,,,,,,,,,,,,,,,,,,,,,,,,,,,,,,,,,,,,,,,,,,,
ds-122463,PRODUCT,Tissot Luxury,true,"<p>Edelstahlgehäuse und -band PVD rosé, Perlmuttzifferblatt mit 12 Diamanten, Automat, Powermatic 80, 5bar Wasserdicht, zwei Jahre GarantieReferenz: T086.207.22.116.00Verfügbar in der Bijouterie am Bogen in Bremgarten AG</p>",uhren;damenuhren;sale;tissot,uhren,,,,Tissot,802,1145,,,,,626.75,1,false,,,122463,T086.207.22.116.00,,,,,,,,,,,,,,,,,,,,,,,,,,,,,,,,,,,,,,,,,,,,,,,,,,,,,,,,,,,,,,,,,,,,,
ds-122463,MEDIA,,,,,,6673aa_26faa7270324435ba7dceef99cf4d994~mv2.jpg,,,,,,,,,,,,,,,,,,,,,,,,,,,,,,,,,,,,,,,,,,,,,,,,,,,,,,,,,,,,,,,,,,,,,,,,,,,,,,,,,,,,,
ds-132042,PRODUCT,Thomas Sabo Charm Club Bracelet,false,"<p>gearbeitet in 925 Sterlingsilber vergoldet, Ankerkette, Länge: 19cm verstellbar, mit einem Karabinerverschluss, zwei Jahre GarantieReferenz: A2206-413-39-L19VVerfügbar in der Bijouterie am Bogen in Bremgarten AG</p>",schmuck;bracelets;thomas-sabo,schmuck,,,,Thomas Sabo,98,,,,,,40.85,1,false,,,132042,A2206-413-39-L19V,,,,,,,,,,,,,,,,,,,,,,,,,,,,,,,,,,,,,,,,,,,,,,,,,,,,,,,,,,,,,,,,,,,,,
ds-133631,PRODUCT,Rado True Round L,true,"<p>Gehäuse und Band aus Keramik rosa mit Titanverschluss und Titanboden, automatisches Uhrwerk mit 80h Gangreserve, Saphirglas, Zifferblatt mit photochromatischem Effekt: Unter UV-Licht verwandelt sich der zarte Roséton in ein intensives Magenta , Open Heart, limitiert auf 888 Stück, Durchmesser 40mm, Wasserdicht bis 5bar, 5 Jahre GarantieReferenz: R27183012Verfügbar in der Bijouterie am Bogen in Bremgarten AG</p>",uhren;damenuhren;rado,uhren,,,,Rado,2550,,,,,,1428,1,false,,,133631,R27183012,,,,,,,,,,,,,,,,,,,,,,,,,,,,,,,,,,,,,,,,,,,,,,,,,,,,,,,,,,,,,,,,,,,,,
ds-133631,MEDIA,,,,,,6673aa_5b6016b1006a48e6b854f439fbaf3d05~mv2.png,,,,,,,,,,,,,,,,,,,,,,,,,,,,,,,,,,,,,,,,,,,,,,,,,,,,,,,,,,,,,,,,,,,,,,,,,,,,,,,,,,,,,
ds-133631,MEDIA,,,,,,6673aa_ae6ae6a335f74cfbb767e6e7ec817a3b~mv2.png,,,,,,,,,,,,,,,,,,,,,,,,,,,,,,,,,,,,,,,,,,,,,,,,,,,,,,,,,,,,,,,,,,,,,,,,,,,,,,,,,,,,,
ds-128728,PRODUCT,Thomas Sabo Charm Club Rosenquarzcollier,false,"<p>gearbeitet in 925 Sterlingsilber, mit Rosenquarz, Zwischenelement für Charms und pinkem Charmista Coin mit Kaltemail, Länge: 45cm verstellbar, Karabinerverschluss, 2 Jahre GarantieReferenz: KE2190-067-9-L45VVerfügbar in der Bijouterie am Bogen in Bremgarten AG</p>",schmuck;colliers;thomas-sabo,schmuck,,,,Thomas Sabo,115,,,,,,47.9,1,false,,,128728,KE2190-067-9-L45V,,,,,,,,,,,,,,,,,,,,,,,,,,,,,,,,,,,,,,,,,,,,,,,,,,,,,,,,,,,,,,,,,,,,,
ds-132543,PRODUCT,Rado True Square Skeleton,true,"<p>Gehäuse und Band aus Keramik schwarz, automatisches Uhrwerk mit 80h Gangreserve, Saphirglas, Zifferblatt skelettiert, Wasserdicht bis 5bar, fünf Jahre GarantieReferenz: R27086162Verfügbar in der Bijouterie am Bogen in Bremgarten AG</p>",uhren;herrenuhren;rado,uhren,,,,Rado,2500,,,,,,1400,1,false,,,132543,R27086162,,,,,,,,,,,,,,,,,,,,,,,,,,,,,,,,,,,,,,,,,,,,,,,,,,,,,,,,,,,,,,,,,,,,,
ds-132543,MEDIA,,,,,,6673aa_01fa67d298f64cdb90394f40d6349eb9~mv2.png,,,,,,,,,,,,,,,,,,,,,,,,,,,,,,,,,,,,,,,,,,,,,,,,,,,,,,,,,,,,,,,,,,,,,,,,,,,,,,,,,,,,,
ds-131938,PRODUCT,Rado True Square Skeleton,true,"<p>Gehäuse und Band aus Keramik Plasma, automatisches Uhrwerk mit 80h Gangreserve, Saphirglas, Zifferblatt glitzer Skeleton mit 12 Diamanten im Brillantschliff 0.096ct Top Wesselton vs-si, Duchmesser 38mm, Wasserdicht bis 5bar, Titanverschluss, fünf Jahre GarantieReferenz: R27083722Verfügbar in der Bijouterie am Bogen in Bremgarten AG</p>",uhren;herrenuhren;rado,uhren,,,,Rado,3050,,,,,,1708,1,false,,,131938,R27083722,,,,,,,,,,,,,,,,,,,,,,,,,,,,,,,,,,,,,,,,,,,,,,,,,,,,,,,,,,,,,,,,,,,,,
ds-131938,MEDIA,,,,,,6673aa_529012c1fb6047acb59a2eab426390d1~mv2.png,,,,,,,,,,,,,,,,,,,,,,,,,,,,,,,,,,,,,,,,,,,,,,,,,,,,,,,,,,,,,,,,,,,,,,,,,,,,,,,,,,,,,
ds-128727,PRODUCT,Thomas Sabo Charm Club Perlcollier,false,"<p>gearbeitet in 925 Sterlingsilber, mit weissen Süsswasser Zuchtperlen, Zwischenelement für Charms und Charmista Coin mit weissem Kaltemail, Länge: 45cm verstellbar, Karabinerverschluss, 2 Jahre GarantieReferenz: KE2189-158-14-L45VVerfügbar in der Bijouterie am Bogen in Bremgarten AG</p>",schmuck;colliers;thomas-sabo,schmuck,,,,Thomas Sabo,149,,,,,,43.45,2,false,,,128727,KE2189-158-14-L45V,,,,,,,,,,,,,,,,,,,,,,,,,,,,,,,,,,,,,,,,,,,,,,,,,,,,,,,,,,,,,,,,,,,,,
ds-128726,PRODUCT,Thomas Sabo Charm Club Bracelet,false,"<p>gearbeitet in 925 Silber vergoldet, Oberfläche: poliert, mit pinkem Charmista Coin mit Kaltemail, Länge: 19cm, Karabinerverschluss, 2 Jahre GarantieReferenz: X2088-427-39-L19Verfügbar in der Bijouterie am Bogen in Bremgarten AG</p>",schmuck;bracelets;thomas-sabo,schmuck,,,,Thomas Sabo,89,,,,,,35.25,1,false,,,128726,X2088-427-39-L19,,,,,,,,,,,,,,,,,,,,,,,,,,,,,,,,,,,,,,,,,,,,,,,,,,,,,,,,,,,,,,,,,,,,,
ds-128543,PRODUCT,Rado True Square S,true,"<p>Gehäuse und Band aus Keramik schwarz, Quarzwerk, Saphirglas, Zifferblatt schwarz/jubilé, mit 12 Diamanten im Brillantschliff 0.096ct Top Wesselton VS-SI, Wasserdicht bis 5bar, fünf Jahre GarantieReferenz: R27080702Verfügbar in der Bijouterie am Bogen in Bremgarten AG</p>",uhren;damenuhren;rado,,,,,Rado,2050,,,,,,948,1,false,,,128543,R27080702,,,,,,,,,,,,,,,,,,,,,,,,,,,,,,,,,,,,,,,,,,,,,,,,,,,,,,,,,,,,,,,,,,,,,
ds-128543,MEDIA,,,,,,6673aa_ecf1723dd1a147e29196409922cf7183~mv2.png,,,,,,,,,,,,,,,,,,,,,,,,,,,,,,,,,,,,,,,,,,,,,,,,,,,,,,,,,,,,,,,,,,,,,,,,,,,,,,,,,,,,,
ds-128543,MEDIA,,,,,,6673aa_5d58826dd33f400fb6c8a36ec02e74e1~mv2.png,,,,,,,,,,,,,,,,,,,,,,,,,,,,,,,,,,,,,,,,,,,,,,,,,,,,,,,,,,,,,,,,,,,,,,,,,,,,,,,,,,,,,
ds-128543,MEDIA,,,,,,6673aa_a3a4082302144cbebca316992573b9aa~mv2.png,,,,,,,,,,,,,,,,,,,,,,,,,,,,,,,,,,,,,,,,,,,,,,,,,,,,,,,,,,,,,,,,,,,,,,,,,,,,,,,,,,,,,
ds-128543,MEDIA,,,,,,6673aa_ee6a255cb2f642c481b710b66733aec6~mv2.png,,,,,,,,,,,,,,,,,,,,,,,,,,,,,,,,,,,,,,,,,,,,,,,,,,,,,,,,,,,,,,,,,,,,,,,,,,,,,,,,,,,,,
ds-128725,PRODUCT,Thomas Sabo Charm Club Bracelet,false,"<p>gearbeitet in 925 Silber vergoldet, Oberfläche: poliert, mit pinkem Charmista Coin mit Kaltemail, Länge: 17cm, Karabinerverschluss, 2 Jahre GarantieReferenz: X2088-427-39-L17Verfügbar in der Bijouterie am Bogen in Bremgarten AG</p>",schmuck;bracelets;thomas-sabo,schmuck,,,,Thomas Sabo,79,,,,,,31.3,1,false,,,128725,X2088-427-39-L17,,,,,,,,,,,,,,,,,,,,,,,,,,,,,,,,,,,,,,,,,,,,,,,,,,,,,,,,,,,,,,,,,,,,,
ds-126888,PRODUCT,Rado True Square Skeleton,true,"<p>Gehäuse und Band aus Keramik weiss, automatisches Uhrwerk mit 80h Gangreserve, Saphirglas, Zifferblatt skeletiert, Wasserdicht bis 5bar, fünf Jahre GarantieReferenz: R27073012Verfügbar in der Bijouterie am Bogen in Bremgarten AG</p>",uhren;herrenuhren;rado,uhren,,,,Rado,2500,,,,,,1400,1,false,,,126888,R27073012,,,,,,,,,,,,,,,,,,,,,,,,,,,,,,,,,,,,,,,,,,,,,,,,,,,,,,,,,,,,,,,,,,,,,
ds-126888,MEDIA,,,,,,6673aa_2dae923f1a5c484eb1ddd483da463c65~mv2.png,,,,,,,,,,,,,,,,,,,,,,,,,,,,,,,,,,,,,,,,,,,,,,,,,,,,,,,,,,,,,,,,,,,,,,,,,,,,,,,,,,,,,
ds-121609,PRODUCT,Rado True Square L,true,"<p>Gehäuse und Band aus Keramik schwarz, automatisches Uhrwerk mit 80h Gangreserve, Saphirglas, Zifferblatt schwarz, Index rosé, Duchmesser 38mm, Wasserdicht bis 5bar, Titanverschluss, fünf Jahre GarantieReferenz: R27078162Verfügbar in der Bijouterie am Bogen in Bremgarten AG</p>",uhren;herrenuhren;rado,uhren,,,,Rado,2000,,,,,,1120,1,false,,,121609,R27078162,,,,,,,,,,,,,,,,,,,,,,,,,,,,,,,,,,,,,,,,,,,,,,,,,,,,,,,,,,,,,,,,,,,,,
ds-121609,MEDIA,,,,,,6673aa_32279be7990e49f189c11bb8ea729b80~mv2.png,,,,,,,,,,,,,,,,,,,,,,,,,,,,,,,,,,,,,,,,,,,,,,,,,,,,,,,,,,,,,,,,,,,,,,,,,,,,,,,,,,,,,
ds-128724,PRODUCT,Thomas Sabo Charm Club Bracelet,false,"<p>gearbeitet in 925 Silber vergoldet, Oberfläche: poliert, mit weissem Charmista Coin mit Kaltemail, Länge: 19cm, Karabinerverschluss, 2 Jahre GarantieReferenz: X0287-427-39-L19Verfügbar in der Bijouterie am Bogen in Bremgarten AG</p>",schmuck;bracelets;thomas-sabo,schmuck,,,,Thomas Sabo,159,,,,,,59,1,false,,,128724,X0287-427-39-L19,,,,,,,,,,,,,,,,,,,,,,,,,,,,,,,,,,,,,,,,,,,,,,,,,,,,,,,,,,,,,,,,,,,,,
ds-112983,PRODUCT,Rado True L,true,"<p>Gehäuse und Band aus schwarzem High-Tech Keramik, rosé Indexe und Zeiger, Quarzwerk, Saphirglas, Titanfaltschliesse, Datum, 5bar Wasserdicht, fünf Jahre Garantie</p><p>Referenz: R27238162</p><p>Verfügbar in der Bijouterie Am Bogen in Bremgarten AG und in der Bijouterie Droz in Zofingen AG</p>",uhren;herrenuhren;rado,uhren,,,,Rado,1450,,,,,,812,2,false,,,112983,R27238162,,,,,,,,,,,,,,,,,,,,,,,,,,,,,,,,,,,,,,,,,,,,,,,,,,,,,,,,,,,,,,,,,,,,,
ds-112983,MEDIA,,,,,,6673aa_4058d81c8733438183d359f50bf84f45~mv2.png,,,,,,,,,,,,,,,,,,,,,,,,,,,,,,,,,,,,,,,,,,,,,,,,,,,,,,,,,,,,,,,,,,,,,,,,,,,,,,,,,,,,,
ds-128722,PRODUCT,Thomas Sabo Charm Club Bracelet,false,"<p>gearbeitet in 925 Silber vergoldet, Oberfläche: poliert, mit weissem Charmista Coin mit Kaltemail, Länge: 19cm, Karabinerverschluss, 2 Jahre GarantieReferenz: X0286-427-39-L19Verfügbar in der Bijouterie am Bogen in Bremgarten AG</p>",schmuck;bracelets;thomas-sabo,schmuck,,,,Thomas Sabo,115,,,,,,45.5,2,false,,,128722,X0286-427-39-L19,,,,,,,,,,,,,,,,,,,,,,,,,,,,,,,,,,,,,,,,,,,,,,,,,,,,,,,,,,,,,,,,,,,,,
ds-128721,PRODUCT,Thomas Sabo Charm Club Bracelet,false,"<p>gearbeitet in 925 Silber vergoldet, Oberfläche: poliert, mit weissem Charmista Coin mit Kaltemail, Länge: 17cm, Karabinerverschluss, 2 Jahre GarantieReferenz: X0286-427-39-L17Verfügbar in der Bijouterie am Bogen in Bremgarten AG</p>",schmuck;bracelets;thomas-sabo,schmuck,,,,Thomas Sabo,98,,,,,,38.8,2,false,,,128721,X0286-427-39-L17,,,,,,,,,,,,,,,,,,,,,,,,,,,,,,,,,,,,,,,,,,,,,,,,,,,,,,,,,,,,,,,,,,,,,
ds-111091,PRODUCT,Rado True S,true,"<p>Gehäuse und Band aus Keramik schwarz, Quarzwerk, Zifferblatt schwarz mit Index und Datumsanzeige, Saphirglas, Durchmesser 30mm, Wasserdicht bis 5bar, fünf Jahre GarantieReferenz: R27059162Verfügbar in der Bijouterie Am Bogen in Bremgarten AG und in der Bijouterie Droz in Zofingen AG</p>",uhren;damenuhren;rado,,,,,Rado,1450,,,,,,812,2,false,,,111091,R27059162,,,,,,,,,,,,,,,,,,,,,,,,,,,,,,,,,,,,,,,,,,,,,,,,,,,,,,,,,,,,,,,,,,,,,
ds-111091,MEDIA,,,,,,6673aa_4ba01379ab7f4ff9917953bf1ba0be01~mv2.png,,,,,,,,,,,,,,,,,,,,,,,,,,,,,,,,,,,,,,,,,,,,,,,,,,,,,,,,,,,,,,,,,,,,,,,,,,,,,,,,,,,,,
ds-127239,PRODUCT,Thomas Sabo Charm Club Anhänger Palme,false,"<p>gearbeitet in 925 Sterlingsilber gelbvergoldet, Zirkonia weiss, Zirkonia orange, synthetischer Korund rot, Glas-Keramik Stein, Karabinerverschluss, 2 Jahre GarantieReferenz: 1934-488-7Verfügbar in der Bijouterie am Bogen in Bremgarten AG</p>",schmuck;beads-charms;thomas-sabo,schmuck,,,,Thomas Sabo,89,,,,,,37.1,1,false,,,127239,1934-488-7,,,,,,,,,,,,,,,,,,,,,,,,,,,,,,,,,,,,,,,,,,,,,,,,,,,,,,,,,,,,,,,,,,,,,
ds-133651,PRODUCT,Rado Integral,true,"<p>Geshäuse und Band aus Edelstahl und Keramik schwarz, Quarzwerk, Saphirglas, Durchmesser: 28mm, Zifferblatt schwarz mit 4 Diamanten im Brillantschliff, Wasserdicht bis 5bar, 5 Jahre GarantieReferenz: R20253712Verfügbar in der Bijouterie Am Bogen in Bremgarten AG und in der Bijouterie Droz in Zofingen AG</p>",uhren;damenuhren;rado,uhren,,,,Rado,2250,,,,,,1260,2,false,,,133651,R20253712,,,,,,,,,,,,,,,,,,,,,,,,,,,,,,,,,,,,,,,,,,,,,,,,,,,,,,,,,,,,,,,,,,,,,
ds-133651,MEDIA,,,,,,6673aa_9d5288cb16644a7ca95ded3dce40d37a~mv2.png,,,,,,,,,,,,,,,,,,,,,,,,,,,,,,,,,,,,,,,,,,,,,,,,,,,,,,,,,,,,,,,,,,,,,,,,,,,,,,,,,,,,,
ds-127235,PRODUCT,Thomas Sabo Charm Club Anhänger Kamera,false,"<p>gearbeitet in 925 Sterlingsilber geschwärzt, Kaltemail, Zirkonia weiss, Zirkonia orange, synthetischer Korund rot, Glas-Keramik, Karabinerverschluss, 2 Jahre GarantieReferenz: 1924-340-7Verfügbar in der Bijouterie am Bogen in Bremgarten AG</p>",schmuck;beads-charms;thomas-sabo,schmuck,,,,Thomas Sabo,89,,,,,,37.1,1,false,,,127235,1924-340-7,,,,,,,,,,,,,,,,,,,,,,,,,,,,,,,,,,,,,,,,,,,,,,,,,,,,,,,,,,,,,,,,,,,,,
ds-133626,PRODUCT,Rado Integral M,true,"<p>Gehäuse und Band aus Stahl PVD gelb und Keramik schwarz, Quartzwerk, Saphirglas, Zifferblatt schwarz mit Datumsanzeige jubilé, Durchmesser 28mm, Wasserdicht bis 5bar, 5 Jahre GarantieReferenz: R20254712Verfügbar in der Bijouterie Am Bogen in Bremgarten AG und in der Bijouterie Droz in Zofingen AG</p>",uhren;damenuhren;rado,uhren,,,,Rado,2400,,,,,,1344,2,false,,,133626,R20254712,,,,,,,,,,,,,,,,,,,,,,,,,,,,,,,,,,,,,,,,,,,,,,,,,,,,,,,,,,,,,,,,,,,,,
ds-133626,MEDIA,,,,,,6673aa_cff4f0fbfe3c4746ac93fa17b514260b~mv2.png,,,,,,,,,,,,,,,,,,,,,,,,,,,,,,,,,,,,,,,,,,,,,,,,,,,,,,,,,,,,,,,,,,,,,,,,,,,,,,,,,,,,,
ds-127004,PRODUCT,Thomas Sabo Charm Club Ohrstecker Blume,false,"<p>gearbeitet in 925 Sterlingsilber, Blume, Kaltemail hellblau, mit blauen Zirkonia, 2 Jahre GarantieReferenz: H2269-496-1Verfügbar in der Bijouterie am Bogen in Bremgarten AG</p>",schmuck;ohrschmuck;thomas-sabo,schmuck,,,,Thomas Sabo,98,,,,,,40.85,1,false,,,127004,H2269-496-1,,,,,,,,,,,,,,,,,,,,,,,,,,,,,,,,,,,,,,,,,,,,,,,,,,,,,,,,,,,,,,,,,,,,,
ds-133625,PRODUCT,Rado Integral 40 Year Anniversary Edition,true,"<p>Gehäuse und Band aus Edelstahl PVD gelb mit Keramik schwarz, Quartzwerk, Saphirglas, Zifferblatt schwarz mit Index und Datum, Durchmesser 28mm, Wasserdicht bis 5bar, 5 Jahre GarantieReferenz: R20258162Verfügbar in der Bijouterie Am Bogen in Bremgarten AG und in der Bijouterie Droz in Zofingen AG</p>",uhren;herrenuhren;rado,uhren,,,,Rado,2250,,,,,,1260,2,false,,,133625,R20258162,,,,,,,,,,,,,,,,,,,,,,,,,,,,,,,,,,,,,,,,,,,,,,,,,,,,,,,,,,,,,,,,,,,,,
ds-133625,MEDIA,,,,,,6673aa_1e256207e9cd40a3baaa3f5781cceab1~mv2.png,,,,,,,,,,,,,,,,,,,,,,,,,,,,,,,,,,,,,,,,,,,,,,,,,,,,,,,,,,,,,,,,,,,,,,,,,,,,,,,,,,,,,
ds-127003,PRODUCT,Thomas Sabo Charm Club Ohrstecker Herz,false,"<p>gearbeitet in 925 Sterlingsilber, Herz, Kaltemail pink, mit pinken Zirkonia, 2 Jahre GarantieReferenz: H2268-041-9Verfügbar in der Bijouterie am Bogen in Bremgarten AG</p>",schmuck;ohrschmuck;thomas-sabo,schmuck,,,,Thomas Sabo,98,,,,,,40.85,1,false,,,127003,H2268-041-9,,,,,,,,,,,,,,,,,,,,,,,,,,,,,,,,,,,,,,,,,,,,,,,,,,,,,,,,,,,,,,,,,,,,,
ds-132313,PRODUCT,Rado Integral,true,"<p>Geshäuse und Band aus Edelstahl PVD rosé und Keramik braun, Quarzwerk, Saphirglas, Durchmesser: 23mm, Zifferblatt Perlmutt braun mit 4 Diamanten im Brillantschliff 0.023ct Top Wesselton vs-si, Wasserdicht bis 5bar, 5 Jahre GarantieReferenz: R20251912Verfügbar in der Bijouterie am Bogen in Bremgarten AG</p>",uhren;damenuhren;rado,uhren,,,,Rado,2400,,,,,,1344,1,false,,,132313,R20251912,,,,,,,,,,,,,,,,,,,,,,,,,,,,,,,,,,,,,,,,,,,,,,,,,,,,,,,,,,,,,,,,,,,,,
ds-132313,MEDIA,,,,,,6673aa_0c2b22377632431f98446a49fed241e0~mv2.png,,,,,,,,,,,,,,,,,,,,,,,,,,,,,,,,,,,,,,,,,,,,,,,,,,,,,,,,,,,,,,,,,,,,,,,,,,,,,,,,,,,,,
ds-127002,PRODUCT,Thomas Sabo Charm Club Armband,false,"<p>gearbeitet in 925 Sterlingsilber, mit Jade, Länge: 16 - 19cm verstellbar, Kaltemail Herz mit Glas-Keramik Stein, Karabinerverschluss, 2 Jahre GarantieReferenz: A2094-496-1-L19VVerfügbar in der Bijouterie am Bogen in Bremgarten AG</p>",schmuck;bracelets;thomas-sabo,schmuck,,,,Thomas Sabo,169,,,,,,70.4,1,false,,,127002,A2094-496-1-L19V,,,,,,,,,,,,,,,,,,,,,,,,,,,,,,,,,,,,,,,,,,,,,,,,,,,,,,,,,,,,,,,,,,,,,
ds-127001,PRODUCT,Thomas Sabo Charm Club Armband,false,"<p>gearbeitet in 925 Sterlingsilber, mit Rosenquarz, Länge: 16 - 19cm verstellbar, Kaltemail Herz mit Zirkonia pink, Karabinerverschluss, 2 Jahre GarantieReferenz: A2092-035-9-L19VVerfügbar in der Bijouterie am Bogen in Bremgarten AG</p>",schmuck;bracelets;thomas-sabo,schmuck,,,,Thomas Sabo,169,,,,,,70.4,1,false,,,127001,A2092-035-9-L19V,,,,,,,,,,,,,,,,,,,,,,,,,,,,,,,,,,,,,,,,,,,,,,,,,,,,,,,,,,,,,,,,,,,,,
ds-132190,PRODUCT,Rado Integral,true,"<p>Geshäuse und Band aus Edelstahl und Keramik schwarz, Quarzwerk, Saphirglas, Durchmesser: 23mm, Zifferblatt schwarz mit 4 Diamanten im Brillantschliff, Wasserdicht bis 5bar, 5 Jahre Garantie Referenz: R20250712 </p><p>Verfügbar in der Bijouterie Am Bogen in Bremgarten AG und in der Bijouterie Droz in Zofingen AG</p>",uhren;damenuhren;rado,uhren,,,,Rado,2250,,,,,,1260,2,false,,,132190,R20250712,,,,,,,,,,,,,,,,,,,,,,,,,,,,,,,,,,,,,,,,,,,,,,,,,,,,,,,,,,,,,,,,,,,,,
ds-132190,MEDIA,,,,,,6673aa_10bdbc7dbca948abb8428f3a6d4dd725~mv2.png,,,,,,,,,,,,,,,,,,,,,,,,,,,,,,,,,,,,,,,,,,,,,,,,,,,,,,,,,,,,,,,,,,,,,,,,,,,,,,,,,,,,,
ds-128729,PRODUCT,Thomas Sabo Charm Club Armband,false,"<p>gearbeitet in 925 Sterlingsilber , mit weissen Süsswasser Zuchtperlen, mit Charmista Coin mit weissem Kaltemail, Länge: 17cm verstellbar, Karabinerverschluss, 2 Jahre GarantieReferenz: A2129-158-14-L17VVerfügbar in der Bijouterie am Bogen in Bremgarten AG</p>",schmuck;bracelets;thomas-sabo,schmuck,,,,Thomas Sabo,79,,,,,,31.25,1,false,,,128729,A2129-158-14-L17V,,,,,,,,,,,,,,,,,,,,,,,,,,,,,,,,,,,,,,,,,,,,,,,,,,,,,,,,,,,,,,,,,,,,,
ds-126995,PRODUCT,Thomas Sabo Charm Club Anhänger Segelboot,false,"<p>gearbeitet in 925 Sterlingsilber, Kaltemail, Zirkonia weiss, Zirkonia orange, synthetischer Korund rot, Glas-Keramik Stein, Karabinerverschluss, 2 Jahre GarantieReferenz: 1927-340-7Verfügbar in der Bijouterie am Bogen in Bremgarten AG</p>",schmuck;beads-charms;thomas-sabo,schmuck,,,,Thomas Sabo,65,,,,,,27.1,1,false,,,126995,1927-340-7,,,,,,,,,,,,,,,,,,,,,,,,,,,,,,,,,,,,,,,,,,,,,,,,,,,,,,,,,,,,,,,,,,,,,
ds-131814,PRODUCT,Rado La Coupole,true,"<p>Gehäuse aus braunem Hightech-Keramik, Uhrenband aus Hightech-Keramik braun und Edelstahl PVD rosé poliert, Quarzwerk, Zifferblatt braun mit 11 Diamanten im Brillantschliff Top Wesselton vs-si 0.061ct, Saphirglas, Faltschliesse aus Edelstahl PVD rosé, Durchmesser: 31mm, Wasserdicht bis 5bar, 5 Jahre GarantieReferenz: R22242703Verfügbar in der Bijouterie Am Bogen in Bremgarten AG und in der Bijouterie Droz in Zofingen AG</p>",uhren;damenuhren;rado,uhren,,,,Rado,2900,,,,,,1624,2,false,,,131814,R22242703,,,,,,,,,,,,,,,,,,,,,,,,,,,,,,,,,,,,,,,,,,,,,,,,,,,,,,,,,,,,,,,,,,,,,
ds-131814,MEDIA,,,,,,6673aa_ec56f3353437436b9fd8426f038ee980~mv2.png,,,,,,,,,,,,,,,,,,,,,,,,,,,,,,,,,,,,,,,,,,,,,,,,,,,,,,,,,,,,,,,,,,,,,,,,,,,,,,,,,,,,,
ds-132208,PRODUCT,Rado Centrix M,true,"<p>Gehäuse aus Edelstahl PVD rosé, Band aus Keramik braun und Edelstahl PVD rosé, automatisches Uhrwerk mit 80h Gangreserve, Saphirglas, Zifferblatt aus Perlmutt braun mit 11 Brillanten 0.11ct, Lünette mit 60 Brillanten 0.792ct, Durchmesser 35mm, Wasserdicht bis 5bar, 5 Jahre GarantieReferenz: R30230922Verfügbar in der Bijouterie am Bogen in Bremgarten AG</p>",uhren;damenuhren;rado,uhren,,,,Rado,4300,,,,,,1908,1,false,,,132208,R30230922,,,,,,,,,,,,,,,,,,,,,,,,,,,,,,,,,,,,,,,,,,,,,,,,,,,,,,,,,,,,,,,,,,,,,
ds-132208,MEDIA,,,,,,6673aa_2919161199b24c82bcf1077ec43fdf3c~mv2.png,,,,,,,,,,,,,,,,,,,,,,,,,,,,,,,,,,,,,,,,,,,,,,,,,,,,,,,,,,,,,,,,,,,,,,,,,,,,,,,,,,,,,
ds-132196,PRODUCT,Rado Centrix S,true,"<p>Edelstahlgehäuse und Band mit Keramik Zwischenteilen schwarz, automatisches Uhrwerk mit 80h Gangreserve, Zifferblatt schwarz mit 12 Diamanten Top Wesselton vs-si 0.085ct und Datumsanzeige, Lünette mit 68 Diamanten Top Wesselton vs-si 0.0442ct, Saphirglas, Edelstahlverschluss, Durchmesser: 30.5mm, 5bar Wasserdicht, fünf Jahre GarantieReferenz: R30228702Verfügbar in der Bijouterie am Bogen in Bremgarten AG</p>",uhren;rado;damenuhren,uhren,,,,Rado,3800,,,,,,1778,1,false,,,132196,R30228702,,,,,,,,,,,,,,,,,,,,,,,,,,,,,,,,,,,,,,,,,,,,,,,,,,,,,,,,,,,,,,,,,,,,,
ds-132196,MEDIA,,,,,,6673aa_9ed16fd82b6f4b20bc76729353c63aeb~mv2.png,,,,,,,,,,,,,,,,,,,,,,,,,,,,,,,,,,,,,,,,,,,,,,,,,,,,,,,,,,,,,,,,,,,,,,,,,,,,,,,,,,,,,
ds-131853,PRODUCT,Rado Centrix S,true,"<p>Edelstahlgehäuse und Band PVD rosé mit Keramik Zwischenteilen Plasma, Quarzwerk, Zifferblatt silber mit Index und Datumsanzeige, Saphirglas, Edelstahlverschluss, Durchmesser: 30.5mm, 5bar Wasserdicht, fünf Jahre GarantieReferenz: R30024012Verfügbar in der Bijouterie am Bogen in Bremgarten AG</p>",uhren;damenuhren;rado,uhren,,,,Rado,1700,,,,,,952,1,false,,,131853,R30024012,,,,,,,,,,,,,,,,,,,,,,,,,,,,,,,,,,,,,,,,,,,,,,,,,,,,,,,,,,,,,,,,,,,,,
ds-131853,MEDIA,,,,,,6673aa_95a7e8f188b4426f84a17c4369d1406e~mv2.png,,,,,,,,,,,,,,,,,,,,,,,,,,,,,,,,,,,,,,,,,,,,,,,,,,,,,,,,,,,,,,,,,,,,,,,,,,,,,,,,,,,,,
ds-128745,PRODUCT,Thomas Sabo Charm Club Buchstaben G,false,"<p>gearbeitet in 925 Silber vergoldet, Oberfläche: poliert, mit weissen Zirkonia, Buchstaben G, Karabinerverschluss, 2 Jahre GarantieReferenz: 1970-414-14Verfügbar in der Bijouterie am Bogen in Bremgarten AG</p>",schmuck;beads-charms;thomas-sabo,schmuck,,,,Thomas Sabo,69,,,,,,28.75,1,false,,,128745,1970-414-14,,,,,,,,,,,,,,,,,,,,,,,,,,,,,,,,,,,,,,,,,,,,,,,,,,,,,,,,,,,,,,,,,,,,,
ds-130085,PRODUCT,Rado Centrix M,true,"<p>Edelstahlgehäuse und Band PVD rosé mit Keramik Zwischenteilen braun, Quarzwerk, Zifferblatt schwarz mit 4 Diamanten Top Wesselton vs-si 0.028ct und Datumsanzeige, Saphirglas, Edelstahlverschluss, Durchmesser: 35mm, 5bar Wasserdicht, fünf Jahre GarantieReferenz: R30038712Verfügbar in der Bijouterie am Bogen in Bremgarten AG</p>",damenuhren;uhren;rado,uhren,,,,Rado,1850,,,,,,1036,1,false,,,130085,R30038712,,,,,,,,,,,,,,,,,,,,,,,,,,,,,,,,,,,,,,,,,,,,,,,,,,,,,,,,,,,,,,,,,,,,,
ds-130085,MEDIA,,,,,,6673aa_31ba2248e1294427a77ead48150baeba~mv2.png,,,,,,,,,,,,,,,,,,,,,,,,,,,,,,,,,,,,,,,,,,,,,,,,,,,,,,,,,,,,,,,,,,,,,,,,,,,,,,,,,,,,,
ds-130073,PRODUCT,Rado Centrix M,true,"<p>Edelstahlgehäuse und Band mit Keramik Zwischenteilen schwarz, Quarzwerk, Zifferblatt schwarz mit 4 Diamanten Top Wesselton vs-si 0.028ct und Datumsanzeige, Saphirglas, Edelstahlverschluss, Durchmesser: 35mm, 5bar Wasserdicht, fünf Jahre GarantieReferenz: R30040712Verfügbar in der Bijouterie am Bogen in Bremgarten AG</p>",uhren;damenuhren;rado,uhren,,,,Rado,1750,,,,,,980,1,false,,,130073,R30040712,,,,,,,,,,,,,,,,,,,,,,,,,,,,,,,,,,,,,,,,,,,,,,,,,,,,,,,,,,,,,,,,,,,,,
ds-130073,MEDIA,,,,,,6673aa_7954023452654996819f8284afd2b3d8~mv2.png,,,,,,,,,,,,,,,,,,,,,,,,,,,,,,,,,,,,,,,,,,,,,,,,,,,,,,,,,,,,,,,,,,,,,,,,,,,,,,,,,,,,,
ds-130073,MEDIA,,,,,,6673aa_0af1afcc6f2a4ddcbddc0d107cf3f4db~mv2.png,,,,,,,,,,,,,,,,,,,,,,,,,,,,,,,,,,,,,,,,,,,,,,,,,,,,,,,,,,,,,,,,,,,,,,,,,,,,,,,,,,,,,
ds-130073,MEDIA,,,,,,6673aa_52616293851144da956fd7475f73b2f7~mv2.png,,,,,,,,,,,,,,,,,,,,,,,,,,,,,,,,,,,,,,,,,,,,,,,,,,,,,,,,,,,,,,,,,,,,,,,,,,,,,,,,,,,,,
ds-130073,MEDIA,,,,,,6673aa_38336c5ef6fb40b7919925836967ed43~mv2.png,,,,,,,,,,,,,,,,,,,,,,,,,,,,,,,,,,,,,,,,,,,,,,,,,,,,,,,,,,,,,,,,,,,,,,,,,,,,,,,,,,,,,
ds-130073,MEDIA,,,,,,6673aa_9a91babc73a54330935ddf2ee5a8dcf2~mv2.png,,,,,,,,,,,,,,,,,,,,,,,,,,,,,,,,,,,,,,,,,,,,,,,,,,,,,,,,,,,,,,,,,,,,,,,,,,,,,,,,,,,,,
ds-130063,PRODUCT,Rado Centrix M,true,"<p>Edelstahlgehäuse und Band PVD gelb mit Keramik Zwischenteilen schwarz, Quarzwerk, Zifferblatt schwarz mit 4 Diamanten Top Wesselton vs-si 0.028ct und Datumsanzeige, Saphirglas, Edelstahlverschluss, Durchmesser: 35mm, 5bar Wasserdicht, fünf Jahre GarantieReferenz: R30039712Verfügbar in der Bijouterie am Bogen in Bremgarten AG</p>",uhren;rado;damenuhren,uhren,,,,Rado,1850,,,,,,1036,1,false,,,130063,R30039712,,,,,,,,,,,,,,,,,,,,,,,,,,,,,,,,,,,,,,,,,,,,,,,,,,,,,,,,,,,,,,,,,,,,,
ds-130063,MEDIA,,,,,,6673aa_dc3e05e275814002a48f4bbf6376d611~mv2.png,,,,,,,,,,,,,,,,,,,,,,,,,,,,,,,,,,,,,,,,,,,,,,,,,,,,,,,,,,,,,,,,,,,,,,,,,,,,,,,,,,,,,
ds-130063,MEDIA,,,,,,6673aa_210f2a4788974860bd40d6075aef3f34~mv2.png,,,,,,,,,,,,,,,,,,,,,,,,,,,,,,,,,,,,,,,,,,,,,,,,,,,,,,,,,,,,,,,,,,,,,,,,,,,,,,,,,,,,,
ds-130063,MEDIA,,,,,,6673aa_af9002e09e1246e2b0a16772d834d329~mv2.png,,,,,,,,,,,,,,,,,,,,,,,,,,,,,,,,,,,,,,,,,,,,,,,,,,,,,,,,,,,,,,,,,,,,,,,,,,,,,,,,,,,,,
ds-130063,MEDIA,,,,,,6673aa_2362797110c84d08a7d84f8db3a6c5b1~mv2.png,,,,,,,,,,,,,,,,,,,,,,,,,,,,,,,,,,,,,,,,,,,,,,,,,,,,,,,,,,,,,,,,,,,,,,,,,,,,,,,,,,,,,
ds-130063,MEDIA,,,,,,6673aa_a55d11ce05c24adc8ab61e02676f75cc~mv2.png,,,,,,,,,,,,,,,,,,,,,,,,,,,,,,,,,,,,,,,,,,,,,,,,,,,,,,,,,,,,,,,,,,,,,,,,,,,,,,,,,,,,,
ds-128742,PRODUCT,Thomas Sabo Charm Club Buchstaben D,false,"<p>gearbeitet in 925 Silber vergoldet, Oberfläche: poliert, mit weissen Zirkonia, Buchstaben D, Karabinerverschluss, 2 Jahre GarantieReferenz: 1967-414-14Verfügbar in der Bijouterie am Bogen in Bremgarten AG</p>",schmuck;beads-charms;thomas-sabo,,,,,Thomas Sabo,69,,,,,,28.75,1,false,,,128742,1967-414-14,,,,,,,,,,,,,,,,,,,,,,,,,,,,,,,,,,,,,,,,,,,,,,,,,,,,,,,,,,,,,,,,,,,,,
ds-128741,PRODUCT,Thomas Sabo Charm Club Buchstaben C,false,"<p>gearbeitet in 925 Silber vergoldet, Oberfläche: poliert, mit weissen Zirkonia, Buchstaben C, Karabinerverschluss, 2 Jahre GarantieReferenz: 1966-414-14Verfügbar in der Bijouterie am Bogen in Bremgarten AG</p>",schmuck;beads-charms;thomas-sabo,schmuck,,,,Thomas Sabo,69,,,,,,28.75,1,false,,,128741,1966-414-14,,,,,,,,,,,,,,,,,,,,,,,,,,,,,,,,,,,,,,,,,,,,,,,,,,,,,,,,,,,,,,,,,,,,,
ds-128740,PRODUCT,Thomas Sabo Charm Club Buchstaben B,false,"<p>gearbeitet in 925 Silber vergoldet, Oberfläche: poliert, mit weissen Zirkonia, Buchstaben B, Karabinerverschluss, 2 Jahre GarantieReferenz: 1965-414-14Verfügbar in der Bijouterie am Bogen in Bremgarten AG</p>",schmuck;beads-charms;thomas-sabo,schmuck,,,,Thomas Sabo,69,,,,,,28.75,1,false,,,128740,1965-414-14,,,,,,,,,,,,,,,,,,,,,,,,,,,,,,,,,,,,,,,,,,,,,,,,,,,,,,,,,,,,,,,,,,,,,
ds-129214,PRODUCT,Rado Centrix M Open Heart,true,"<p>Edelstahlgehäuse und Band PVD rosé mit Keramik Zwischenteilen braun, automatisches Uhrwerk mit 80h Gangreserve, Zifferblatt dunkelbraunes Perlmutt mit 12 Diamanten im Brillantschliff Top Wesselton vs-si 0.051ct und 86 Diamanten im Brillantschliff Top Wesselton vs-si 0.094ct, Saphirglas, Edelstahlverschluss, Durchmesser: 35mm, 5bar Wasserdicht, fünf Jahre GarantieReferenz: R30029942Verfügbar in der Bijouterie am Bogen in Bremgarten AG</p>",damenuhren;uhren;rado,uhren,,,,Rado,3500,,,,,,1960,1,false,,,129214,R30029942,,,,,,,,,,,,,,,,,,,,,,,,,,,,,,,,,,,,,,,,,,,,,,,,,,,,,,,,,,,,,,,,,,,,,
ds-129214,MEDIA,,,,,,6673aa_8305e266a98b4078a29a6af004916f59~mv2.png,,,,,,,,,,,,,,,,,,,,,,,,,,,,,,,,,,,,,,,,,,,,,,,,,,,,,,,,,,,,,,,,,,,,,,,,,,,,,,,,,,,,,
ds-129214,MEDIA,,,,,,6673aa_62c697b7b5894ce1a45370be793952a5~mv2.png,,,,,,,,,,,,,,,,,,,,,,,,,,,,,,,,,,,,,,,,,,,,,,,,,,,,,,,,,,,,,,,,,,,,,,,,,,,,,,,,,,,,,
ds-129214,MEDIA,,,,,,6673aa_a8a065579378493d8c51c76836278900~mv2.png,,,,,,,,,,,,,,,,,,,,,,,,,,,,,,,,,,,,,,,,,,,,,,,,,,,,,,,,,,,,,,,,,,,,,,,,,,,,,,,,,,,,,
ds-129214,MEDIA,,,,,,6673aa_c74ef7217c644dfa96f4585ac9ae81c1~mv2.png,,,,,,,,,,,,,,,,,,,,,,,,,,,,,,,,,,,,,,,,,,,,,,,,,,,,,,,,,,,,,,,,,,,,,,,,,,,,,,,,,,,,,
ds-128739,PRODUCT,Thomas Sabo Charm Club Buchstaben A,false,"<p>gearbeitet in 925 Silber vergoldet, Oberfläche: poliert, mit weissen Zirkonia, Buchstaben A, Karabinerverschluss, 2 Jahre GarantieReferenz: 1964-414-14Verfügbar in der Bijouterie am Bogen in Bremgarten AG</p>",schmuck;beads-charms;thomas-sabo,schmuck,,,,Thomas Sabo,69,,,,,,28.75,1,false,,,128739,1964-414-14,,,,,,,,,,,,,,,,,,,,,,,,,,,,,,,,,,,,,,,,,,,,,,,,,,,,,,,,,,,,,,,,,,,,,
ds-128920,PRODUCT,Rado Centrix,true,"<p>Gehäuse aus Edelstahl PVD rosé, Band aus Keramik weiss und Edelstahl PVD rosé, automatisches Werk mit 48h Gangreserve, Saphirglas, Zifferblatt Stern mit 12 Brillanten Top Wesselton vs-si 0.038ct, Durchmesser 30mm, Wasserdicht bis 5bar, fünf Jahre GarantieReferenz: R30019744Verfügbar in der Bijouterie Am Bogen in Bremgarten AG und in der Bijouterie Droz in Zofingen AG</p>",uhren;damenuhren;rado,uhren,,,,Rado,2550,,,,,,1428,2,false,,,128920,R30019744,,,,,,,,,,,,,,,,,,,,,,,,,,,,,,,,,,,,,,,,,,,,,,,,,,,,,,,,,,,,,,,,,,,,,
ds-128920,MEDIA,,,,,,6673aa_4308862b81b9494ba7bc4cdb8d817a93~mv2.png,,,,,,,,,,,,,,,,,,,,,,,,,,,,,,,,,,,,,,,,,,,,,,,,,,,,,,,,,,,,,,,,,,,,,,,,,,,,,,,,,,,,,
ds-128920,MEDIA,,,,,,6673aa_f30a0147303d4d60b88c798c7378003e~mv2.png,,,,,,,,,,,,,,,,,,,,,,,,,,,,,,,,,,,,,,,,,,,,,,,,,,,,,,,,,,,,,,,,,,,,,,,,,,,,,,,,,,,,,
ds-128920,MEDIA,,,,,,6673aa_a7aa1fe66bf441ee9a2aa442b96d9a8a~mv2.png,,,,,,,,,,,,,,,,,,,,,,,,,,,,,,,,,,,,,,,,,,,,,,,,,,,,,,,,,,,,,,,,,,,,,,,,,,,,,,,,,,,,,
ds-128920,MEDIA,,,,,,6673aa_ce5a5c6cc5dd4bd0a028271ca5004083~mv2.png,,,,,,,,,,,,,,,,,,,,,,,,,,,,,,,,,,,,,,,,,,,,,,,,,,,,,,,,,,,,,,,,,,,,,,,,,,,,,,,,,,,,,
ds-128920,MEDIA,,,,,,6673aa_617b1c1f85f247d2823d0aa1f52386f1~mv2.png,,,,,,,,,,,,,,,,,,,,,,,,,,,,,,,,,,,,,,,,,,,,,,,,,,,,,,,,,,,,,,,,,,,,,,,,,,,,,,,,,,,,,
ds-128643,PRODUCT,Rado Centrix M,true,"<p>Edelstahlgehäuse und Band PVD rosé mit Keramik Zwischenteilen braun, automatisches Uhrwerk mit 80h Gangreserve, Zifferblatt braun mit 12 Diamanten Top Wesselton vs-si 0.051ct und Datumsanzeige, Saphirglas, Edelstahlverschluss, Durchmesser: 35mm, 5bar Wasserdicht, fünf Jahre GarantieReferenz: R30037732Verfügbar in der Bijouterie am Bogen in Bremgarten AG</p>",uhren;rado;damenuhren,uhren,,,,Rado,2550,,,,,,1428,1,false,,,128643,R30037732,,,,,,,,,,,,,,,,,,,,,,,,,,,,,,,,,,,,,,,,,,,,,,,,,,,,,,,,,,,,,,,,,,,,,
ds-128643,MEDIA,,,,,,6673aa_8bf9a6cca7c443c7b7d74918b34bb37e~mv2.png,,,,,,,,,,,,,,,,,,,,,,,,,,,,,,,,,,,,,,,,,,,,,,,,,,,,,,,,,,,,,,,,,,,,,,,,,,,,,,,,,,,,,
ds-128643,MEDIA,,,,,,6673aa_571804fc06ba49e49307f6afafc0318e~mv2.png,,,,,,,,,,,,,,,,,,,,,,,,,,,,,,,,,,,,,,,,,,,,,,,,,,,,,,,,,,,,,,,,,,,,,,,,,,,,,,,,,,,,,
ds-128643,MEDIA,,,,,,6673aa_368d495eb0c54d35bd5ad7216cc6cdf2~mv2.png,,,,,,,,,,,,,,,,,,,,,,,,,,,,,,,,,,,,,,,,,,,,,,,,,,,,,,,,,,,,,,,,,,,,,,,,,,,,,,,,,,,,,
ds-128643,MEDIA,,,,,,6673aa_34686357a715494286a1ed19700c1452~mv2.png,,,,,,,,,,,,,,,,,,,,,,,,,,,,,,,,,,,,,,,,,,,,,,,,,,,,,,,,,,,,,,,,,,,,,,,,,,,,,,,,,,,,,
ds-128737,PRODUCT,Thomas Sabo Charm Club Bracelet,false,"<p>gearbeitet in 925 Sterlingsilber, Oberfläche: poliert, mit weissem Charmista Coin mit Kaltemail, Länge: 17cm, Karabinerverschluss, 2 Jahre GarantieReferenz: X2088-007-21-L17Verfügbar in der Bijouterie am Bogen in Bremgarten AG</p>",schmuck;bracelets;thomas-sabo,schmuck,,,,Thomas Sabo,42,,,,,,17.5,1,false,,,128737,X2088-007-21-L17,,,,,,,,,,,,,,,,,,,,,,,,,,,,,,,,,,,,,,,,,,,,,,,,,,,,,,,,,,,,,,,,,,,,,
ds-128538,PRODUCT,Rado Centrix,true,"<p>Edelstahlgehäuse und Band mit Keramik Zwischenteilen schwarz, Quarzwerk, Zifferblatt schwarz mit Index und Datumsanzeige, Saphirglas, Edelstahlverschluss, Durchmesser: 39.5mm, 5bar Wasserdicht, fünf Jahre GarantieReferenz: R30021152Verfügbar in der Bijouterie Am Bogen in Bremgarten AG und in der Bijouterie Droz in Zofingen AG</p>",uhren;rado;herrenuhren,uhren,,,,Rado,1500,,,,,,840,2,false,,,128538,R30021152,,,,,,,,,,,,,,,,,,,,,,,,,,,,,,,,,,,,,,,,,,,,,,,,,,,,,,,,,,,,,,,,,,,,,
ds-128538,MEDIA,,,,,,6673aa_d57d7c43c8bf46e1835e79af590cccb0~mv2.png,,,,,,,,,,,,,,,,,,,,,,,,,,,,,,,,,,,,,,,,,,,,,,,,,,,,,,,,,,,,,,,,,,,,,,,,,,,,,,,,,,,,,
ds-128538,MEDIA,,,,,,6673aa_ecc6173f6a33412dbe48561c54aceca5~mv2.png,,,,,,,,,,,,,,,,,,,,,,,,,,,,,,,,,,,,,,,,,,,,,,,,,,,,,,,,,,,,,,,,,,,,,,,,,,,,,,,,,,,,,
ds-128538,MEDIA,,,,,,6673aa_7df01b1758fa4363a81163e3cc573f47~mv2.png,,,,,,,,,,,,,,,,,,,,,,,,,,,,,,,,,,,,,,,,,,,,,,,,,,,,,,,,,,,,,,,,,,,,,,,,,,,,,,,,,,,,,
ds-128538,MEDIA,,,,,,6673aa_1a3790f8ae744b3c84c51552f1da3e89~mv2.png,,,,,,,,,,,,,,,,,,,,,,,,,,,,,,,,,,,,,,,,,,,,,,,,,,,,,,,,,,,,,,,,,,,,,,,,,,,,,,,,,,,,,
ds-128538,MEDIA,,,,,,6673aa_6d8438a3e3d841b58071969083461f4c~mv2.png,,,,,,,,,,,,,,,,,,,,,,,,,,,,,,,,,,,,,,,,,,,,,,,,,,,,,,,,,,,,,,,,,,,,,,,,,,,,,,,,,,,,,
ds-128413,PRODUCT,Rado Centrix M,true,"<p>Edelstahlgehäuse und Band PVD rosé mit Keramik Zwischenteilen Plasma, automatisches Uhrwerk mit 80h Gangreserve, Zifferblatt weiss mit 12 Diamanten Top Wesselton vs-si 0.051ct und Datumsanzeige, Saphirglas, Edelstahlverschluss, Durchmesser: 35mm, 5bar Wasserdicht, fünf Jahre GarantieReferenz: R30037742Verfügbar in der Bijouterie am Bogen in Bremgarten AG</p>",damenuhren;uhren;rado,uhren,,,,Rado,2550,,,,,,1428,1,false,,,128413,R30037742,,,,,,,,,,,,,,,,,,,,,,,,,,,,,,,,,,,,,,,,,,,,,,,,,,,,,,,,,,,,,,,,,,,,,
ds-128413,MEDIA,,,,,,6673aa_2f82df1d22634567a5faa1ce5f16ed85~mv2.png,,,,,,,,,,,,,,,,,,,,,,,,,,,,,,,,,,,,,,,,,,,,,,,,,,,,,,,,,,,,,,,,,,,,,,,,,,,,,,,,,,,,,
ds-128413,MEDIA,,,,,,6673aa_0198ff2542e4437997290810889b3186~mv2.png,,,,,,,,,,,,,,,,,,,,,,,,,,,,,,,,,,,,,,,,,,,,,,,,,,,,,,,,,,,,,,,,,,,,,,,,,,,,,,,,,,,,,
ds-128413,MEDIA,,,,,,6673aa_d26efc827d8b470589c6099b0da2328c~mv2.png,,,,,,,,,,,,,,,,,,,,,,,,,,,,,,,,,,,,,,,,,,,,,,,,,,,,,,,,,,,,,,,,,,,,,,,,,,,,,,,,,,,,,
ds-128413,MEDIA,,,,,,6673aa_d0a9a7b7229e4c71b410e81cb8d1447c~mv2.png,,,,,,,,,,,,,,,,,,,,,,,,,,,,,,,,,,,,,,,,,,,,,,,,,,,,,,,,,,,,,,,,,,,,,,,,,,,,,,,,,,,,,
ds-128735,PRODUCT,Thomas Sabo Charm Club Bracelet,false,"<p>gearbeitet in 925 Sterlingsilber, Oberfläche: poliert, mit weissem Charmista Coin mit Kaltemail, Länge: 17cm, Karabinerverschluss, 2 Jahre GarantieReferenz: X0287-007-21-L17Verfügbar in der Bijouterie am Bogen in Bremgarten AG</p>",schmuck;bracelets;thomas-sabo,schmuck,,,,Thomas Sabo,69,,,,,,27.3,1,false,,,128735,X0287-007-21-L17,,,,,,,,,,,,,,,,,,,,,,,,,,,,,,,,,,,,,,,,,,,,,,,,,,,,,,,,,,,,,,,,,,,,,
ds-128733,PRODUCT,Thomas Sabo Charm Club Bracelet,false,"<p>gearbeitet in 925 Sterlingsilber, Oberfläche: poliert, mit weissem Charmista Coin mit Kaltemail, Länge: 17cm, Karabinerverschluss, 2 Jahre GarantieReferenz: X0286-007-21-L17Verfügbar in der Bijouterie am Bogen in Bremgarten AG</p>",schmuck;bracelets;thomas-sabo,,,,,Thomas Sabo,55,,,,,,22.9,1,false,,,128733,X0286-007-21-L17,,,,,,,,,,,,,,,,,,,,,,,,,,,,,,,,,,,,,,,,,,,,,,,,,,,,,,,,,,,,,,,,,,,,,
ds-128100,PRODUCT,Rado Centrix S,true,"<p>Edelstahlgehäuse und Band PVD rosé mit Keramik Zwischenteilen braun, Quarzwerk, Zifferblatt braun mit 12 Diamanten Top Wesselton vs-si 0.038ct und Datumsanzeige, Saphirglas, Edelstahlverschluss, Durchmesser: 30.5mm, 5bar Wasserdicht, fünf Jahre GarantieReferenz: R30024732Verfügbar in der Bijouterie am Bogen in Bremgarten AG</p>",uhren;rado,uhren,,,,Rado,2150,,,,,,1204,1,false,,,128100,R30024732,,,,,,,,,,,,,,,,,,,,,,,,,,,,,,,,,,,,,,,,,,,,,,,,,,,,,,,,,,,,,,,,,,,,,
ds-128100,MEDIA,,,,,,6673aa_e95171d5e31548abae05f5234383d2fc~mv2.png,,,,,,,,,,,,,,,,,,,,,,,,,,,,,,,,,,,,,,,,,,,,,,,,,,,,,,,,,,,,,,,,,,,,,,,,,,,,,,,,,,,,,
ds-128100,MEDIA,,,,,,6673aa_05398f7938074774bb77778db74ab4e3~mv2.png,,,,,,,,,,,,,,,,,,,,,,,,,,,,,,,,,,,,,,,,,,,,,,,,,,,,,,,,,,,,,,,,,,,,,,,,,,,,,,,,,,,,,
ds-128100,MEDIA,,,,,,6673aa_aba50bea8444416d9c2147c634381de4~mv2.png,,,,,,,,,,,,,,,,,,,,,,,,,,,,,,,,,,,,,,,,,,,,,,,,,,,,,,,,,,,,,,,,,,,,,,,,,,,,,,,,,,,,,
ds-128100,MEDIA,,,,,,6673aa_3dc6309f02da4f92a41a1fd67018c324~mv2.png,,,,,,,,,,,,,,,,,,,,,,,,,,,,,,,,,,,,,,,,,,,,,,,,,,,,,,,,,,,,,,,,,,,,,,,,,,,,,,,,,,,,,
ds-128081,PRODUCT,Rado Centrix,true,"<p>Edelstahlgehäuse und Band mit Keramik Zwischenteilen schwarz, Quarzwerk, Zifferblatt schwarz mit vier Diamanten im Billantschliff Top Wesselton vs-si 0.04ct und Datumsanzeige, Saphirglas, Edelstahlverschluss, Durchmesser: 39.5mm, 5bar Wasserdicht, fünf Jahre GarantieReferenz: R30021712Verfügbar in der Bijouterie am Bogen in Bremgarten AG</p>",herrenuhren;uhren;rado,uhren,,,,Rado,1750,,,,,,980,1,false,,,128081,R30021712,,,,,,,,,,,,,,,,,,,,,,,,,,,,,,,,,,,,,,,,,,,,,,,,,,,,,,,,,,,,,,,,,,,,,
ds-128081,MEDIA,,,,,,6673aa_9e31bd4025ec40878ccad758204d000a~mv2.png,,,,,,,,,,,,,,,,,,,,,,,,,,,,,,,,,,,,,,,,,,,,,,,,,,,,,,,,,,,,,,,,,,,,,,,,,,,,,,,,,,,,,
ds-128081,MEDIA,,,,,,6673aa_a2382849932d45ccb7a6f494b56f814e~mv2.png,,,,,,,,,,,,,,,,,,,,,,,,,,,,,,,,,,,,,,,,,,,,,,,,,,,,,,,,,,,,,,,,,,,,,,,,,,,,,,,,,,,,,
ds-128081,MEDIA,,,,,,6673aa_fabc72096680428da6371eb6d56a1409~mv2.png,,,,,,,,,,,,,,,,,,,,,,,,,,,,,,,,,,,,,,,,,,,,,,,,,,,,,,,,,,,,,,,,,,,,,,,,,,,,,,,,,,,,,
ds-128081,MEDIA,,,,,,6673aa_b4f92f9f5a664d62ae5fb6b391af5564~mv2.png,,,,,,,,,,,,,,,,,,,,,,,,,,,,,,,,,,,,,,,,,,,,,,,,,,,,,,,,,,,,,,,,,,,,,,,,,,,,,,,,,,,,,
ds-127403,PRODUCT,Rado Centrix L,true,"<p>Edelstahlgehäuse und Band PVD rosé mit Keramik Zwischenteilen Plasma, automatisches Uhrwerk mit 80h Gangreserve, Zifferblatt silber mit Index und Datumsanzeige, Saphirglas, Edelstahlverschluss, Durchmesser: 39.5mm, 5bar Wasserdicht, fünf Jahre GarantieReferenz: R30017012Verfügbar in der Bijouterie am Bogen in Bremgarten AG</p>",uhren;rado;herrenuhren,uhren,,,,Rado,2000,,,,,,1120,1,false,,,127403,R30017012,,,,,,,,,,,,,,,,,,,,,,,,,,,,,,,,,,,,,,,,,,,,,,,,,,,,,,,,,,,,,,,,,,,,,
ds-127403,MEDIA,,,,,,6673aa_329eaf85ce78408db2534bbeace5f55c~mv2.png,,,,,,,,,,,,,,,,,,,,,,,,,,,,,,,,,,,,,,,,,,,,,,,,,,,,,,,,,,,,,,,,,,,,,,,,,,,,,,,,,,,,,
ds-127403,MEDIA,,,,,,6673aa_8a9cf7b918fb4767b4e1c0e5a6681306~mv2.png,,,,,,,,,,,,,,,,,,,,,,,,,,,,,,,,,,,,,,,,,,,,,,,,,,,,,,,,,,,,,,,,,,,,,,,,,,,,,,,,,,,,,
ds-127403,MEDIA,,,,,,6673aa_3f1a39b8aa2444068c0be6084703adac~mv2.png,,,,,,,,,,,,,,,,,,,,,,,,,,,,,,,,,,,,,,,,,,,,,,,,,,,,,,,,,,,,,,,,,,,,,,,,,,,,,,,,,,,,,
ds-127403,MEDIA,,,,,,6673aa_e71c7f3bbeed4a808f7c90d92eb224a0~mv2.png,,,,,,,,,,,,,,,,,,,,,,,,,,,,,,,,,,,,,,,,,,,,,,,,,,,,,,,,,,,,,,,,,,,,,,,,,,,,,,,,,,,,,
ds-127403,MEDIA,,,,,,6673aa_2cfc67f928de451ea05183e72ee934c2~mv2.png,,,,,,,,,,,,,,,,,,,,,,,,,,,,,,,,,,,,,,,,,,,,,,,,,,,,,,,,,,,,,,,,,,,,,,,,,,,,,,,,,,,,,
ds-128732,PRODUCT,Thomas Sabo Charm Club Armband,false,"<p>gearbeitet in 925 Sterlingsilber , mit Rosenquarz und Charmista Coin mit pinkem Kaltemail, Länge: 19cm verstellbar, Karabinerverschluss, 2 Jahre GarantieReferenz: A2130-067-9-L19VVerfügbar in der Bijouterie am Bogen in Bremgarten AG</p>",schmuck;bracelets;thomas-sabo,,,,,Thomas Sabo,65,,,,,,27.1,1,false,,,128732,A2130-067-9-L19V,,,,,,,,,,,,,,,,,,,,,,,,,,,,,,,,,,,,,,,,,,,,,,,,,,,,,,,,,,,,,,,,,,,,,
ds-128731,PRODUCT,Thomas Sabo Charm Club Armband,false,"<p>gearbeitet in 925 Sterlingsilber , mit Rosenquarz und Charmista Coin mit pinkem Kaltemail, Länge: 17cm verstellbar, Karabinerverschluss, 2 Jahre GarantieReferenz: A2130-067-9-L17VVerfügbar in der Bijouterie am Bogen in Bremgarten AG</p>",schmuck;bracelets;thomas-sabo,,,,,Thomas Sabo,65,,,,,,27.1,1,false,,,128731,A2130-067-9-L17V,,,,,,,,,,,,,,,,,,,,,,,,,,,,,,,,,,,,,,,,,,,,,,,,,,,,,,,,,,,,,,,,,,,,,
ds-128730,PRODUCT,Thomas Sabo Charm Club Armband,false,"<p>gearbeitet in 925 Sterlingsilber , mit weissen Süsswasser Zuchtperlen, mit Charmista Coin mit weissem Kaltemail, Länge: 19cm verstellbar, Karabinerverschluss, 2 Jahre GarantieReferenz: A2129-158-14-L19VVerfügbar in der Bijouterie am Bogen in Bremgarten AG</p>",schmuck;bracelets;thomas-sabo,schmuck,,,,Thomas Sabo,79,,,,,,31.25,2,false,,,128730,A2129-158-14-L19V,,,,,,,,,,,,,,,,,,,,,,,,,,,,,,,,,,,,,,,,,,,,,,,,,,,,,,,,,,,,,,,,,,,,,
ds-126989,PRODUCT,Thomas Sabo Charm Club Anhänger Tropfen,false,"<p>gearbeitet in 925 Sterlingsilber, mit einem Zirkonia gelb und Kaltemail gelb, Karabinerverschluss, 2 Jahre GarantieReferenz: 1919-496-8Verfügbar in der Bijouterie am Bogen in Bremgarten AG</p>",schmuck;beads-charms;thomas-sabo,schmuck,,,,Thomas Sabo,65,,,,,,27.1,1,false,,,126989,1919-496-8,,,,,,,,,,,,,,,,,,,,,,,,,,,,,,,,,,,,,,,,,,,,,,,,,,,,,,,,,,,,,,,,,,,,,
ds-131689,PRODUCT,Maurice Lacroix Aikonic,true,"<p>Edelstahlgehäuse mit einer blauen Keramik Lünette, Kautschukband blau und schwarz, Carbon Zifferblatt mit einer Datumsanzeige, automatisches Uhrwerk mit 60h Gangreserve, Saphirglas, Gehäusedurchmesser: 43mm, 10bar Wasserdicht, zwei Jahre GarantieReferenz: AC6008-SSL40-330-4Verfügbar in der Bijouterie am Bogen in Bremgarten AG</p>",uhren;herrenuhren;maurice-lacroix,uhren,,,,Maurice Lacroix,2950,,,,,,1475,1,false,,,131689,AC6008-SSL40-330-4,,,,,,,,,,,,,,,,,,,,,,,,,,,,,,,,,,,,,,,,,,,,,,,,,,,,,,,,,,,,,,,,,,,,,
ds-131689,MEDIA,,,,,,6673aa_61a48f8976174ffab4c663735f48017d~mv2.png,,,,,,,,,,,,,,,,,,,,,,,,,,,,,,,,,,,,,,,,,,,,,,,,,,,,,,,,,,,,,,,,,,,,,,,,,,,,,,,,,,,,,
ds-126986,PRODUCT,Thomas Sabo Charm Club Anhänger Blume,false,"<p>gearbeitet in 925 Sterlingsilber, mit einem Zirkonia blau und Kaltemail blau, Karabinerverschluss, 2 Jahre GarantieReferenz: 1916-496-1Verfügbar in der Bijouterie am Bogen in Bremgarten AG</p>",schmuck;beads-charms;thomas-sabo,schmuck,,,,Thomas Sabo,65,,,,,,27.1,1,false,,,126986,1916-496-1,,,,,,,,,,,,,,,,,,,,,,,,,,,,,,,,,,,,,,,,,,,,,,,,,,,,,,,,,,,,,,,,,,,,,
ds-123026,PRODUCT,Maurice Lacroix Fiaba Round Mondphase,true,"<p>Edelstahlgehäuse und -band, Gehäusedurchmesser: 32mm, dunkles Perlmuttzifferblatt mit 46 Diamanten, Mondphase, Quarzwerk, Saphirglas, 3bar Wasserdicht, zwei Jahre GarantieReferenz: FA1084-SS002-370-1Verfügbar in der Bijouterie am Bogen in Bremgarten AG</p>",uhren;damenuhren;maurice-lacroix,uhren,,,,Maurice Lacroix,1500,,,,,,685,1,false,,,123026,FA1084-SS002-370-1,,,,,,,,,,,,,,,,,,,,,,,,,,,,,,,,,,,,,,,,,,,,,,,,,,,,,,,,,,,,,,,,,,,,,
ds-123026,MEDIA,,,,,,6673aa_d0e0566e12c2473b8f47a6eaade10d4f~mv2.png,,,,,,,,,,,,,,,,,,,,,,,,,,,,,,,,,,,,,,,,,,,,,,,,,,,,,,,,,,,,,,,,,,,,,,,,,,,,,,,,,,,,,
ds-123026,MEDIA,,,,,,6673aa_ac0a9ea630ba4c749130543a31c69bb1~mv2.jpg,,,,,,,,,,,,,,,,,,,,,,,,,,,,,,,,,,,,,,,,,,,,,,,,,,,,,,,,,,,,,,,,,,,,,,,,,,,,,,,,,,,,,
ds-125191,PRODUCT,Thomas Sabo Charm Club Einzelner Ohrstecker,false,"<p>gearbeitet in 925 Sterlingsilber gelbvergoldet, Seepferdchen, mit einem weissen Zirkonia, 2 Jahre GarantieReferenz: H2236-414-14Verfügbar in der Bijouterie am Bogen in Bremgarten AG</p>",schmuck;ohrschmuck;thomas-sabo,,,,,Thomas Sabo,39,,,,,,16.25,2,false,,,125191,H2236-414-14,,,,,,,,,,,,,,,,,,,,,,,,,,,,,,,,,,,,,,,,,,,,,,,,,,,,,,,,,,,,,,,,,,,,,
ds-133652,PRODUCT,Maurice Lacroix Pontos Solar,true,"<p>Gehäuse und Band aus Edelstahl, Oberfläche: mattiert / poliert, Uhrwerk: Solar, Zifferblatt schwarz, Chronograph mit Datumsanzeige, Saphirglas, Durchmesser: 42mm, Wasserdicht bis 20bar, zwei Jahre GarantieReferenz: PT1038-SSL42-430-1Verfügbar in der Bijouterie am Bogen in Bremgarten AG</p>",uhren;herrenuhren;maurice-lacroix,uhren,,,,Maurice Lacroix,1350,,,,,,675,1,false,,,133652,PT1038-SSL42-430-1,,,,,,,,,,,,,,,,,,,,,,,,,,,,,,,,,,,,,,,,,,,,,,,,,,,,,,,,,,,,,,,,,,,,,
ds-133652,MEDIA,,,,,,6673aa_347e604eed9b46369c61942341a5942c~mv2.png,,,,,,,,,,,,,,,,,,,,,,,,,,,,,,,,,,,,,,,,,,,,,,,,,,,,,,,,,,,,,,,,,,,,,,,,,,,,,,,,,,,,,
ds-133603,PRODUCT,Maurice Lacroix Pontos Solar,true,"<p>Gehäuse aus Edelstahl, Oberfläche: mattiert, Kautschukband schwarz, Uhrwerk: Solar, Zifferblatt schwarz mit Datumsanzeige, Saphirglas, Keramiklünette schwarz, Durchmesser: 42mm, Wasserdicht bis 20bar, zwei Jahre GarantieReferenz: PT1008-SSL20-330-2Verfügbar in der Bijouterie am Bogen in Bremgarten AG</p>",uhren;herrenuhren;maurice-lacroix,uhren,,,,Maurice Lacroix,990,,,,,,495,1,false,,,133603,PT1008-SSL20-330-2,,,,,,,,,,,,,,,,,,,,,,,,,,,,,,,,,,,,,,,,,,,,,,,,,,,,,,,,,,,,,,,,,,,,,
ds-133603,MEDIA,,,,,,6673aa_18e2c6922b1049399e7622af77ffebb4~mv2.png,,,,,,,,,,,,,,,,,,,,,,,,,,,,,,,,,,,,,,,,,,,,,,,,,,,,,,,,,,,,,,,,,,,,,,,,,,,,,,,,,,,,,
ds-128219,PRODUCT,Maurice Lacroix Pontos,true,"<p>Gehäuse aus Edelstahl mit Kalbslederband schwarz, Faltschliesse, automatisches Werk, Chrono, Saphirglas, Zifferblatt anthrazit mit rosé Zahlen und Zeiger, Durchmesser 42.5mm, Wasserdicht bis 10bar, zwei Jahre GarantieReferenz: PT6388-SS001-321-2Verfügbar in der Bijouterie am Bogen in Bremgarten AG</p>",uhren;herrenuhren;maurice-lacroix,,,,,Maurice Lacroix,2950,,,,,,1475,1,false,,,128219,PT6388-SS001-321-2,,,,,,,,,,,,,,,,,,,,,,,,,,,,,,,,,,,,,,,,,,,,,,,,,,,,,,,,,,,,,,,,,,,,,
ds-128219,MEDIA,,,,,,6673aa_fa7426ee7a1b487a8cae88441b306ad7~mv2.png,,,,,,,,,,,,,,,,,,,,,,,,,,,,,,,,,,,,,,,,,,,,,,,,,,,,,,,,,,,,,,,,,,,,,,,,,,,,,,,,,,,,,
ds-126523,PRODUCT,Maurice Lacroix Pontos,true,"<p>Gehäuse und Band aus Edelstahl mit zusätzlich Leder/Stoffband blau inkl. Faltschliesse, automatisches Werk, Zifferblatt dunkelblau mit Tages und Datumsanzeige, Chronograph, Saphirglas, Keramiklünette, Durchmesser 43mm, Wasserdicht bis 10bar, zwei Jahre GarantieReferenz: PT6038-SSL2H-430-CVerfügbar in der Bijouterie am Bogen in Bremgarten AG</p>",uhren;herrenuhren;maurice-lacroix,uhren,,,,Maurice Lacroix,3550,,,,,,1775,1,false,,,126523,PT6038-SSL2H-430-C,,,,,,,,,,,,,,,,,,,,,,,,,,,,,,,,,,,,,,,,,,,,,,,,,,,,,,,,,,,,,,,,,,,,,
ds-126523,MEDIA,,,,,,6673aa_44b8e621a79a4ea0b0dab6ef2d59a38c~mv2.png,,,,,,,,,,,,,,,,,,,,,,,,,,,,,,,,,,,,,,,,,,,,,,,,,,,,,,,,,,,,,,,,,,,,,,,,,,,,,,,,,,,,,
ds-119111,PRODUCT,Thomas Sabo Sterling Silver Kronen Ring,false,"<p>gearbeitet in 925 Sterlingsilber, mit weissen Zirkonia, Grösse: 52, zwei Jahre GarantieReferenz: TR2235-051-14-52Verfügbar in der Bijouterie am Bogen in Bremgarten AG</p>",schmuck;ringe;thomas-sabo,,,,,Thomas Sabo,129,,,,,,53.75,1,false,,,119111,TR2235-051-14-52,,,,,,,,,,,,,,,,,,,,,,,,,,,,,,,,,,,,,,,,,,,,,,,,,,,,,,,,,,,,,,,,,,,,,
ds-119103,PRODUCT,Thomas Sabo Sterling Silver Collier Kompass Glaube Liebe Hoffnung,false,"<p>925 Silber, Kugelcollier, Länge: 40/42.5/45cm, KarabinerReferenz: KE1849-051-14-L45vVerfügbar in der Bijouterie am Bogen in Bremgarten AG</p>",schmuck;colliers;thomas-sabo,schmuck,,,,Thomas Sabo,129,,,,,,52.15,1,false,,,119103,KE1849-051-14-L45v,,,,,,,,,,,,,,,,,,,,,,,,,,,,,,,,,,,,,,,,,,,,,,,,,,,,,,,,,,,,,,,,,,,,,
ds-119068,PRODUCT,Thomas Sabo Sterling Silver Armband Libelle,false,"<p>925 Silber gelbvergoldet, Ankerkette, Glas-Keramik Stein, synthetischer Korund und Spinell, Kaltemail, Zirkonia, Verschluss: Karabiner, Länge: 16-19cm, zwei Jahre GarantieReferenz: A1839-315-7-L19vVerfügbar in der Bijouterie am Bogen in Bremgarten AG</p>",schmuck;bracelets;thomas-sabo,,,,,Thomas Sabo,255,,,,,,103.05,1,false,,,119068,A1839-315-7-L19v,,,,,,,,,,,,,,,,,,,,,,,,,,,,,,,,,,,,,,,,,,,,,,,,,,,,,,,,,,,,,,,,,,,,,
ds-119067,PRODUCT,Thomas Sabo Sterling Silver Armband Libelle,false,"<p>925 Silber, Ankerkette, Glas-Keramik Stein, synthetischer Korund und Spinell, Kaltemail, Zirkonia, Verschluss: Karabiner, Länge: 16-19cm, zwei Jahre GarantieReferenz: A1839-314-7-L19vVerfügbar in der Bijouterie am Bogen in Bremgarten AG</p>",schmuck;bracelets;thomas-sabo,schmuck,,,,Thomas Sabo,195,,,,,,78.8,1,false,,,119067,A1839-314-7-L19v,,,,,,,,,,,,,,,,,,,,,,,,,,,,,,,,,,,,,,,,,,,,,,,,,,,,,,,,,,,,,,,,,,,,,
ds-118142,PRODUCT,Thomas Sabo Sterling Silver Kronen Ring,false,"<p>gearbeitet in 925 Sterlingsilber, mit weissen Zirkonia, Grösse: 54, zwei Jahre GarantieReferenz: TR2224-643-14-54Verfügbar in der Bijouterie am Bogen in Bremgarten AG</p>",schmuck;ringe;thomas-sabo,,,,,Thomas Sabo,255,,,,,,106.25,1,false,,,118142,TR2224-643-14-54,,,,,,,,,,,,,,,,,,,,,,,,,,,,,,,,,,,,,,,,,,,,,,,,,,,,,,,,,,,,,,,,,,,,,
ds-118130,PRODUCT,Thomas Sabo Sterling Silver Venezianerkette geschwärzt 80cm,false,"<p>925 Silber geschwärzt, Venezianer rund, Länge: 80cmReferenz: KE1106-637-12-L80Verfügbar in der Bijouterie am Bogen in Bremgarten AG</p>",schmuck;colliers;thomas-sabo,schmuck,,,,Thomas Sabo,75,,,,,,27.1,1,false,,,118130,KE1106-637-12-L80,,,,,,,,,,,,,,,,,,,,,,,,,,,,,,,,,,,,,,,,,,,,,,,,,,,,,,,,,,,,,,,,,,,,,
ds-118121,PRODUCT,Thomas Sabo Sterling Silver D Ring 925 geschwärzt,false,"<p>925 Silber geschwärzt, Diamanten, Grösse: 54, zwei Jahre GarantieReferenz: D_TR0040-356-14-54Verfügbar in der Bijouterie am Bogen in Bremgarten AG</p>",schmuck;ringe;thomas-sabo,schmuck,,,,Thomas Sabo,195,,,,,,81.25,1,false,,,118121,D_TR0040-356-14-54,,,,,,,,,,,,,,,,,,,,,,,,,,,,,,,,,,,,,,,,,,,,,,,,,,,,,,,,,,,,,,,,,,,,,
ds-118110,PRODUCT,Thomas Sabo Sterling Silver Armband 925 Silber,false,"<p>925 Silber, weisse Zirkonia, Länge: 16-19cmReferenz: A1818-001-21-L19vVerfügbar in der Bijouterie am Bogen in Bremgarten AG</p>",schmuck;bracelets;thomas-sabo,schmuck,,,,Thomas Sabo,309,,,,,,128.75,1,false,,,118110,A1818-001-21-L19v,,,,,,,,,,,,,,,,,,,,,,,,,,,,,,,,,,,,,,,,,,,,,,,,,,,,,,,,,,,,,,,,,,,,,
ds-117381,PRODUCT,Thomas Sabo Sterling Silver D Ring 925 Silber rosé,false,<p>925 Silber rosévergoldetReferenz: TR2046-415-12Verfügbar in der Bijouterie am Bogen in Bremgarten AG</p>,schmuck;ringe;thomas-sabo,schmuck,,,,Thomas Sabo,115,,,,,,47.9,1,false,,,117381,TR2046-415-12,,,,,,,,,,,,,,,,,,,,,,,,,,,,,,,,,,,,,,,,,,,,,,,,,,,,,,,,,,,,,,,,,,,,,
ds-117192,PRODUCT,Thomas Sabo Sterling Silver Venezianerkette 925,false,"<p>925 Silber oxidiert, Länge: 80cm, Verschluss: KarabinerReferenz: KE1108-001-12-L80Verfügbar in der Bijouterie am Bogen in Bremgarten AG</p>",schmuck;colliers;thomas-sabo,schmuck,,,,Thomas Sabo,155,,,,,,53.75,1,false,,,117192,KE1108-001-12-L80,,,,,,,,,,,,,,,,,,,,,,,,,,,,,,,,,,,,,,,,,,,,,,,,,,,,,,,,,,,,,,,,,,,,,
ds-117090,PRODUCT,Thomas Sabo Sterling Silver Ohrstecker Halbkreis,false,<p>925 Silber weisse Zirkonia zwei Jahre GarantieReferenz: H1997-051-14Verfügbar in der Bijouterie am Bogen in Bremgarten AG</p>,schmuck;ohrschmuck;thomas-sabo,schmuck,,,,Thomas Sabo,219,,,,,,91.25,1,false,,,117090,H1997-051-14,,,,,,,,,,,,,,,,,,,,,,,,,,,,,,,,,,,,,,,,,,,,,,,,,,,,,,,,,,,,,,,,,,,,,
ds-132078,PRODUCT,Thomas Sabo Charm Club Anhänger,false,"<p>gearbeitet in 925 Silber, Oberfläche: poliert, Herz, zwei Jahre GarantieReferenz: CC1274-001-21Verfügbar in der Bijouterie am Bogen in Bremgarten AG</p>",schmuck;anhaenger;thomas-sabo,schmuck,,,,Thomas Sabo,65,,,,,,25,1,false,,,132078,CC1274-001-21,,,,,,,,,,,,,,,,,,,,,,,,,,,,,,,,,,,,,,,,,,,,,,,,,,,,,,,,,,,,,,,,,,,,,
ds-116153,PRODUCT,Thomas Sabo Sterling Silver Ohrstecker Kreuze klein,false,<p>925 Silber rosévergoldet mit weissen ZirkoniaReferenz: H1951-416-14Verfügbar in der Bijouterie am Bogen in Bremgarten AG</p>,schmuck;ohrschmuck;thomas-sabo,schmuck,,,,Thomas Sabo,65,,,,,,27.1,1,false,,,116153,H1951-416-14,,,,,,,,,,,,,,,,,,,,,,,,,,,,,,,,,,,,,,,,,,,,,,,,,,,,,,,,,,,,,,,,,,,,,
ds-116147,PRODUCT,Thomas Sabo Sterling Silver Ohrstecker Herzen klein,false,<p>925 Silber rosévergoldet mit synthetischem Korund rotReferenz: H1944-540-10Verfügbar in der Bijouterie am Bogen in Bremgarten AG</p>,schmuck;ohrschmuck;thomas-sabo,schmuck,,,,Thomas Sabo,129,,,,,,53.75,1,false,,,116147,H1944-540-10,,,,,,,,,,,,,,,,,,,,,,,,,,,,,,,,,,,,,,,,,,,,,,,,,,,,,,,,,,,,,,,,,,,,,
ds-115244,PRODUCT,Thomas Sabo Sterling Silver Collier Lotos Blüte Ornamentik,false,"<p>925 Silber mit Diamanten, Länge: 45cm, Verschluss: Karabiner, zwei Jahre GarantieReferenz: D_KE0016-725-21-L45vVerfügbar in der Bijouterie am Bogen in Bremgarten AG</p>",schmuck;colliers;thomas-sabo,schmuck,,,,Thomas Sabo,129,,,,,,53.2,1,false,,,115244,D_KE0016-725-21-L45v,,,,,,,,,,,,,,,,,,,,,,,,,,,,,,,,,,,,,,,,,,,,,,,,,,,,,,,,,,,,,,,,,,,,,
ds-115237,PRODUCT,Thomas Sabo Sterling Silver Ohrstecker Diamond gelb,false,"<p>925 Silber gelbvergoldet mit Diamanten, zwei Jahre GarantieReferenz: D_H0007-924-39Verfügbar in der Bijouterie am Bogen in Bremgarten AG</p>",schmuck;ohrschmuck;thomas-sabo,,,,,Thomas Sabo,195,,,,,,80.45,1,false,,,115237,D_H0007-924-39,,,,,,,,,,,,,,,,,,,,,,,,,,,,,,,,,,,,,,,,,,,,,,,,,,,,,,,,,,,,,,,,,,,,,
ds-114285,PRODUCT,Thomas Sabo Sterling Silver Kordel Collier 925 Silber,false,"<p>925 Silber, Kordel Collier, Länge: 50cm, KarabinerReferenz: KE1348-001-12-L50Verfügbar in der Bijouterie am Bogen in Bremgarten AG</p>",schmuck;colliers;thomas-sabo,schmuck,,,,Thomas Sabo,65,,,,,,24.35,1,false,,,114285,KE1348-001-12-L50,,,,,,,,,,,,,,,,,,,,,,,,,,,,,,,,,,,,,,,,,,,,,,,,,,,,,,,,,,,,,,,,,,,,,
ds-114284,PRODUCT,Thomas Sabo Sterling Silver Venezianer Kette geschwärzt,false,"<p>925 Silber geschwärzt, Venezianer rund, Länge: 90cmReferenz: KE1106-637-12-L90Verfügbar in der Bijouterie am Bogen in Bremgarten AG</p>",schmuck;colliers;thomas-sabo,schmuck,,,,Thomas Sabo,79,,,,,,26.8,1,false,,,114284,KE1106-637-12-L90,,,,,,,,,,,,,,,,,,,,,,,,,,,,,,,,,,,,,,,,,,,,,,,,,,,,,,,,,,,,,,,,,,,,,
ds-114264,PRODUCT,Thomas Sabo Sterling Silver Anhänger 925 Silber rosé,false,<p>925 Silber rosévergoldetReferenz: LBPE0001-415-12Verfügbar in der Bijouterie am Bogen in Bremgarten AG</p>,schmuck;anhaenger;thomas-sabo,schmuck,,,,Thomas Sabo,65,,,,,,26.8,1,false,,,114264,LBPE0001-415-12,,,,,,,,,,,,,,,,,,,,,,,,,,,,,,,,,,,,,,,,,,,,,,,,,,,,,,,,,,,,,,,,,,,,,
ds-114263,PRODUCT,Thomas Sabo Sterling Silver Bracelet 925,true,"<p>gearbeitet in 925 Silber rosévergoldet, Venezianerkette, Verschluss: Karabiner, Länge: 19.5cm, zwei Jahre Garantie</p><p>Referenz: A1561-415-12-L19,5v</p><p>Verfügbar in der Bijouterie am Bogen in Bremgarten AG</p>",schmuck;bracelets;sale;thomas-sabo,schmuck,,,,Thomas Sabo,39.5,79,,,,,32.6,2,false,,,114263,"A1561-415-12-L19,5v",,,,,,,,,,,,,,,,,,,,,,,,,,,,,,,,,,,,,,,,,,,,,,,,,,,,,,,,,,,,,,,,,,,,,
ds-114263,MEDIA,,,,,,6673aa_5f8f91731499492992df6aa4a7a15109~mv2.png,,,,,,,,,,,,,,,,,,,,,,,,,,,,,,,,,,,,,,,,,,,,,,,,,,,,,,,,,,,,,,,,,,,,,,,,,,,,,,,,,,,,,
ds-111943,PRODUCT,Thomas Sabo Sterling Silver Erbskette,false,"<p>gearbeitet in 925 Sterlingsilber, Erbskette, Länge: 42cm, KarabinerReferenz: X0001-001-12-L42vVerfügbar in der Bijouterie am Bogen in Bremgarten AG</p>",schmuck;colliers;thomas-sabo,schmuck,,,,Thomas Sabo,45,,,,,,16.25,1,false,,,111943,X0001-001-12-L42v,,,,,,,,,,,,,,,,,,,,,,,,,,,,,,,,,,,,,,,,,,,,,,,,,,,,,,,,,,,,,,,,,,,,,
ds-111943,MEDIA,,,,,,6673aa_98eb618dd066465c94831f23003f765b~mv2.png,,,,,,,,,,,,,,,,,,,,,,,,,,,,,,,,,,,,,,,,,,,,,,,,,,,,,,,,,,,,,,,,,,,,,,,,,,,,,,,,,,,,,
ds-131219,PRODUCT,Maurice Lacroix Fiaba,true,"<p>Edelstahlgehäuse und -band PVD gelb, Gehäusedurchmesser: 24x27.5mm, Zifferblatt Silber mit römische Ziffern, Quarzwerk, Saphirglas, 5bar Wasserdicht, zwei Jahre GarantieReferenz: FA1205-PVY02-110-1Verfügbar in der Bijouterie am Bogen in Bremgarten AG</p>",uhren;damenuhren;maurice-lacroix,uhren,,,,Maurice Lacroix,1200,,,,,,600,1,false,,,131219,FA1205-PVY02-110-1,,,,,,,,,,,,,,,,,,,,,,,,,,,,,,,,,,,,,,,,,,,,,,,,,,,,,,,,,,,,,,,,,,,,,
ds-131219,MEDIA,,,,,,6673aa_3717df04999f45409014c162886196b0~mv2.jpg,,,,,,,,,,,,,,,,,,,,,,,,,,,,,,,,,,,,,,,,,,,,,,,,,,,,,,,,,,,,,,,,,,,,,,,,,,,,,,,,,,,,,
ds-131220,PRODUCT,Maurice Lacroix Fiaba,true,"<p>Edelstahlgehäuse und -band, Gehäusedurchmesser: 24x27.5mm, Zifferblatt Silber mit römische Ziffern, Quarzwerk, Saphirglas, 5bar Wasserdicht, zwei Jahre GarantieReferenz: FA1205-SS002-110-1Verfügbar in der Bijouterie am Bogen in Bremgarten AG</p>",uhren;damenuhren;maurice-lacroix,uhren,,,,Maurice Lacroix,900,,,,,,450,1,false,,,131220,FA1205-SS002-110-1,,,,,,,,,,,,,,,,,,,,,,,,,,,,,,,,,,,,,,,,,,,,,,,,,,,,,,,,,,,,,,,,,,,,,
ds-131220,MEDIA,,,,,,6673aa_a79d88adb90745059c007ed0bf212078~mv2.jpg,,,,,,,,,,,,,,,,,,,,,,,,,,,,,,,,,,,,,,,,,,,,,,,,,,,,,,,,,,,,,,,,,,,,,,,,,,,,,,,,,,,,,
ds-125194,PRODUCT,Thomas Sabo Charm Club Collier,true,"<p>gearbeitet in 925 Sterlingsilber gelbvergoldet, mit fünf Anhängern: drei unterschiedliche Muscheln und zwei Zirkonia-Anhänger, Karabinerverschluss, Länge: 40 bis 45cm, 2 Jahre GarantieReferenz: KE2158-414-14Verfügbar in der Bijouterie am Bogen in Bremgarten AG</p>",schmuck;colliers;sale;thomas-sabo,schmuck,,,,Thomas Sabo,129.5,229,,,,,95.4,1,false,,,125194,KE2158-414-14,,,,,,,,,,,,,,,,,,,,,,,,,,,,,,,,,,,,,,,,,,,,,,,,,,,,,,,,,,,,,,,,,,,,,
ds-125194,MEDIA,,,,,,6673aa_40642dbae6a047f081ce85cccd346e85~mv2.png,,,,,,,,,,,,,,,,,,,,,,,,,,,,,,,,,,,,,,,,,,,,,,,,,,,,,,,,,,,,,,,,,,,,,,,,,,,,,,,,,,,,,
ds-125197,PRODUCT,Thomas Sabo Charm Club Damenring,true,"<p>gearbeitet in 925 Sterlingsilber gelbvergoldet, Kordeloptik, mittig mit einem filigranen Jakobsmuschel-Motiv verziert und weissen Zirkonia, Grösse: 54, 2 Jahre GarantieReferenz: TR2400-414-14-54Verfügbar in der Bijouterie am Bogen in Bremgarten AG</p>",sale;schmuck;ringe;thomas-sabo,schmuck,,,,Thomas Sabo,39.5,79,,,,,32.9,1,false,,,125197,TR2400-414-14-54,,,,,,,,,,,,,,,,,,,,,,,,,,,,,,,,,,,,,,,,,,,,,,,,,,,,,,,,,,,,,,,,,,,,,
ds-125197,MEDIA,,,,,,6673aa_4f56bb02ab334668b8fe571610728068~mv2.png,,,,,,,,,,,,,,,,,,,,,,,,,,,,,,,,,,,,,,,,,,,,,,,,,,,,,,,,,,,,,,,,,,,,,,,,,,,,,,,,,,,,,
ds-126984,PRODUCT,Thomas Sabo Charm Club Anhänger Flugzeug,false,"<p>gearbeitet in 925 Sterlingsilber, Zirkonia orange, synthetischer Korund rot, Glas-Keramik Stein, Flugzeug, Karabinerverschluss, 2 Jahre GarantieReferenz: 1914-342-7Verfügbar in der Bijouterie am Bogen in Bremgarten AG</p>",schmuck;beads-charms;thomas-sabo,schmuck,,,,Thomas Sabo,89,,,,,,37.1,1,false,,,126984,1914-342-7,,,,,,,,,,,,,,,,,,,,,,,,,,,,,,,,,,,,,,,,,,,,,,,,,,,,,,,,,,,,,,,,,,,,,
ds-126984,MEDIA,,,,,,6673aa_a858c05f2fec4c18b008cd8b5f499228~mv2.jpg,,,,,,,,,,,,,,,,,,,,,,,,,,,,,,,,,,,,,,,,,,,,,,,,,,,,,,,,,,,,,,,,,,,,,,,,,,,,,,,,,,,,,
ds-126982,PRODUCT,Thomas Sabo Charm Club Onyxcollier,false,"<p>gearbeitet in 925 Sterlingsilber, mit Onyx, Zwischenelement für Charms, Länge: 40 bis 45cm verstellbar, Karabinerverschluss, 2 Jahre GarantieReferenz: KE2188-130-11-L45VVerfügbar in der Bijouterie am Bogen in Bremgarten AG</p>",schmuck;colliers;thomas-sabo,schmuck,,,,Thomas Sabo,169,,,,,,70.4,1,false,,,126982,KE2188-130-11-L45V,,,,,,,,,,,,,,,,,,,,,,,,,,,,,,,,,,,,,,,,,,,,,,,,,,,,,,,,,,,,,,,,,,,,,
ds-126982,MEDIA,,,,,,6673aa_d8b4ca8b773e4f0aa58fdfab01eab963~mv2.png,,,,,,,,,,,,,,,,,,,,,,,,,,,,,,,,,,,,,,,,,,,,,,,,,,,,,,,,,,,,,,,,,,,,,,,,,,,,,,,,,,,,,
ds-132587,PRODUCT,Maurice Lacroix 1975,true,"<p>Gehäuse und Band aus Edelstahl, Oberfläche: poliert/matt, Quarzwerk, Saphirglas, Zifferblatt Perlmutt mit 12 Diamanten im Brillantschliff 0.08ct und Datumsanzeige, 60 Diamanten im Brillantschliff 0.67ct auf der Lünette, Durchmesser 33mm, Wasserdicht bis 10bar, zwei Jahre GarantieReferenz: 751006-SD502-170-1Verfügbar in der Bijouterie Am Bogen in Bremgarten AG und in der Bijouterie Droz in Zofingen AG</p>",uhren;damenuhren;maurice-lacroix,uhren,,,,Maurice Lacroix,2950,,,,,,1475,2,false,,,132587,751006-SD502-170-1,,,,,,,,,,,,,,,,,,,,,,,,,,,,,,,,,,,,,,,,,,,,,,,,,,,,,,,,,,,,,,,,,,,,,
ds-132587,MEDIA,,,,,,6673aa_dedce8e08b084b8e9d99edf461999efc~mv2.jpg,,,,,,,,,,,,,,,,,,,,,,,,,,,,,,,,,,,,,,,,,,,,,,,,,,,,,,,,,,,,,,,,,,,,,,,,,,,,,,,,,,,,,
ds-126981,PRODUCT,Thomas Sabo Charm Club Rosenquarzcollier,false,"<p>gearbeitet in 925 Sterlingsilber, mit Rosenquarz, Zwischenelement für Charms, Länge: 40 bis 45cm verstellbar, Karabinerverschluss, 2 Jahre GarantieReferenz: KE2188-034-9-L45VVerfügbar in der Bijouterie am Bogen in Bremgarten AG</p>",schmuck;colliers;thomas-sabo,schmuck,,,,Thomas Sabo,169,,,,,,70.4,1,false,,,126981,KE2188-034-9-L45V,,,,,,,,,,,,,,,,,,,,,,,,,,,,,,,,,,,,,,,,,,,,,,,,,,,,,,,,,,,,,,,,,,,,,
ds-126981,MEDIA,,,,,,6673aa_e4f4053604ee42628c4e212cfaee79e8~mv2.png,,,,,,,,,,,,,,,,,,,,,,,,,,,,,,,,,,,,,,,,,,,,,,,,,,,,,,,,,,,,,,,,,,,,,,,,,,,,,,,,,,,,,
ds-126980,PRODUCT,Thomas Sabo Charm Club Perlcollier,false,"<p>gearbeitet in 925 Sterlingsilber, mit weißen Süßwasser Zuchtperlen, Zwischenelement für Charms, Länge: 40 bis 45cm, Karabinerverschluss, 2 Jahre GarantieReferenz: KE2187-167-14-L45VVerfügbar in der Bijouterie am Bogen in Bremgarten AG</p>",schmuck;colliers;thomas-sabo,,,,,Thomas Sabo,219,,,,,,91.25,1,false,,,126980,KE2187-167-14-L45V,,,,,,,,,,,,,,,,,,,,,,,,,,,,,,,,,,,,,,,,,,,,,,,,,,,,,,,,,,,,,,,,,,,,,
ds-126980,MEDIA,,,,,,6673aa_e5c12bbbf7964e67847e275c9a7a65cd~mv2.png,,,,,,,,,,,,,,,,,,,,,,,,,,,,,,,,,,,,,,,,,,,,,,,,,,,,,,,,,,,,,,,,,,,,,,,,,,,,,,,,,,,,,
ds-132119,PRODUCT,Maurice Lacroix 1975 Chrono,true,"<p>Gehäuse und Band aus Edelstahl, Quarzwerk Chrono, Saphirglas, Zifferblatt schwarz mit Datumsanzeige und Index, Durchmesser 40mm, Wasserdicht bis 10bar, 2 Jahre GarnanieReferenz: 751038-SS002-330-1Verfügbar in der Bijouterie Am Bogen in Bremgarten AG und in der Bijouterie Droz in Zofingen AG</p>",uhren;herrenuhren;maurice-lacroix,uhren,,,,Maurice Lacroix,950,,,,,,475,2,false,,,132119,751038-SS002-330-1,,,,,,,,,,,,,,,,,,,,,,,,,,,,,,,,,,,,,,,,,,,,,,,,,,,,,,,,,,,,,,,,,,,,,
ds-132119,MEDIA,,,,,,6673aa_f93e3b2440004e609724ab6d42619476~mv2.png,,,,,,,,,,,,,,,,,,,,,,,,,,,,,,,,,,,,,,,,,,,,,,,,,,,,,,,,,,,,,,,,,,,,,,,,,,,,,,,,,,,,,
ds-126977,PRODUCT,Thomas Sabo Charm Club Armband,true,"<p>gearbeitet in 925 Sterlingsilber, mit Rosenquarz, Länge: 16 - 19cm verstellbar, Karabinerverschluss, 2 Jahre GarantieReferenz: A2098-034-9-L17Verfügbar in der Bijouterie am Bogen in Bremgarten AG</p>",schmuck;bracelets;thomas-sabo,,,,,Thomas Sabo,89,,,,,,37.1,1,false,,,126977,A2098-034-9-L17,,,,,,,,,,,,,,,,,,,,,,,,,,,,,,,,,,,,,,,,,,,,,,,,,,,,,,,,,,,,,,,,,,,,,
ds-126977,MEDIA,,,,,,6673aa_429e916365534864994b345ff027a43b~mv2.png,,,,,,,,,,,,,,,,,,,,,,,,,,,,,,,,,,,,,,,,,,,,,,,,,,,,,,,,,,,,,,,,,,,,,,,,,,,,,,,,,,,,,
ds-126967,PRODUCT,Thomas Sabo Charm Club Armband,true,"<p>gearbeitet in 925 Silber vergoldet, Ankerkette, Oberfläche: poliert, Länge: 19.5cm, Karabinerverschluss, 2 Jahre GarantieReferenz: X0031-413-39-L19.5Verfügbar in der Bijouterie am Bogen in Bremgarten AG</p>",schmuck;bracelets;thomas-sabo,schmuck,,,,Thomas Sabo,175,,,,,,72.9,1,false,,,126967,X0031-413-39-L19.5,,,,,,,,,,,,,,,,,,,,,,,,,,,,,,,,,,,,,,,,,,,,,,,,,,,,,,,,,,,,,,,,,,,,,
ds-126967,MEDIA,,,,,,6673aa_ec257618f4744dce9f59730aaaf4809d~mv2.jpg,,,,,,,,,,,,,,,,,,,,,,,,,,,,,,,,,,,,,,,,,,,,,,,,,,,,,,,,,,,,,,,,,,,,,,,,,,,,,,,,,,,,,
ds-131170,PRODUCT,Maurice Lacroix 1975,true,"<p>Gehäuse und Band aus Edelstahl, Oberfläche: poliert / mattiert, automatisches Werk, Saphirglas, Zifferblatt blau mit Index und Datumsanzeige, Durchmesser 40mm, Wasserdicht bis 10bar, zwei Jahre GarantieReferenz: 756008-SS002-430-1Verfügbar in der Bijouterie am Bogen in Bremgarten AG</p>",uhren;herrenuhren;maurice-lacroix,uhren,,,,Maurice Lacroix,1300,,,,,,650,1,false,,,131170,756008-SS002-430-1,,,,,,,,,,,,,,,,,,,,,,,,,,,,,,,,,,,,,,,,,,,,,,,,,,,,,,,,,,,,,,,,,,,,,
ds-131170,MEDIA,,,,,,6673aa_337ac2d2e96a43b2b71e6244420512c1~mv2.png,,,,,,,,,,,,,,,,,,,,,,,,,,,,,,,,,,,,,,,,,,,,,,,,,,,,,,,,,,,,,,,,,,,,,,,,,,,,,,,,,,,,,
ds-131161,PRODUCT,Maurice Lacroix 1975,true,"<p>Gehäuse und Band aus Edelstahl, Oberfläche: poliert / mattiert, automatisches Werk, Saphirglas, Zifferblatt schwarz mit Index und Datumsanzeige, Durchmesser 40mm, Wasserdicht bis 10bar, zwei Jahre GarantieReferenz: 756008-SS002-330-1Verfügbar in der Bijouterie am Bogen in Bremgarten AG</p>",uhren;herrenuhren;maurice-lacroix,uhren,,,,Maurice Lacroix,1300,,,,,,650,1,false,,,131161,756008-SS002-330-1,,,,,,,,,,,,,,,,,,,,,,,,,,,,,,,,,,,,,,,,,,,,,,,,,,,,,,,,,,,,,,,,,,,,,
ds-131161,MEDIA,,,,,,6673aa_8fa3f679493d4f109e8ea91510f52920~mv2.png,,,,,,,,,,,,,,,,,,,,,,,,,,,,,,,,,,,,,,,,,,,,,,,,,,,,,,,,,,,,,,,,,,,,,,,,,,,,,,,,,,,,,
ds-131053,PRODUCT,Maurice Lacroix 1975,true,"<p>Gehäuse aus Edelstahl, Oberfläche: poliert, mit einem schwarzen Lederband, Quarzwerk, Saphirglas, Zifferblatt schwarz mit Index und Datum, Durchmesser 39mm, Wasserdicht bis 10bar, zwei Jahre GarantieReferenz: 751007-SS001-330-2Verfügbar in der Bijouterie am Bogen in Bremgarten AG</p>",uhren;herrenuhren;maurice-lacroix,,,,,Maurice Lacroix,650,,,,,,325,1,false,,,131053,751007-SS001-330-2,,,,,,,,,,,,,,,,,,,,,,,,,,,,,,,,,,,,,,,,,,,,,,,,,,,,,,,,,,,,,,,,,,,,,
ds-131053,MEDIA,,,,,,6673aa_0e7b0bc937b34a74944cf7276733da3c~mv2.png,,,,,,,,,,,,,,,,,,,,,,,,,,,,,,,,,,,,,,,,,,,,,,,,,,,,,,,,,,,,,,,,,,,,,,,,,,,,,,,,,,,,,
ds-126400,PRODUCT,Thomas Sabo Charm Club Bracelet,true,"<p>mit Süsswasser Zuchtperlen, 925 Sterlingsilber, Länge: 15cm, zwei Jahre GarantieReferenz: X0284-082-14-L15Verfügbar in der Bijouterie am Bogen in Bremgarten AG</p>",schmuck;bracelets;thomas-sabo,,,,,Thomas Sabo,89,,,,,,37.1,1,false,,,126400,X0284-082-14-L15,,,,,,,,,,,,,,,,,,,,,,,,,,,,,,,,,,,,,,,,,,,,,,,,,,,,,,,,,,,,,,,,,,,,,
ds-126400,MEDIA,,,,,,6673aa_ef3cfa0a2870471dbfbd918a4d3bcf37~mv2.png,,,,,,,,,,,,,,,,,,,,,,,,,,,,,,,,,,,,,,,,,,,,,,,,,,,,,,,,,,,,,,,,,,,,,,,,,,,,,,,,,,,,,
ds-131040,PRODUCT,Maurice Lacroix 1975,true,"<p>Gehäuse und Band aus Edelstahl poliert/matt, Quarzwerk, Saphirglas, Zifferblatt silber mit Index und Datum, Durchmesser 39mm, Wasserdicht bis 10bar, zwei Jahre GarantieReferenz: 751007-SS002-130-1Verfügbar in der Bijouterie Am Bogen in Bremgarten AG und in der Bijouterie Droz in Zofingen AG</p>",uhren;herrenuhren;maurice-lacroix,,,,,Maurice Lacroix,750,,,,,,375,2,false,,,131040,751007-SS002-130-1,,,,,,,,,,,,,,,,,,,,,,,,,,,,,,,,,,,,,,,,,,,,,,,,,,,,,,,,,,,,,,,,,,,,,
ds-131040,MEDIA,,,,,,6673aa_51a68dfc59754a40ad2163c25fa022a1~mv2.png,,,,,,,,,,,,,,,,,,,,,,,,,,,,,,,,,,,,,,,,,,,,,,,,,,,,,,,,,,,,,,,,,,,,,,,,,,,,,,,,,,,,,
ds-132591,PRODUCT,Rado Centrix M Moonphase,true,"<p>Edelstahlgehäuse und Band PVD gelb mit Keramik Zwischenteilen schwarz, Quarzwerk, Zifferblatt Perlmutt dunkel mit 12 Diamanten im Brillantschliff Top Wesselton vs-si 0.051ct, mit Mondphase und Datumsanzeige, Saphirglas, Edelstahlverschluss, Durchmesser: 35mm, 5bar Wasserdicht, fünf Jahre GarantieReferenz: R30233942Verfügbar in der Bijouterie am Bogen in Bremgarten AG</p>",uhren;damenuhren;rado,uhren,,,,Rado,2250,,,,,,1260,1,false,,,132591,R30233942,,,,,,,,,,,,,,,,,,,,,,,,,,,,,,,,,,,,,,,,,,,,,,,,,,,,,,,,,,,,,,,,,,,,,
ds-132591,MEDIA,,,,,,6673aa_fe4de3f084d44cbfb4ea91f7e1055be8~mv2.png,,,,,,,,,,,,,,,,,,,,,,,,,,,,,,,,,,,,,,,,,,,,,,,,,,,,,,,,,,,,,,,,,,,,,,,,,,,,,,,,,,,,,
ds-126398,PRODUCT,Thomas Sabo Charm Club Damenring,true,"<p>gearbeitet in 925 Sterlingsilber, Schneeflocke mit weissen Zirkonia, Grösse: 54, 2 Jahre GarantieReferenz: TR2414-051-14-54Verfügbar in der Bijouterie am Bogen in Bremgarten AG</p>",schmuck;ringe;thomas-sabo,schmuck,,,,Thomas Sabo,49,98,,,,,40.85,1,false,,,126398,TR2414-051-14-54,,,,,,,,,,,,,,,,,,,,,,,,,,,,,,,,,,,,,,,,,,,,,,,,,,,,,,,,,,,,,,,,,,,,,
ds-126398,MEDIA,,,,,,6673aa_a784a8e9d77c492a8d68af0d67c16a5b~mv2.png,,,,,,,,,,,,,,,,,,,,,,,,,,,,,,,,,,,,,,,,,,,,,,,,,,,,,,,,,,,,,,,,,,,,,,,,,,,,,,,,,,,,,
ds-126385,PRODUCT,Thomas Sabo Charm Club Anhänger,true,"<p>gearbeitet in 925 Sterlingsilber und Kaltemail, Pinguine, mit weissen Zirkonia, Karabiner, zwei Jahre GarantieReferenz: 1909-691-7Verfügbar in der Bijouterie am Bogen in Bremgarten AG</p>",schmuck;beads-charms;thomas-sabo,schmuck,,,,Thomas Sabo,179,,,,,,74.6,1,false,,,126385,1909-691-7,,,,,,,,,,,,,,,,,,,,,,,,,,,,,,,,,,,,,,,,,,,,,,,,,,,,,,,,,,,,,,,,,,,,,
ds-126385,MEDIA,,,,,,6673aa_b0fa08c224e047d5ab17026ccb400a2d~mv2.png,,,,,,,,,,,,,,,,,,,,,,,,,,,,,,,,,,,,,,,,,,,,,,,,,,,,,,,,,,,,,,,,,,,,,,,,,,,,,,,,,,,,,
ds-126383,PRODUCT,Thomas Sabo Charm Club Anhänger,true,"<p>gearbeitet in 925 Sterlingsilber rosé vergoldet, Phönix Feder, mit weissen Zirkonia, Karabiner, zwei Jahre GarantieReferenz: 1906-323-9Verfügbar in der Bijouterie am Bogen in Bremgarten AG</p>",schmuck;beads-charms;thomas-sabo,,,,,Thomas Sabo,129,,,,,,53.75,1,false,,,126383,1906-323-9,,,,,,,,,,,,,,,,,,,,,,,,,,,,,,,,,,,,,,,,,,,,,,,,,,,,,,,,,,,,,,,,,,,,,
ds-126383,MEDIA,,,,,,6673aa_913f78fcba264b51a2858a249c5fce3e~mv2.png,,,,,,,,,,,,,,,,,,,,,,,,,,,,,,,,,,,,,,,,,,,,,,,,,,,,,,,,,,,,,,,,,,,,,,,,,,,,,,,,,,,,,
ds-130171,PRODUCT,Maurice Lacroix Aikon LIMITED EDITION,true,"<p>Gehäuse aus Edelstahl PVD schwarz mit einem Kautschukband schwarz, automatisches Werk, Saphirglas, Zifferblatt schwarz, Durchmesser 42mm, Limited Edition of 888, Wasserdicht bis 20bar, zwei Jahre GarantieReferenz: AI6008-PVB00-330-2Verfügbar in der Bijouterie am Bogen in Bremgarten AG</p>",uhren;herrenuhren;maurice-lacroix,uhren,,,,Maurice Lacroix,2300,,,,,,1150,1,false,,,130171,AI6008-PVB00-330-2,,,,,,,,,,,,,,,,,,,,,,,,,,,,,,,,,,,,,,,,,,,,,,,,,,,,,,,,,,,,,,,,,,,,,
ds-130171,MEDIA,,,,,,6673aa_5aa381a6308a492c851dc04fb2b0a41c~mv2.png,,,,,,,,,,,,,,,,,,,,,,,,,,,,,,,,,,,,,,,,,,,,,,,,,,,,,,,,,,,,,,,,,,,,,,,,,,,,,,,,,,,,,
ds-130171,MEDIA,,,,,,6673aa_728d72437d384658bfb0f7e0213d8c0c~mv2.jpg,,,,,,,,,,,,,,,,,,,,,,,,,,,,,,,,,,,,,,,,,,,,,,,,,,,,,,,,,,,,,,,,,,,,,,,,,,,,,,,,,,,,,
ds-130171,MEDIA,,,,,,6673aa_3f49434525044a3897f33f9c3744eebc~mv2.jpg,,,,,,,,,,,,,,,,,,,,,,,,,,,,,,,,,,,,,,,,,,,,,,,,,,,,,,,,,,,,,,,,,,,,,,,,,,,,,,,,,,,,,
ds-130171,MEDIA,,,,,,6673aa_c05049925a454f26a1540166e3defbf3~mv2.jpg,,,,,,,,,,,,,,,,,,,,,,,,,,,,,,,,,,,,,,,,,,,,,,,,,,,,,,,,,,,,,,,,,,,,,,,,,,,,,,,,,,,,,
ds-126382,PRODUCT,Thomas Sabo Charm Club Anhänger,true,"<p>gearbeitet in 925 Sterlingsilber, Phönix Feder, mit weissen und blauen Zirkonia, Karabiner, zwei Jahre GarantieReferenz: 1905-644-1Verfügbar in der Bijouterie am Bogen in Bremgarten AG</p>",schmuck;beads-charms;thomas-sabo,,,,,Thomas Sabo,115,,,,,,47.9,1,false,,,126382,1905-644-1,,,,,,,,,,,,,,,,,,,,,,,,,,,,,,,,,,,,,,,,,,,,,,,,,,,,,,,,,,,,,,,,,,,,,
ds-126382,MEDIA,,,,,,6673aa_a3a41379df2148b382b11627be8d1586~mv2.jpg,,,,,,,,,,,,,,,,,,,,,,,,,,,,,,,,,,,,,,,,,,,,,,,,,,,,,,,,,,,,,,,,,,,,,,,,,,,,,,,,,,,,,
ds-126380,PRODUCT,Thomas Sabo Charm Club Anhänger,true,"<p>gearbeitet in 925 Sterlingsilber rosé vergoldet, Schneeflocke, mit weissen Zirkonia, Karabiner, zwei Jahre GarantieReferenz: 1903-416-14Verfügbar in der Bijouterie am Bogen in Bremgarten AG</p>",schmuck;beads-charms;thomas-sabo,schmuck,,,,Thomas Sabo,155,,,,,,64.6,1,false,,,126380,1903-416-14,,,,,,,,,,,,,,,,,,,,,,,,,,,,,,,,,,,,,,,,,,,,,,,,,,,,,,,,,,,,,,,,,,,,,
ds-126380,MEDIA,,,,,,6673aa_07c32b5e9afb4653a2d478d051d1d7f0~mv2.png,,,,,,,,,,,,,,,,,,,,,,,,,,,,,,,,,,,,,,,,,,,,,,,,,,,,,,,,,,,,,,,,,,,,,,,,,,,,,,,,,,,,,
ds-126160,PRODUCT,Thomas Sabo Charm Club Damenring,true,"<p>gearbeitet in 925 Sterlingsilber gelbvergoldet, mit farbigen Zirkonia, Grösse: 52, 2 Jahre GarantieReferenz: TR2403-996-7-52Verfügbar in der Bijouterie am Bogen in Bremgarten AG</p>",sale;schmuck;ringe;thomas-sabo,schmuck,,,,Thomas Sabo,97.5,195,,,,,81.25,1,false,,,126160,TR2403-996-7-52,,,,,,,,,,,,,,,,,,,,,,,,,,,,,,,,,,,,,,,,,,,,,,,,,,,,,,,,,,,,,,,,,,,,,
ds-126160,MEDIA,,,,,,6673aa_5e94d78eb1a242caaaf09f00e4c2d734~mv2.png,,,,,,,,,,,,,,,,,,,,,,,,,,,,,,,,,,,,,,,,,,,,,,,,,,,,,,,,,,,,,,,,,,,,,,,,,,,,,,,,,,,,,
ds-127491,PRODUCT,Maurice Lacroix Aikon,true,"<p>Edelstahlgehäuse und -band PVD rosé, Zifferblatt silber mit Index und Datumsanzeige, Quarzwerk, Saphirglas, 10bar Wasserdicht, Durchmesser: 40mm, zwei Jahre GarantieReferenz: AI1108-PVP02-130-1Verfügbar in der Bijouterie Am Bogen in Bremgarten AG und in der Bijouterie Droz in Zofingen AG</p>",uhren;damenuhren;maurice-lacroix,,,,,Maurice Lacroix,1100,,,,,,550,2,false,,,127491,AI1108-PVP02-130-1,,,,,,,,,,,,,,,,,,,,,,,,,,,,,,,,,,,,,,,,,,,,,,,,,,,,,,,,,,,,,,,,,,,,,
ds-127491,MEDIA,,,,,,6673aa_a5ab009204874435a41e46b0bf58eb79~mv2.png,,,,,,,,,,,,,,,,,,,,,,,,,,,,,,,,,,,,,,,,,,,,,,,,,,,,,,,,,,,,,,,,,,,,,,,,,,,,,,,,,,,,,
ds-125994,PRODUCT,Maurice Lacroix Aikon,true,"<p>Edelstahlgehäuse und -band PVD rosé, Perlmutt Zifferblatt mit 56 Diamanten 0.13ct und Datumsanzeige, Quarzwerk, Saphirglas, 10bar Wasserdicht, zwei Jahre GarantieReferenz: AI1106-PVP02-170-1Verfügbar in der Bijouterie am Bogen in Bremgarten AG</p>",uhren;damenuhren;maurice-lacroix,uhren,,,,Maurice Lacroix,1250,,,,,,565,1,false,,,125994,AI1106-PVP02-170-1,,,,,,,,,,,,,,,,,,,,,,,,,,,,,,,,,,,,,,,,,,,,,,,,,,,,,,,,,,,,,,,,,,,,,
ds-125994,MEDIA,,,,,,6673aa_6bf38d0b8fa642ab849b7aacd478b8dd~mv2.png,,,,,,,,,,,,,,,,,,,,,,,,,,,,,,,,,,,,,,,,,,,,,,,,,,,,,,,,,,,,,,,,,,,,,,,,,,,,,,,,,,,,,
ds-126149,PRODUCT,Thomas Sabo Charm Club Bracelet,true,"<p>gearbeitet in 925 Sterlingsilber gelb vergoldet, Erbskette, mit farbigen Zirkonia, Länge: 16 bis 19cm, Karabinerverschluss, 2 Jahre GarantieReferenz: A2068-996-7-L19VVerfügbar in der Bijouterie am Bogen in Bremgarten AG</p>",schmuck;bracelets;thomas-sabo;sale,schmuck,,,,Thomas Sabo,127.5,255,,,,,106.25,1,false,,,126149,A2068-996-7-L19V,,,,,,,,,,,,,,,,,,,,,,,,,,,,,,,,,,,,,,,,,,,,,,,,,,,,,,,,,,,,,,,,,,,,,
ds-126149,MEDIA,,,,,,6673aa_ee4b7c2aa31348c1b558c5a5ddf63b10~mv2.png,,,,,,,,,,,,,,,,,,,,,,,,,,,,,,,,,,,,,,,,,,,,,,,,,,,,,,,,,,,,,,,,,,,,,,,,,,,,,,,,,,,,,
ds-125872,PRODUCT,Maurice Lacroix Aikon,true,"<p>Edelstahlgehäuse und -band, schwarzes Zifferblatt mit 56 Diamanten 0.13ct und Datumsanzeige, Quarzwerk, Saphirglas, 10bar Wasserdicht, zwei Jahre GarantieReferenz: AI1106-SS002-350-1Verfügbar in der Bijouterie am Bogen in Bremgarten AG</p>",uhren;damenuhren;maurice-lacroix,uhren,,,,Maurice Lacroix,1100,,,,,,495,1,false,,,125872,AI1106-SS002-350-1,,,,,,,,,,,,,,,,,,,,,,,,,,,,,,,,,,,,,,,,,,,,,,,,,,,,,,,,,,,,,,,,,,,,,
ds-125872,MEDIA,,,,,,6673aa_505fe899b5814c9f8b4366438812268a~mv2.png,,,,,,,,,,,,,,,,,,,,,,,,,,,,,,,,,,,,,,,,,,,,,,,,,,,,,,,,,,,,,,,,,,,,,,,,,,,,,,,,,,,,,
ds-126148,PRODUCT,Thomas Sabo Charm Club Bracelet,true,"<p>gearbeitet in 925 Sterlingsilber, Erbskette, mit farbigen Zirkonia, Länge: 16 bis 19cm, Karabinerverschluss, 2 Jahre GarantieReferenz: A2068-477-7-L19VVerfügbar in der Bijouterie am Bogen in Bremgarten AG</p>",schmuck;sale;bracelets;thomas-sabo,schmuck,,,,Thomas Sabo,64.5,129,,,,,53.75,1,false,,,126148,A2068-477-7-L19V,,,,,,,,,,,,,,,,,,,,,,,,,,,,,,,,,,,,,,,,,,,,,,,,,,,,,,,,,,,,,,,,,,,,,
ds-126148,MEDIA,,,,,,6673aa_5168d8af621842a7bdb1eac3f6c7c499~mv2.png,,,,,,,,,,,,,,,,,,,,,,,,,,,,,,,,,,,,,,,,,,,,,,,,,,,,,,,,,,,,,,,,,,,,,,,,,,,,,,,,,,,,,
ds-120205,PRODUCT,Maurice Lacroix Aikon,true,"<p>Edelstahlgehäuse und -band, dunkles Perlmuttzifferblatt mit 8 Diamanten und Datumsanzeige, Saphirglas, automatisches Uhrwerk, Durchmesser: 35mm, Wasserdicht bis 20bar, zwei Jahre GarantieReferenz: AI6006-SS002-370-1Verfügbar in der Bijouterie am Bogen in Bremgarten AG</p>",uhren;damenuhren;maurice-lacroix,uhren,,,,Maurice Lacroix,2150,,,,,,1075,1,false,,,120205,AI6006-SS002-370-1,,,,,,,,,,,,,,,,,,,,,,,,,,,,,,,,,,,,,,,,,,,,,,,,,,,,,,,,,,,,,,,,,,,,,
ds-120205,MEDIA,,,,,,6673aa_9e1d90fd01404814aa675f013670ce08~mv2.png,,,,,,,,,,,,,,,,,,,,,,,,,,,,,,,,,,,,,,,,,,,,,,,,,,,,,,,,,,,,,,,,,,,,,,,,,,,,,,,,,,,,,
ds-117759,PRODUCT,Maurice Lacroix Aikon Automatic,true,"<p>Edelstahlgehäuse und -band, blaues Zifferblatt Côtes de Genève circulaires und Datumsanzeige, Automat ML 115, Saphirglas, Gehäusedurchmesser: 42mm, 20bar Wasserdicht, zwei Jahre GarantieReferenz: AI6008-SS002-430-1Verfügbar in der Bijouterie am Bogen in Bremgarten AG</p>",uhren;herrenuhren;maurice-lacroix,uhren,,,,Maurice Lacroix,2050,,,,,,1025,1,false,,,117759,AI6008-SS002-430-1,,,,,,,,,,,,,,,,,,,,,,,,,,,,,,,,,,,,,,,,,,,,,,,,,,,,,,,,,,,,,,,,,,,,,
ds-117759,MEDIA,,,,,,6673aa_3b8a7c6cf7c3415c8dbcb0438c8715b7~mv2.png,,,,,,,,,,,,,,,,,,,,,,,,,,,,,,,,,,,,,,,,,,,,,,,,,,,,,,,,,,,,,,,,,,,,,,,,,,,,,,,,,,,,,
ds-131971,PRODUCT,Maurice Lacroix Aikon,true,"<p>Edelstahlgehäuse und -band PVD, Zifferblatt schwarz mit Index und Datumsanzeige, Quarzwerk, Saphirglas, 10bar Wasserdicht, Durchmesser: 40mm, zwei Jahre GarantieReferenz: AI1108-SS002-330-1Verfügbar in der Bijouterie am Bogen in Bremgarten AG</p>",uhren;herrenuhren;maurice-lacroix,uhren,,,,Maurice Lacroix,990,,,,,,495,1,false,,,131971,AI1108-SS002-330-1,,,,,,,,,,,,,,,,,,,,,,,,,,,,,,,,,,,,,,,,,,,,,,,,,,,,,,,,,,,,,,,,,,,,,
ds-131971,MEDIA,,,,,,6673aa_4b69535703d5449baa780c4e64b731a7~mv2.png,,,,,,,,,,,,,,,,,,,,,,,,,,,,,,,,,,,,,,,,,,,,,,,,,,,,,,,,,,,,,,,,,,,,,,,,,,,,,,,,,,,,,
ds-133359,PRODUCT,Rado Centrix S,true,"<p>Edelstahlgehäuse und Band PVD rosé mit Keramik Zwischenteilen Plasma, automatisches Uhrwerk mit 48h Gangreserve, Zifferblatt silber mit 12 Diamanten Top Wesselton vs-si 0.038ct und Datumsanzeige, Saphirglas, Edelstahlverschluss, Durchmesser: 30.5mm, 5bar Wasserdicht, fünf Jahre GarantieReferenz: R30019742Verfügbar in der Bijouterie am Bogen in Bremgarten AG</p>",damenuhren;uhren;rado,uhren,,,,Rado,2550,,,,,,1178,1,false,,,133359,R30019742,,,,,,,,,,,,,,,,,,,,,,,,,,,,,,,,,,,,,,,,,,,,,,,,,,,,,,,,,,,,,,,,,,,,,
ds-133359,MEDIA,,,,,,6673aa_d98aa33e0195449da4fd1f6f4eaf5ae1~mv2.png,,,,,,,,,,,,,,,,,,,,,,,,,,,,,,,,,,,,,,,,,,,,,,,,,,,,,,,,,,,,,,,,,,,,,,,,,,,,,,,,,,,,,
ds-133359,MEDIA,,,,,,6673aa_669e410d618c4e73b884f5c33024427b~mv2.png,,,,,,,,,,,,,,,,,,,,,,,,,,,,,,,,,,,,,,,,,,,,,,,,,,,,,,,,,,,,,,,,,,,,,,,,,,,,,,,,,,,,,
ds-133359,MEDIA,,,,,,6673aa_e70712d134ff4492b18bd5db7a04ba3b~mv2.png,,,,,,,,,,,,,,,,,,,,,,,,,,,,,,,,,,,,,,,,,,,,,,,,,,,,,,,,,,,,,,,,,,,,,,,,,,,,,,,,,,,,,
ds-133359,MEDIA,,,,,,6673aa_e2a9adb782e1402f8db403051be4a89f~mv2.png,,,,,,,,,,,,,,,,,,,,,,,,,,,,,,,,,,,,,,,,,,,,,,,,,,,,,,,,,,,,,,,,,,,,,,,,,,,,,,,,,,,,,
ds-133359,MEDIA,,,,,,6673aa_313552d831dc4366a63f448f8e0e8595~mv2.png,,,,,,,,,,,,,,,,,,,,,,,,,,,,,,,,,,,,,,,,,,,,,,,,,,,,,,,,,,,,,,,,,,,,,,,,,,,,,,,,,,,,,
ds-128746,PRODUCT,Thomas Sabo Charm Club Buchstaben H,true,"<p>gearbeitet in 925 Silber vergoldet, Oberfläche: poliert, mit weissen Zirkonia, Buchstaben H, Karabinerverschluss, 2 Jahre GarantieReferenz: 1971-414-14Verfügbar in der Bijouterie am Bogen in Bremgarten AG</p>",schmuck;beads-charms;thomas-sabo,schmuck,,,,Thomas Sabo,69,,,,,,28.75,1,false,,,128746,1971-414-14,,,,,,,,,,,,,,,,,,,,,,,,,,,,,,,,,,,,,,,,,,,,,,,,,,,,,,,,,,,,,,,,,,,,,
ds-128746,MEDIA,,,,,,6673aa_f22e7cf5a20e4b52b0cb1fe7c302fbd1~mv2.jpg,,,,,,,,,,,,,,,,,,,,,,,,,,,,,,,,,,,,,,,,,,,,,,,,,,,,,,,,,,,,,,,,,,,,,,,,,,,,,,,,,,,,,
ds-133684,PRODUCT,Rado Centrix M Open Heart,true,"<p>Edelstahlgehäuse und Band PVD rosé mit Keramik Zwischenteilen Plasma, automatisches Uhrwerk mit 80h Gangreserve, Zifferblatt Perlmutt / Open Heart mit 12 Diamanten im Brillantschliff Top Wesselton vs-si 0.051ct und 86 Diamanten im Brillantschliff Top Wesselton vs-si 0.094ct, Saphirglas, Edelstahlverschluss, Durchmesser: 35mm, 5bar Wasserdicht, fünf Jahre GarantieReferenz: R30029952Verfügbar in der Bijouterie am Bogen in Bremgarten AG</p>",uhren;rado;damenuhren,uhren,,,,Rado,3500,,,,,,1960,1,false,,,133684,R30029952,,,,,,,,,,,,,,,,,,,,,,,,,,,,,,,,,,,,,,,,,,,,,,,,,,,,,,,,,,,,,,,,,,,,,
ds-133684,MEDIA,,,,,,6673aa_e9a5a438247e439697c89277a6b2bebd~mv2.png,,,,,,,,,,,,,,,,,,,,,,,,,,,,,,,,,,,,,,,,,,,,,,,,,,,,,,,,,,,,,,,,,,,,,,,,,,,,,,,,,,,,,
ds-130234,PRODUCT,Thomas Sabo Charm Club Lebensbaum,true,"<p>gearbeitet in 925 Sterlingsilber vergoldet, Perlmutt, Lebensbaum, Karabinerverschluss, zwei Jahre GarantieReferenz: 2057-427-39Verfügbar in der Bijouterie am Bogen in Bremgarten AG</p>",schmuck;beads-charms;thomas-sabo,schmuck,,,,Thomas Sabo,79,,,,,,31.25,1,false,,,130234,2057-427-39,,,,,,,,,,,,,,,,,,,,,,,,,,,,,,,,,,,,,,,,,,,,,,,,,,,,,,,,,,,,,,,,,,,,,
ds-130234,MEDIA,,,,,,6673aa_f6cd1c088fdb4ca798730fef31eafcb4~mv2.png,,,,,,,,,,,,,,,,,,,,,,,,,,,,,,,,,,,,,,,,,,,,,,,,,,,,,,,,,,,,,,,,,,,,,,,,,,,,,,,,,,,,,
ds-125087,PRODUCT,Tissot Seastar 1000,true,"<p>Gehäuse und Band aus Edelstahl, inkl. Kautschuk weiss, Quarzwerk, Saphirglas, Zifferblatt weiss, Durchmesser 36mm, Wasserdicht bis 30bar, zwei Jahre GarantieReferenz: T120.210.11.011.00Verfügbar in der Bijouterie am Bogen in Bremgarten AG</p>",uhren;damenuhren;tissot,uhren,,,,Tissot,425,,,,,,236.75,1,false,,,125087,T120.210.11.011.00,,,,,,,,,,,,,,,,,,,,,,,,,,,,,,,,,,,,,,,,,,,,,,,,,,,,,,,,,,,,,,,,,,,,,
ds-125087,MEDIA,,,,,,6673aa_263c1ce41aba46ea829611bf58cefa44~mv2.png,,,,,,,,,,,,,,,,,,,,,,,,,,,,,,,,,,,,,,,,,,,,,,,,,,,,,,,,,,,,,,,,,,,,,,,,,,,,,,,,,,,,,
ds-125087,MEDIA,,,,,,6673aa_a249ddc5e20f4b32aac0f0a1c3e1f05c~mv2.jpg,,,,,,,,,,,,,,,,,,,,,,,,,,,,,,,,,,,,,,,,,,,,,,,,,,,,,,,,,,,,,,,,,,,,,,,,,,,,,,,,,,,,,
ds-125087,MEDIA,,,,,,6673aa_925dad8c7e1a4e8b884421e2ee3d5a2a~mv2.jpg,,,,,,,,,,,,,,,,,,,,,,,,,,,,,,,,,,,,,,,,,,,,,,,,,,,,,,,,,,,,,,,,,,,,,,,,,,,,,,,,,,,,,
ds-125072,PRODUCT,Tissot Seastar 1000,true,"<p>Edelstahlgehäuse und -band, automatisches Uhrwerk Powermatic 80, grünes Zifferblatt mit Datumsanzeige, Keramiklünette, Saphirglas, 30bar Wasserdicht, zwei Jahre Garantie</p><p>Referenz: T120.407.11.091.01</p><p>Verfügbar in der Bijouterie am Bogen in Bremgarten AG</p>",uhren;herrenuhren;tissot,uhren,,,,Tissot,775,,,,,,415.05,1,false,,,125072,T120.407.11.091.01,,,,,,,,,,,,,,,,,,,,,,,,,,,,,,,,,,,,,,,,,,,,,,,,,,,,,,,,,,,,,,,,,,,,,
ds-125072,MEDIA,,,,,,6673aa_391ebabcd79c44c1a5edccd3ec2ebf72~mv2.png,,,,,,,,,,,,,,,,,,,,,,,,,,,,,,,,,,,,,,,,,,,,,,,,,,,,,,,,,,,,,,,,,,,,,,,,,,,,,,,,,,,,,
ds-125072,MEDIA,,,,,,6673aa_eacf1a2137a94d9582306570ba1b2764~mv2.jpg,,,,,,,,,,,,,,,,,,,,,,,,,,,,,,,,,,,,,,,,,,,,,,,,,,,,,,,,,,,,,,,,,,,,,,,,,,,,,,,,,,,,,
ds-124700,PRODUCT,Tissot Seastar 1000,true,"<p>Edelstahlgehäuse und -band, automatisches Uhrwerk, Powermatic 80, graues Zifferblatt mit Datumsanzeige, 30bar Wasserdicht, zwei Jahre GarantieReferenz: T120.407.11.081.01Verfügbar in der Bijouterie am Bogen in Bremgarten AG</p>",uhren;herrenuhren;tissot,uhren,,,,Tissot,775,,,,,,415.05,1,false,,,124700,T120.407.11.081.01,,,,,,,,,,,,,,,,,,,,,,,,,,,,,,,,,,,,,,,,,,,,,,,,,,,,,,,,,,,,,,,,,,,,,
ds-124700,MEDIA,,,,,,6673aa_6475cd334d7b4a0bb337b83bb757455f~mv2.png,,,,,,,,,,,,,,,,,,,,,,,,,,,,,,,,,,,,,,,,,,,,,,,,,,,,,,,,,,,,,,,,,,,,,,,,,,,,,,,,,,,,,
ds-124700,MEDIA,,,,,,6673aa_0574dd5ee16d4f56b9efa8259bd278bd~mv2.jpg,,,,,,,,,,,,,,,,,,,,,,,,,,,,,,,,,,,,,,,,,,,,,,,,,,,,,,,,,,,,,,,,,,,,,,,,,,,,,,,,,,,,,
ds-124700,MEDIA,,,,,,6673aa_318c9aadfa3348dfb2edbfcc3b947454~mv2.jpg,,,,,,,,,,,,,,,,,,,,,,,,,,,,,,,,,,,,,,,,,,,,,,,,,,,,,,,,,,,,,,,,,,,,,,,,,,,,,,,,,,,,,
ds-124366,PRODUCT,Tissot Seastar 1000,true,"<p>Gehäuse und Band aus Edelstahl, Oberfläche: matt / poliert, Quartzwerk, Chronograph, Zifferblatt grün/schwarz mit Datumsanzeige, Saphirglas, Durchmesser 45.5mm Wasserdicht bis 30bar, zwei Jahre GarantieReferenz: T120.417.11.091.01Verfügbar in der Bijouterie am Bogen in Bremgarten AG</p>",uhren;herrenuhren;tissot,uhren,,,,Tissot,575,,,,,,319.15,1,false,,,124366,T120.417.11.091.01,,,,,,,,,,,,,,,,,,,,,,,,,,,,,,,,,,,,,,,,,,,,,,,,,,,,,,,,,,,,,,,,,,,,,
ds-124366,MEDIA,,,,,,6673aa_e8d3807ba5314a61823dcedffa4c444d~mv2.png,,,,,,,,,,,,,,,,,,,,,,,,,,,,,,,,,,,,,,,,,,,,,,,,,,,,,,,,,,,,,,,,,,,,,,,,,,,,,,,,,,,,,
ds-124366,MEDIA,,,,,,6673aa_729abf9b496e4e7391b1eba751ac8598~mv2.jpg,,,,,,,,,,,,,,,,,,,,,,,,,,,,,,,,,,,,,,,,,,,,,,,,,,,,,,,,,,,,,,,,,,,,,,,,,,,,,,,,,,,,,
ds-124366,MEDIA,,,,,,6673aa_32505ad1a4284701b5495c748e12e029~mv2.jpg,,,,,,,,,,,,,,,,,,,,,,,,,,,,,,,,,,,,,,,,,,,,,,,,,,,,,,,,,,,,,,,,,,,,,,,,,,,,,,,,,,,,,
ds-129910,PRODUCT,Tissot Pocket Schwesternuhr,false,"<p>Gehäuse aus Edelstahl poliert, Quarzwerk mit EOL, Zifferblatt beige, Durchmesser 30mm, Wasserdicht bis 3bar, zwei Jahre GarantieReferenz: T81.7.221.12Verfügbar in der Bijouterie am Bogen in Bremgarten AG</p>",uhren;damenuhren;tissot,,,,,Tissot,195,,,,,,108.25,1,false,,,129910,T81.7.221.12,,,,,,,,,,,,,,,,,,,,,,,,,,,,,,,,,,,,,,,,,,,,,,,,,,,,,,,,,,,,,,,,,,,,,
ds-129910,MEDIA,,,,,,6673aa_ca205413d1804490a1547a010c3ad9f2~mv2.jpg,,,,,,,,,,,,,,,,,,,,,,,,,,,,,,,,,,,,,,,,,,,,,,,,,,,,,,,,,,,,,,,,,,,,,,,,,,,,,,,,,,,,,
ds-129195,PRODUCT,Thomas Sabo Charm Club Bracelet,true,"<p>gearbeitet in 925 Sterlingsilber, Oberfläche: poliert, mit weissem Charmista Coin mit Kaltemail, Länge: 19cm, Karabinerverschluss, 2 Jahre GarantieReferenz: X2088-007-21-L19Verfügbar in der Bijouterie am Bogen in Bremgarten AG</p>",schmuck;bracelets;thomas-sabo,schmuck,,,,Thomas Sabo,45,,,,,,17.8,2,false,,,129195,X2088-007-21-L19,,,,,,,,,,,,,,,,,,,,,,,,,,,,,,,,,,,,,,,,,,,,,,,,,,,,,,,,,,,,,,,,,,,,,
ds-129195,MEDIA,,,,,,6673aa_471133614e0a42878b129a1b47c68849~mv2.jpeg,,,,,,,,,,,,,,,,,,,,,,,,,,,,,,,,,,,,,,,,,,,,,,,,,,,,,,,,,,,,,,,,,,,,,,,,,,,,,,,,,,,,,
ds-125341,PRODUCT,Tissot T-My Lady,true,"<p>Gehäuse und Band aus Edelstahl, Quarzwerk EOL, Zifferblatt: Anthrazit mit Index, Saphirglas, Durchmesser 29mm Wasserdicht bis 10bar, zusätzliches Lederband braun, 2 Jahre GarantieReferenz: T132.010.11.061.00Verfügbar in der Bijouterie am Bogen in Bremgarten AG</p>",uhren;damenuhren;tissot,uhren,,,,Tissot,425,,,,,,236.75,1,false,,,125341,T132.010.11.061.00,,,,,,,,,,,,,,,,,,,,,,,,,,,,,,,,,,,,,,,,,,,,,,,,,,,,,,,,,,,,,,,,,,,,,
ds-125341,MEDIA,,,,,,6673aa_8fdbaabf3739498f983069253fff7c4a~mv2.png,,,,,,,,,,,,,,,,,,,,,,,,,,,,,,,,,,,,,,,,,,,,,,,,,,,,,,,,,,,,,,,,,,,,,,,,,,,,,,,,,,,,,
ds-125341,MEDIA,,,,,,6673aa_2c948abb67f848b9836781ab08ad15cb~mv2.jpg,,,,,,,,,,,,,,,,,,,,,,,,,,,,,,,,,,,,,,,,,,,,,,,,,,,,,,,,,,,,,,,,,,,,,,,,,,,,,,,,,,,,,
ds-125341,MEDIA,,,,,,6673aa_bb4c6db4b42642e5ad6dbca99f5312f2~mv2.jpg,,,,,,,,,,,,,,,,,,,,,,,,,,,,,,,,,,,,,,,,,,,,,,,,,,,,,,,,,,,,,,,,,,,,,,,,,,,,,,,,,,,,,
ds-132259,PRODUCT,Tissot PRX,true,"<p>Gehäuse und Band aus Titan matt, automatisches Werk Powermatic 80, Saphirglas, Zifferlbatt blau mit Index und Datumsanzeige, Durchmesser 38mm, Wasserdicht bis 10bar, 2 Jahre GarantieReferenz: T137.807.44.041.00Verfügbar in der Bijouterie am Bogen in Bremgarten AG</p>",uhren;herrenuhren;tissot,uhren,,,,Tissot,795,,,,,,441.25,1,false,,,132259,T137.807.44.041.00,,,,,,,,,,,,,,,,,,,,,,,,,,,,,,,,,,,,,,,,,,,,,,,,,,,,,,,,,,,,,,,,,,,,,
ds-132259,MEDIA,,,,,,6673aa_a7b6016f15aa406fb213609cd889cd95~mv2.png,,,,,,,,,,,,,,,,,,,,,,,,,,,,,,,,,,,,,,,,,,,,,,,,,,,,,,,,,,,,,,,,,,,,,,,,,,,,,,,,,,,,,
ds-129121,PRODUCT,Thomas Sabo Charm Club Bracelet,true,"<p>gearbeitet in 925 Sterlingsilber vergoldet, mit weissen Süsswasser Zuchtperlen, Länge: 19cm verstellbar, Karabinerverschluss, 2 Jahre GarantieReferenz: A2129-430-14-L19VVerfügbar in der Bijouterie am Bogen in Bremgarten AG</p>",schmuck;bracelets;thomas-sabo,schmuck,,,,Thomas Sabo,115,,,,,,47.9,1,false,,,129121,A2129-430-14-L19V,,,,,,,,,,,,,,,,,,,,,,,,,,,,,,,,,,,,,,,,,,,,,,,,,,,,,,,,,,,,,,,,,,,,,
ds-129121,MEDIA,,,,,,6673aa_506e3ae29e004a0c8a59a4f92b78b626~mv2.jpeg,,,,,,,,,,,,,,,,,,,,,,,,,,,,,,,,,,,,,,,,,,,,,,,,,,,,,,,,,,,,,,,,,,,,,,,,,,,,,,,,,,,,,
ds-132254,PRODUCT,Tissot PRX,true,"<p>Gehäuse und Band aus Titan matt, automatisches Werk Powermatic 80, Saphirglas, Zifferlbatt grau/rosé mit Datum, Durchmesser 38mm, Wasserdicht bis 10bar, 2 Jahre GarantieReferenz: T137.807.44.061.00Verfügbar in der Bijouterie Am Bogen in Bremgarten AG und in der Bijouterie Droz in Zofingen AG</p>",uhren;herrenuhren;tissot,uhren,,,,Tissot,795,,,,,,441.25,2,false,,,132254,T137.807.44.061.00,,,,,,,,,,,,,,,,,,,,,,,,,,,,,,,,,,,,,,,,,,,,,,,,,,,,,,,,,,,,,,,,,,,,,
ds-132254,MEDIA,,,,,,6673aa_b68ff99f322c4779aed4fc87194b1167~mv2.png,,,,,,,,,,,,,,,,,,,,,,,,,,,,,,,,,,,,,,,,,,,,,,,,,,,,,,,,,,,,,,,,,,,,,,,,,,,,,,,,,,,,,
ds-129120,PRODUCT,Thomas Sabo Charm Club Sonne,true,"<p>gearbeitet in 925 Sterlingsilber vergoldet, Oberfläche: poliert, Karabinerverschluss, 2 Jahre GarantieReferenz: 2024-413-39Verfügbar in der Bijouterie am Bogen in Bremgarten AG</p>",schmuck;beads-charms;thomas-sabo,schmuck,,,,Thomas Sabo,47,,,,,,18.1,1,false,,,129120,2024-413-39,,,,,,,,,,,,,,,,,,,,,,,,,,,,,,,,,,,,,,,,,,,,,,,,,,,,,,,,,,,,,,,,,,,,,
ds-129120,MEDIA,,,,,,6673aa_c82b54b6e59a4ea88fc2f0c89e10f9ed~mv2.jpg,,,,,,,,,,,,,,,,,,,,,,,,,,,,,,,,,,,,,,,,,,,,,,,,,,,,,,,,,,,,,,,,,,,,,,,,,,,,,,,,,,,,,
ds-129119,PRODUCT,Thomas Sabo Charm Club Perlanhänger,true,"<p>gearbeitet in 925 Sterlingsilber vergoldet, Oberfläche: poliert, mit einer Süsswasser Zuchtperle, Karabinerverschluss, 2 Jahre GarantieReferenz: 1996-430-14Verfügbar in der Bijouterie am Bogen in Bremgarten AG</p>",schmuck;beads-charms;thomas-sabo,schmuck,,,,Thomas Sabo,55,,,,,,21.15,1,false,,,129119,1996-430-14,,,,,,,,,,,,,,,,,,,,,,,,,,,,,,,,,,,,,,,,,,,,,,,,,,,,,,,,,,,,,,,,,,,,,
ds-129119,MEDIA,,,,,,6673aa_3f78443a748f4caf884a585d7b41df95~mv2.jpg,,,,,,,,,,,,,,,,,,,,,,,,,,,,,,,,,,,,,,,,,,,,,,,,,,,,,,,,,,,,,,,,,,,,,,,,,,,,,,,,,,,,,
ds-130539,PRODUCT,Tissot PRX,true,"<p>Gehäuse und Band aus Edelstahl PVD rosé, Quarzwerk, EOL, Saphirglas, Zifferblatt Perlmutt mit Index, Durchmesser 25mm, Wasserdicht bis 10bar, zwei Jahre GarantieReferenz: T137.010.21.111.00Verfügbar in der Bijouterie am Bogen in Bremgarten AG</p>",uhren;damenuhren;tissot,,,,,Tissot,325,,,,,,180.4,1,false,,,130539,T137.010.21.111.00,,,,,,,,,,,,,,,,,,,,,,,,,,,,,,,,,,,,,,,,,,,,,,,,,,,,,,,,,,,,,,,,,,,,,
ds-130539,MEDIA,,,,,,6673aa_1144d8fa9c144cf696c7f73044473610~mv2.png,,,,,,,,,,,,,,,,,,,,,,,,,,,,,,,,,,,,,,,,,,,,,,,,,,,,,,,,,,,,,,,,,,,,,,,,,,,,,,,,,,,,,
ds-130539,MEDIA,,,,,,6673aa_226d60c137b544e8968419f6b19d3c5e~mv2.png,,,,,,,,,,,,,,,,,,,,,,,,,,,,,,,,,,,,,,,,,,,,,,,,,,,,,,,,,,,,,,,,,,,,,,,,,,,,,,,,,,,,,
ds-130539,MEDIA,,,,,,6673aa_0c92d8e0a99942abb83d9b2363da8778~mv2.png,,,,,,,,,,,,,,,,,,,,,,,,,,,,,,,,,,,,,,,,,,,,,,,,,,,,,,,,,,,,,,,,,,,,,,,,,,,,,,,,,,,,,
ds-130415,PRODUCT,Tissot PRX,true,"<p>Gehäuse und Band aus Edelstahl, Quarzwerk, Saphirglas, Zifferblatt Perlmutt mit Index, Durchmesser 25mm, Wasserdicht bis 10bar, zwei Jahre GarantieReferenz: T137.010.11.111.00Verfügbar in der Bijouterie am Bogen in Bremgarten AG</p>",uhren;damenuhren;tissot,uhren,,,,Tissot,315,,,,,,174.85,1,false,,,130415,T137.010.11.111.00,,,,,,,,,,,,,,,,,,,,,,,,,,,,,,,,,,,,,,,,,,,,,,,,,,,,,,,,,,,,,,,,,,,,,
ds-130415,MEDIA,,,,,,6673aa_1c40d38c3e4e4ce880a22416ae317dab~mv2.png,,,,,,,,,,,,,,,,,,,,,,,,,,,,,,,,,,,,,,,,,,,,,,,,,,,,,,,,,,,,,,,,,,,,,,,,,,,,,,,,,,,,,
ds-130415,MEDIA,,,,,,6673aa_ef4f251d07e141398bb5d3343ae13756~mv2.jpg,,,,,,,,,,,,,,,,,,,,,,,,,,,,,,,,,,,,,,,,,,,,,,,,,,,,,,,,,,,,,,,,,,,,,,,,,,,,,,,,,,,,,
ds-130415,MEDIA,,,,,,6673aa_a29a27f6aacc47c9a8b44af248fe399e~mv2.jpg,,,,,,,,,,,,,,,,,,,,,,,,,,,,,,,,,,,,,,,,,,,,,,,,,,,,,,,,,,,,,,,,,,,,,,,,,,,,,,,,,,,,,
ds-130415,MEDIA,,,,,,6673aa_b16d7e71b5d848c4a6ea19d99e6c52e4~mv2.jpg,,,,,,,,,,,,,,,,,,,,,,,,,,,,,,,,,,,,,,,,,,,,,,,,,,,,,,,,,,,,,,,,,,,,,,,,,,,,,,,,,,,,,
ds-130390,PRODUCT,Tissot PRX,true,"<p>Gehäuse und Band aus Edelstahl, Oberfläche: matt, Quartzwerk, Saphirglas, Zifferblatt schwarz mit 36 Brillanten Top Wesselton vs/si 0.039ct, Durchmesser 25mm, Wasserdicht bis 10bar, zwei Jahre GarantieReferenz: T137.010.11.056.00Verfügbar in der Bijouterie am Bogen in Bremgarten AG</p>",uhren;damenuhren;tissot,,,,,Tissot,385,,,,,,213.7,1,false,,,130390,T137.010.11.056.00,,,,,,,,,,,,,,,,,,,,,,,,,,,,,,,,,,,,,,,,,,,,,,,,,,,,,,,,,,,,,,,,,,,,,
ds-130390,MEDIA,,,,,,6673aa_48efa9e1dae045cabfe89b1d13615c0d~mv2.png,,,,,,,,,,,,,,,,,,,,,,,,,,,,,,,,,,,,,,,,,,,,,,,,,,,,,,,,,,,,,,,,,,,,,,,,,,,,,,,,,,,,,
ds-128325,PRODUCT,Tissot PRX digital,true,"<p>Gehäuse und Band aus Edelstahl PVD gelb, Quarzwerk digital, Saphirglas, Zifferblatt gelb, Durchmesser 35mm, 2.Zeitzone, LAP-Funktion, Split-Funktion, Timer, Alarm und Licht, Wasserdicht bis 10bar, zwei Jahre Garantie</p><p>Referenz: T137.263.33.020.00</p><p>Verfügbar in der Bijouterie am Bogen in Bremgarten AG</p>",uhren;damenuhren;tissot,uhren,,,,Tissot,395,,,,,,220.05,1,false,,,128325,T137.263.33.020.00,,,,,,,,,,,,,,,,,,,,,,,,,,,,,,,,,,,,,,,,,,,,,,,,,,,,,,,,,,,,,,,,,,,,,
ds-128325,MEDIA,,,,,,6673aa_7c1738aa331e44aeaa3214f7b35ef05f~mv2.png,,,,,,,,,,,,,,,,,,,,,,,,,,,,,,,,,,,,,,,,,,,,,,,,,,,,,,,,,,,,,,,,,,,,,,,,,,,,,,,,,,,,,
ds-128325,MEDIA,,,,,,6673aa_182b5ed7b8c94ffe94db1ec38a0c48a4~mv2.jpg,,,,,,,,,,,,,,,,,,,,,,,,,,,,,,,,,,,,,,,,,,,,,,,,,,,,,,,,,,,,,,,,,,,,,,,,,,,,,,,,,,,,,
ds-127649,PRODUCT,Tissot PRX,true,"<p>Edelstahlgehäuse und -band, türkises Zifferblatt, Quarzwerk mit Datumsanzeige, Saphirglas, Durchmesser: 40mm, 10bar Wasserdicht, zwei Jahre GarantieReferenz: T137.410.11.091.01Verfügbar in der Bijouterie am Bogen in Bremgarten AG</p>",uhren;herrenuhren;tissot,uhren,,,,Tissot,365,,,,,,203.35,1,false,,,127649,T137.410.11.091.01,,,,,,,,,,,,,,,,,,,,,,,,,,,,,,,,,,,,,,,,,,,,,,,,,,,,,,,,,,,,,,,,,,,,,
ds-127649,MEDIA,,,,,,6673aa_b118ec218d6546529c6ad12fe6839d6d~mv2.png,,,,,,,,,,,,,,,,,,,,,,,,,,,,,,,,,,,,,,,,,,,,,,,,,,,,,,,,,,,,,,,,,,,,,,,,,,,,,,,,,,,,,
ds-127649,MEDIA,,,,,,6673aa_22581b40836e45dc9a97e914bc525f3a~mv2.jpg,,,,,,,,,,,,,,,,,,,,,,,,,,,,,,,,,,,,,,,,,,,,,,,,,,,,,,,,,,,,,,,,,,,,,,,,,,,,,,,,,,,,,
ds-127649,MEDIA,,,,,,6673aa_2c3a9f14cc7f4893a0112abfd7db2965~mv2.jpg,,,,,,,,,,,,,,,,,,,,,,,,,,,,,,,,,,,,,,,,,,,,,,,,,,,,,,,,,,,,,,,,,,,,,,,,,,,,,,,,,,,,,
ds-127649,MEDIA,,,,,,6673aa_edc6606b95c047c1b2c1eee060859887~mv2.jpg,,,,,,,,,,,,,,,,,,,,,,,,,,,,,,,,,,,,,,,,,,,,,,,,,,,,,,,,,,,,,,,,,,,,,,,,,,,,,,,,,,,,,
ds-127488,PRODUCT,Tissot PRX,true,"<p>Gehäuse und Band aus Edelstahl, automatisches Werk, Saphirglas, Zifferblatt hellblau mit Index und Datum, Durchmesser 40mm, Wasserdicht bis 10bar, 2 Jahre Garantie</p><p>Referenz: T137.407.11.351.00</p><p>Verfügbar in der Bijouterie am Bogen in Bremgarten AG</p>",uhren;herrenuhren;tissot,,,,,Tissot,685,,,,,,380.2,1,false,,,127488,T137.407.11.351.00,,,,,,,,,,,,,,,,,,,,,,,,,,,,,,,,,,,,,,,,,,,,,,,,,,,,,,,,,,,,,,,,,,,,,
ds-127488,MEDIA,,,,,,6673aa_b94205b84c224f598d6321302a1caec6~mv2.png,,,,,,,,,,,,,,,,,,,,,,,,,,,,,,,,,,,,,,,,,,,,,,,,,,,,,,,,,,,,,,,,,,,,,,,,,,,,,,,,,,,,,
ds-126746,PRODUCT,Tissot PRX,true,"<p>Gehäuse und Band aus Edelstahl, automatisches Valjoux Werk mit bis zu 60 Stunden Gangreserve, Saphirglas, Chronograph, Zifferblatt weiss, Durchmesser: 42cm, Wasserdicht bis 10bar, zwei Jahre GarantieReferenz: T137.427.11.011.00Verfügbar in der Bijouterie am Bogen in Bremgarten AG</p>",uhren;herrenuhren;tissot,uhren,,,,Tissot,1795,,,,,,944.3,1,false,,,126746,T137.427.11.011.00,,,,,,,,,,,,,,,,,,,,,,,,,,,,,,,,,,,,,,,,,,,,,,,,,,,,,,,,,,,,,,,,,,,,,
ds-126746,MEDIA,,,,,,6673aa_05eaafb0f79043cfae5338cf820676a9~mv2.png,,,,,,,,,,,,,,,,,,,,,,,,,,,,,,,,,,,,,,,,,,,,,,,,,,,,,,,,,,,,,,,,,,,,,,,,,,,,,,,,,,,,,
ds-126746,MEDIA,,,,,,6673aa_fc284e42fb3443548661a5dc75394b3f~mv2.jpg,,,,,,,,,,,,,,,,,,,,,,,,,,,,,,,,,,,,,,,,,,,,,,,,,,,,,,,,,,,,,,,,,,,,,,,,,,,,,,,,,,,,,
ds-126746,MEDIA,,,,,,6673aa_f02645e9cedd41dbba7637ac56620023~mv2.jpg,,,,,,,,,,,,,,,,,,,,,,,,,,,,,,,,,,,,,,,,,,,,,,,,,,,,,,,,,,,,,,,,,,,,,,,,,,,,,,,,,,,,,
ds-126746,MEDIA,,,,,,6673aa_eb7abc3cc8fc4a5fb9b8c243351ecc52~mv2.jpg,,,,,,,,,,,,,,,,,,,,,,,,,,,,,,,,,,,,,,,,,,,,,,,,,,,,,,,,,,,,,,,,,,,,,,,,,,,,,,,,,,,,,
ds-126746,MEDIA,,,,,,6673aa_af8965cadc8345dcbacad4dbb358d479~mv2.jpg,,,,,,,,,,,,,,,,,,,,,,,,,,,,,,,,,,,,,,,,,,,,,,,,,,,,,,,,,,,,,,,,,,,,,,,,,,,,,,,,,,,,,
ds-126746,MEDIA,,,,,,6673aa_b0b1325b3cf644f4aee8feb2f33db8bc~mv2.jpg,,,,,,,,,,,,,,,,,,,,,,,,,,,,,,,,,,,,,,,,,,,,,,,,,,,,,,,,,,,,,,,,,,,,,,,,,,,,,,,,,,,,,
ds-126464,PRODUCT,Tissot PRX,true,"<p>Edelstahlgehäuse und -band, Lünette aus 750 Rotgold, rosa Zifferblatt mit 44 Diamanten im 8/8 0.0704ct Top Wesselton vs, Datumsanzeige, Saphirglas, Automatisches Uhrwerk, Durchmesser: 35mm, 10bar Wasserdicht, zwei Jahre GarantieReferenz: T931.207.41.336.00Verfügbar in der Bijouterie am Bogen in Bremgarten AG</p>",uhren;damenuhren;tissot;sale,uhren,,,,Tissot,1397,1995,,,,,1000,1,false,,,126464,T931.207.41.336.00,,,,,,,,,,,,,,,,,,,,,,,,,,,,,,,,,,,,,,,,,,,,,,,,,,,,,,,,,,,,,,,,,,,,,
ds-126464,MEDIA,,,,,,6673aa_83079cfd40864307ae29f20ec0f6b8cd~mv2.png,,,,,,,,,,,,,,,,,,,,,,,,,,,,,,,,,,,,,,,,,,,,,,,,,,,,,,,,,,,,,,,,,,,,,,,,,,,,,,,,,,,,,
ds-126464,MEDIA,,,,,,6673aa_c96f2831dd824bd7bdd602abdcf9eabb~mv2.jpg,,,,,,,,,,,,,,,,,,,,,,,,,,,,,,,,,,,,,,,,,,,,,,,,,,,,,,,,,,,,,,,,,,,,,,,,,,,,,,,,,,,,,
ds-126464,MEDIA,,,,,,6673aa_1c4f58f0f5c64529836ab171a783fddf~mv2.jpg,,,,,,,,,,,,,,,,,,,,,,,,,,,,,,,,,,,,,,,,,,,,,,,,,,,,,,,,,,,,,,,,,,,,,,,,,,,,,,,,,,,,,
ds-126464,MEDIA,,,,,,6673aa_a0b9163c32fc43bbbfbff7342ad52b03~mv2.jpg,,,,,,,,,,,,,,,,,,,,,,,,,,,,,,,,,,,,,,,,,,,,,,,,,,,,,,,,,,,,,,,,,,,,,,,,,,,,,,,,,,,,,
ds-126464,MEDIA,,,,,,6673aa_613e5a03a02747f0b568538eb5be190f~mv2.jpg,,,,,,,,,,,,,,,,,,,,,,,,,,,,,,,,,,,,,,,,,,,,,,,,,,,,,,,,,,,,,,,,,,,,,,,,,,,,,,,,,,,,,
ds-128799,PRODUCT,Thomas Sabo Charm Club Collier,true,"<p>gearbeitet in 925 Sterlingsilber vergoldet, Oberfläche: poliert, mit weissem Charmista Coin mit Kaltemail, Länge: 45cm, Karabinerverschluss, 2 Jahre GarantieReferenz: X2089-427-39-L45Verfügbar in der Bijouterie am Bogen in Bremgarten AG</p>",schmuck;colliers;thomas-sabo,schmuck,,,,Thomas Sabo,198,,,,,,87.1,1,false,,,128799,X2089-427-39-L45,,,,,,,,,,,,,,,,,,,,,,,,,,,,,,,,,,,,,,,,,,,,,,,,,,,,,,,,,,,,,,,,,,,,,
ds-128799,MEDIA,,,,,,6673aa_d2b8aaf43c6b4330aad3f410a87b101d~mv2.jpg,,,,,,,,,,,,,,,,,,,,,,,,,,,,,,,,,,,,,,,,,,,,,,,,,,,,,,,,,,,,,,,,,,,,,,,,,,,,,,,,,,,,,
ds-128798,PRODUCT,Thomas Sabo Charm Club Collier,true,"<p>gearbeitet in 925 Sterlingsilber, Oberfläche: poliert, mit weissem Charmista Coin mit Kaltemail, Länge: 45cm, Karabinerverschluss, 2 Jahre GarantieReferenz: X2089-007-21-L45Verfügbar in der Bijouterie am Bogen in Bremgarten AG</p>",schmuck;colliers;thomas-sabo,schmuck,,,,Thomas Sabo,109,,,,,,39.6,2,false,,,128798,X2089-007-21-L45,,,,,,,,,,,,,,,,,,,,,,,,,,,,,,,,,,,,,,,,,,,,,,,,,,,,,,,,,,,,,,,,,,,,,
ds-128798,MEDIA,,,,,,6673aa_86818f199b0d4ec4866f8963946baf68~mv2.jpg,,,,,,,,,,,,,,,,,,,,,,,,,,,,,,,,,,,,,,,,,,,,,,,,,,,,,,,,,,,,,,,,,,,,,,,,,,,,,,,,,,,,,
ds-128797,PRODUCT,Thomas Sabo Charm Club Collier,true,"<p>gearbeitet in 925 Sterlingsilber, Oberfläche: poliert, mit weissem Charmista Coin mit Kaltemail, Länge: 45cm, Karabinerverschluss, 2 Jahre GarantieReferenz: X0288-007-21-L45Verfügbar in der Bijouterie am Bogen in Bremgarten AG</p>",schmuck;colliers;thomas-sabo,schmuck,,,,Thomas Sabo,165,,,,,,62.1,1,false,,,128797,X0288-007-21-L45,,,,,,,,,,,,,,,,,,,,,,,,,,,,,,,,,,,,,,,,,,,,,,,,,,,,,,,,,,,,,,,,,,,,,
ds-128797,MEDIA,,,,,,6673aa_9b70e929b0134bb1a82aa2ce955f0fae~mv2.png,,,,,,,,,,,,,,,,,,,,,,,,,,,,,,,,,,,,,,,,,,,,,,,,,,,,,,,,,,,,,,,,,,,,,,,,,,,,,,,,,,,,,
ds-128788,PRODUCT,Thomas Sabo Charm Club Buchstaben W,true,"<p>gearbeitet in 925 Sterlingsilber, Oberfläche: poliert, mit weissen Zirkonia, Buchstaben W, Karabinerverschluss, 2 Jahre GarantieReferenz: 1960-051-14Verfügbar in der Bijouterie am Bogen in Bremgarten AG</p>",schmuck;beads-charms;thomas-sabo,schmuck,,,,Thomas Sabo,45,,,,,,18.75,1,false,,,128788,1960-051-14,,,,,,,,,,,,,,,,,,,,,,,,,,,,,,,,,,,,,,,,,,,,,,,,,,,,,,,,,,,,,,,,,,,,,
ds-128788,MEDIA,,,,,,6673aa_b6542d11955c4d27bee69479aa665df7~mv2.jpg,,,,,,,,,,,,,,,,,,,,,,,,,,,,,,,,,,,,,,,,,,,,,,,,,,,,,,,,,,,,,,,,,,,,,,,,,,,,,,,,,,,,,
ds-128787,PRODUCT,Thomas Sabo Charm Club Buchstaben V,true,"<p>gearbeitet in 925 Sterlingsilber, Oberfläche: poliert, mit weissen Zirkonia, Buchstaben V, Karabinerverschluss, 2 Jahre GarantieReferenz: 1959-051-14Verfügbar in der Bijouterie am Bogen in Bremgarten AG</p>",schmuck;beads-charms;thomas-sabo,schmuck,,,,Thomas Sabo,45,,,,,,18.75,1,false,,,128787,1959-051-14,,,,,,,,,,,,,,,,,,,,,,,,,,,,,,,,,,,,,,,,,,,,,,,,,,,,,,,,,,,,,,,,,,,,,
ds-128787,MEDIA,,,,,,6673aa_360caabb1ea34adfae56e691d0da40a7~mv2.jpg,,,,,,,,,,,,,,,,,,,,,,,,,,,,,,,,,,,,,,,,,,,,,,,,,,,,,,,,,,,,,,,,,,,,,,,,,,,,,,,,,,,,,
ds-124706,PRODUCT,Tissot Classic Dream,true,"<p>Edelstahlgehäuse und -band, weisses Zifferblatt, Datum, Saphirglas, 5bar Wasserdicht, zwei Jahre GarantieReferenz: T129.410.11.013.00Verfügbar in der Bijouterie am Bogen in Bremgarten AG</p>",uhren;herrenuhren;tissot;sale,uhren,,,,Tissot,177,295,,,,,153.2,1,false,,,124706,T129.410.11.013.00,,,,,,,,,,,,,,,,,,,,,,,,,,,,,,,,,,,,,,,,,,,,,,,,,,,,,,,,,,,,,,,,,,,,,
ds-124706,MEDIA,,,,,,6673aa_25a1177275ea43859a4b91cd6aee00c6~mv2.png,,,,,,,,,,,,,,,,,,,,,,,,,,,,,,,,,,,,,,,,,,,,,,,,,,,,,,,,,,,,,,,,,,,,,,,,,,,,,,,,,,,,,
ds-131622,PRODUCT,Tissot Seastar 1000,true,"<p>Gehäuse und Band aus Edelstahl / PVD rosé, Quarzwerk EOL, Saphirglas, Zifferblatt Perlmutt mit einer Datumsanzeige, Durchmesser 36mm, Wasserdicht bis 30bar, 2 Jahre GarantieReferenz: T120.210.22.111.00Verfügbar in der Bijouterie Am Bogen in Bremgarten AG und in der Bijouterie Droz in Zofingen AG</p>",uhren;damenuhren;tissot,,,,,Tissot,465,,,,,,258.1,2,false,,,131622,T120.210.22.111.00,,,,,,,,,,,,,,,,,,,,,,,,,,,,,,,,,,,,,,,,,,,,,,,,,,,,,,,,,,,,,,,,,,,,,
ds-131622,MEDIA,,,,,,6673aa_5ef884f4a60040ceaaa8527b37d650b3~mv2.png,,,,,,,,,,,,,,,,,,,,,,,,,,,,,,,,,,,,,,,,,,,,,,,,,,,,,,,,,,,,,,,,,,,,,,,,,,,,,,,,,,,,,
ds-131622,MEDIA,,,,,,6673aa_2e1897d1e38d422eaad08e0c8b6d8c81~mv2.jpg,,,,,,,,,,,,,,,,,,,,,,,,,,,,,,,,,,,,,,,,,,,,,,,,,,,,,,,,,,,,,,,,,,,,,,,,,,,,,,,,,,,,,
ds-131622,MEDIA,,,,,,6673aa_904260dcae38436b85b6739fb6ec5024~mv2.jpg,,,,,,,,,,,,,,,,,,,,,,,,,,,,,,,,,,,,,,,,,,,,,,,,,,,,,,,,,,,,,,,,,,,,,,,,,,,,,,,,,,,,,
ds-131622,MEDIA,,,,,,6673aa_4731f7f27d454406a56f8cbe25b86e90~mv2.jpg,,,,,,,,,,,,,,,,,,,,,,,,,,,,,,,,,,,,,,,,,,,,,,,,,,,,,,,,,,,,,,,,,,,,,,,,,,,,,,,,,,,,,
ds-130235,PRODUCT,Thomas Sabo Charm Club Eifelturm,true,"<p>gearbeitet in 925 Sterlingsilber geschwärzt, Eifelturm, Oberfläche: poliert, Herz, Karabinerverschluss, zwei Jahre GarantieReferenz: 2074-643-21Verfügbar in der Bijouterie am Bogen in Bremgarten AG</p>",schmuck;beads-charms;thomas-sabo,schmuck,,,,Thomas Sabo,45,,,,,,17.8,1,false,,,130235,2074-643-21,,,,,,,,,,,,,,,,,,,,,,,,,,,,,,,,,,,,,,,,,,,,,,,,,,,,,,,,,,,,,,,,,,,,,
ds-130235,MEDIA,,,,,,6673aa_b3db888f83064894a3f81b7970c9fcee~mv2.png,,,,,,,,,,,,,,,,,,,,,,,,,,,,,,,,,,,,,,,,,,,,,,,,,,,,,,,,,,,,,,,,,,,,,,,,,,,,,,,,,,,,,
ds-131631,PRODUCT,Tissot Seastar 1000,true,"<p>Gehäuse und Band aus Edelstahl / PVD rosé, Quarzwerk EOL, Saphirglas, Zifferblatt schwarz mit einer Datumsanzeige, Durchmesser 36mm, Wasserdicht bis 30bar, zwei Jahre GarantieReferenz: T120.410.22.051.01Verfügbar in der Bijouterie am Bogen in Bremgarten AG</p>",uhren;damenuhren;tissot,,,,,Tissot,465,,,,,,258.1,1,false,,,131631,T120.410.22.051.01,,,,,,,,,,,,,,,,,,,,,,,,,,,,,,,,,,,,,,,,,,,,,,,,,,,,,,,,,,,,,,,,,,,,,
ds-131631,MEDIA,,,,,,6673aa_b5d6b2612a6f4b629ff0867224ab035e~mv2.png,,,,,,,,,,,,,,,,,,,,,,,,,,,,,,,,,,,,,,,,,,,,,,,,,,,,,,,,,,,,,,,,,,,,,,,,,,,,,,,,,,,,,
ds-131631,MEDIA,,,,,,6673aa_a7432a23918a4eda803583c8519e8ecd~mv2.jpg,,,,,,,,,,,,,,,,,,,,,,,,,,,,,,,,,,,,,,,,,,,,,,,,,,,,,,,,,,,,,,,,,,,,,,,,,,,,,,,,,,,,,
ds-131631,MEDIA,,,,,,6673aa_b7e5734d8ff242a38c4695d3c46ebad5~mv2.jpg,,,,,,,,,,,,,,,,,,,,,,,,,,,,,,,,,,,,,,,,,,,,,,,,,,,,,,,,,,,,,,,,,,,,,,,,,,,,,,,,,,,,,
ds-131631,MEDIA,,,,,,6673aa_c0fb008a948e41e78bddf5d180a8bf6a~mv2.jpg,,,,,,,,,,,,,,,,,,,,,,,,,,,,,,,,,,,,,,,,,,,,,,,,,,,,,,,,,,,,,,,,,,,,,,,,,,,,,,,,,,,,,
ds-111404,PRODUCT,Tissot Flamingo,true,"<p>Edelstahlgehäuse und -band, Quarzwerk EOL, Datum, Zifferblatt schwarz, Saphirglas, 5bar Wasserdicht, zwei Jahre GarantieReferenz: T094.210.11.051.00Verfügbar in der Bijouterie am Bogen in Bremgarten AG</p>",uhren;damenuhren;tissot,uhren,,,,Tissot,325,,,,,,181.05,1,false,,,111404,T094.210.11.051.00,,,,,,,,,,,,,,,,,,,,,,,,,,,,,,,,,,,,,,,,,,,,,,,,,,,,,,,,,,,,,,,,,,,,,
ds-111404,MEDIA,,,,,,6673aa_a3cf76f00d2f49a1b4ff6356591bcc11~mv2.png,,,,,,,,,,,,,,,,,,,,,,,,,,,,,,,,,,,,,,,,,,,,,,,,,,,,,,,,,,,,,,,,,,,,,,,,,,,,,,,,,,,,,
ds-131633,PRODUCT,Tissot Desire,true,"<p>Gehäuse aus Edelstahl, Oberfläche: poliert, Quarzwerk, EOL, Zifferblatt Perlmutt, Saphirglas, Durchmesser: 28mm, Wasserdicht bis 5bar, 2 Jahre GarantieReferenz: T152.010.11.118.00Verfügbar in der Bijouterie Am Bogen in Bremgarten AG und in der Bijouterie Droz in Zofingen AG</p>",uhren;damenuhren;tissot,,,,,Tissot,365,,,,,,202.6,2,false,,,131633,T152.010.11.118.00,,,,,,,,,,,,,,,,,,,,,,,,,,,,,,,,,,,,,,,,,,,,,,,,,,,,,,,,,,,,,,,,,,,,,
ds-131633,MEDIA,,,,,,6673aa_d1b52389964044b7a23cbca854f99fb4~mv2.png,,,,,,,,,,,,,,,,,,,,,,,,,,,,,,,,,,,,,,,,,,,,,,,,,,,,,,,,,,,,,,,,,,,,,,,,,,,,,,,,,,,,,
ds-131633,MEDIA,,,,,,6673aa_deb98ff44b6f4472a6f6f885ff7f8098~mv2.jpg,,,,,,,,,,,,,,,,,,,,,,,,,,,,,,,,,,,,,,,,,,,,,,,,,,,,,,,,,,,,,,,,,,,,,,,,,,,,,,,,,,,,,
ds-131633,MEDIA,,,,,,6673aa_e3b4c3d9be404ef9a6442641a641934c~mv2.jpg,,,,,,,,,,,,,,,,,,,,,,,,,,,,,,,,,,,,,,,,,,,,,,,,,,,,,,,,,,,,,,,,,,,,,,,,,,,,,,,,,,,,,
ds-131633,MEDIA,,,,,,6673aa_425c2486979d492db569b95901b57765~mv2.jpg,,,,,,,,,,,,,,,,,,,,,,,,,,,,,,,,,,,,,,,,,,,,,,,,,,,,,,,,,,,,,,,,,,,,,,,,,,,,,,,,,,,,,
ds-130535,PRODUCT,Tissot Desire,true,"<p>Gehäuse aus Edelstahl, mit einem blauen Lederband und einer Faltschliesse gearbeitet in Edelstahl, Oberfläche: poliert, Quarzwerk, EOL, Zifferblatt blau, Saphirglas, Durchmesser: 28mm, Wasserdicht bis 5bar, 2 Jahre GarantieReferenz: T152.010.16.038.01Verfügbar in der Bijouterie am Bogen in Bremgarten AG</p>",uhren;damenuhren;tissot,uhren,,,,Tissot,295,,,,,,158.2,1,false,,,130535,T152.010.16.038.01,,,,,,,,,,,,,,,,,,,,,,,,,,,,,,,,,,,,,,,,,,,,,,,,,,,,,,,,,,,,,,,,,,,,,
ds-130535,MEDIA,,,,,,6673aa_a13996d0273e4cb3b37caaaa37fa804e~mv2.png,,,,,,,,,,,,,,,,,,,,,,,,,,,,,,,,,,,,,,,,,,,,,,,,,,,,,,,,,,,,,,,,,,,,,,,,,,,,,,,,,,,,,
ds-130535,MEDIA,,,,,,6673aa_91c5c11300914f9380f4dc25bcfb7b18~mv2.png,,,,,,,,,,,,,,,,,,,,,,,,,,,,,,,,,,,,,,,,,,,,,,,,,,,,,,,,,,,,,,,,,,,,,,,,,,,,,,,,,,,,,
ds-130535,MEDIA,,,,,,6673aa_ce2f2e53287b4e1db458a91da820c276~mv2.png,,,,,,,,,,,,,,,,,,,,,,,,,,,,,,,,,,,,,,,,,,,,,,,,,,,,,,,,,,,,,,,,,,,,,,,,,,,,,,,,,,,,,
ds-131772,PRODUCT,Thomas Sabo Charm Club Schleife,true,"<p>gearbeitet in 925 Stearlingsilber, Oberfläche: poliert, Schleife, Karabinerverschluss, zwei Jahre GarantieReferenz: 0619-001-12Verfügbar in der Bijouterie am Bogen in Bremgarten AG</p>",schmuck;beads-charms;thomas-sabo,schmuck,,,,Thomas Sabo,42,,,,,,16.6,1,false,,,131772,0619-001-12,,,,,,,,,,,,,,,,,,,,,,,,,,,,,,,,,,,,,,,,,,,,,,,,,,,,,,,,,,,,,,,,,,,,,
ds-131772,MEDIA,,,,,,6673aa_e6e03c1f1b67427299252a51d9536df7~mv2.jpg,,,,,,,,,,,,,,,,,,,,,,,,,,,,,,,,,,,,,,,,,,,,,,,,,,,,,,,,,,,,,,,,,,,,,,,,,,,,,,,,,,,,,
ds-130177,PRODUCT,Tissot Chemin des Tourelles,true,"<p>Gehäuse und Band aus Edelstahl matt/poliert, automatisches Werk mit 80 Stunden Gangreserve, Saphirglas, Zifferblatt blau, Durchmesser 42mm, Wasserdicht bis 5bar, zwei Jahre GarantieReferenz: T139.407.11.048.00Verfügbar in der Bijouterie am Bogen in Bremgarten AG</p>",uhren;herrenuhren;tissot,uhren,,,,Tissot,795,,,,,,441.25,1,false,,,130177,T139.407.11.048.00,,,,,,,,,,,,,,,,,,,,,,,,,,,,,,,,,,,,,,,,,,,,,,,,,,,,,,,,,,,,,,,,,,,,,
ds-130177,MEDIA,,,,,,6673aa_9c1079e85fed4f4faef29db354c59c18~mv2.png,,,,,,,,,,,,,,,,,,,,,,,,,,,,,,,,,,,,,,,,,,,,,,,,,,,,,,,,,,,,,,,,,,,,,,,,,,,,,,,,,,,,,
ds-130177,MEDIA,,,,,,6673aa_c31d4eb3e82a4540ad21fbcbbca8544f~mv2.jpg,,,,,,,,,,,,,,,,,,,,,,,,,,,,,,,,,,,,,,,,,,,,,,,,,,,,,,,,,,,,,,,,,,,,,,,,,,,,,,,,,,,,,
ds-130177,MEDIA,,,,,,6673aa_7001df117f3249b989a0a089bf2e9a9e~mv2.jpg,,,,,,,,,,,,,,,,,,,,,,,,,,,,,,,,,,,,,,,,,,,,,,,,,,,,,,,,,,,,,,,,,,,,,,,,,,,,,,,,,,,,,
ds-130177,MEDIA,,,,,,6673aa_9ababf19fb4e49afb8d000159d7fe7b2~mv2.jpg,,,,,,,,,,,,,,,,,,,,,,,,,,,,,,,,,,,,,,,,,,,,,,,,,,,,,,,,,,,,,,,,,,,,,,,,,,,,,,,,,,,,,
ds-131331,PRODUCT,Thomas Sabo Charm Club Bracelet,true,"<p>gearbeitet in 925 Sterlingsilber, Oberfläche: poliert, mit weissem Charmista Coin mit Kaltemail, Länge: 19cm, Karabinerverschluss, 2 Jahre GarantieReferenz: X0285-007-21-L19Verfügbar in der Bijouterie am Bogen in Bremgarten AG</p>",schmuck;bracelets;thomas-sabo,schmuck,,,,Thomas Sabo,115,,,,,,47.9,1,false,,,131331,X0285-007-21-L19,,,,,,,,,,,,,,,,,,,,,,,,,,,,,,,,,,,,,,,,,,,,,,,,,,,,,,,,,,,,,,,,,,,,,
ds-131331,MEDIA,,,,,,6673aa_b689476a50324bf28ee4aa4143f6c09b~mv2.jpg,,,,,,,,,,,,,,,,,,,,,,,,,,,,,,,,,,,,,,,,,,,,,,,,,,,,,,,,,,,,,,,,,,,,,,,,,,,,,,,,,,,,,
ds-129983,PRODUCT,Tissot Chemin des Tourelles,true,"<p>Gehäuse aus Edelstahl, Lederband braun mit einer Faltschliesse aus Edelstahl, automatisches Uhrwerk mit 80h Gangreserve, Saphirglas, Openheart Zifferblatt beige mit Index, Durchmesser 39mm, Wasserdicht bis 5bar, zwei Jahre GarantieReferenz: T139.836.16.261.00Verfügbar in der Bijouterie Am Bogen in Bremgarten AG und in der Bijouterie Droz in Zofingen AG</p>",uhren;herrenuhren;tissot,uhren,,,,Tissot,845,,,,,,469,2,false,,,129983,T139.836.16.261.00,,,,,,,,,,,,,,,,,,,,,,,,,,,,,,,,,,,,,,,,,,,,,,,,,,,,,,,,,,,,,,,,,,,,,
ds-129983,MEDIA,,,,,,6673aa_378f92816983446e87020801c1176c4d~mv2.png,,,,,,,,,,,,,,,,,,,,,,,,,,,,,,,,,,,,,,,,,,,,,,,,,,,,,,,,,,,,,,,,,,,,,,,,,,,,,,,,,,,,,
ds-129983,MEDIA,,,,,,6673aa_4e75930428414c1caa12a854d7d0991d~mv2.png,,,,,,,,,,,,,,,,,,,,,,,,,,,,,,,,,,,,,,,,,,,,,,,,,,,,,,,,,,,,,,,,,,,,,,,,,,,,,,,,,,,,,
ds-129983,MEDIA,,,,,,6673aa_632f83a6847545e3b6f2a1a31c3a03e1~mv2.png,,,,,,,,,,,,,,,,,,,,,,,,,,,,,,,,,,,,,,,,,,,,,,,,,,,,,,,,,,,,,,,,,,,,,,,,,,,,,,,,,,,,,
ds-131330,PRODUCT,Thomas Sabo Charm Club Bracelet,true,"<p>gearbeitet in 925 Sterlingsilber, Oberfläche: poliert, mit weissem Charmista Coin mit Kaltemail, Länge: 17cm, Karabinerverschluss, 2 Jahre GarantieReferenz: X0285-007-21-L17Verfügbar in der Bijouterie am Bogen in Bremgarten AG</p>",schmuck;bracelets;thomas-sabo,schmuck,,,,Thomas Sabo,98,,,,,,40.85,1,false,,,131330,X0285-007-21-L17,,,,,,,,,,,,,,,,,,,,,,,,,,,,,,,,,,,,,,,,,,,,,,,,,,,,,,,,,,,,,,,,,,,,,
ds-131330,MEDIA,,,,,,6673aa_5f9d42de1513483ba1c145ed2b0a15f9~mv2.jpg,,,,,,,,,,,,,,,,,,,,,,,,,,,,,,,,,,,,,,,,,,,,,,,,,,,,,,,,,,,,,,,,,,,,,,,,,,,,,,,,,,,,,
ds-129982,PRODUCT,Tissot Chemin des Tourelles,true,"<p>Gehäuse und Band aus Edelstahl, automatisches Uhrwerk mit 80h Gangreserve, Saphirglas, Openheart Zifferblatt blau mit Index, Durchmesser 39mm, Wasserdicht bis 5bar, zwei Jahre GarantieReferenz: T139.836.11.048.00Verfügbar in der Bijouterie Am Bogen in Bremgarten AG und in der Bijouterie Droz in Zofingen AG</p>",uhren;herrenuhren;tissot,uhren,,,,Tissot,895,,,,,,496.75,2,false,,,129982,T139.836.11.048.00,,,,,,,,,,,,,,,,,,,,,,,,,,,,,,,,,,,,,,,,,,,,,,,,,,,,,,,,,,,,,,,,,,,,,
ds-129982,MEDIA,,,,,,6673aa_a88d5961c4f64f4a9a51796e93c391d3~mv2.png,,,,,,,,,,,,,,,,,,,,,,,,,,,,,,,,,,,,,,,,,,,,,,,,,,,,,,,,,,,,,,,,,,,,,,,,,,,,,,,,,,,,,
ds-129982,MEDIA,,,,,,6673aa_58ae48de72ac44b7ab43e0cccda7ba35~mv2.png,,,,,,,,,,,,,,,,,,,,,,,,,,,,,,,,,,,,,,,,,,,,,,,,,,,,,,,,,,,,,,,,,,,,,,,,,,,,,,,,,,,,,
ds-129982,MEDIA,,,,,,6673aa_902151febf3b4617835efc02e5c514b2~mv2.png,,,,,,,,,,,,,,,,,,,,,,,,,,,,,,,,,,,,,,,,,,,,,,,,,,,,,,,,,,,,,,,,,,,,,,,,,,,,,,,,,,,,,
ds-131315,PRODUCT,Thomas Sabo Charm Club Collier,true,"<p>gearbeitet in 925 Silber vergoldet, mit weissen Zirkonia, Ankerkette, Länge: 40cm-45cm, Karabinerverschluss, zwei Jahre GarantieReferenz: KE2071-414-14-L45VVerfügbar in der Bijouterie am Bogen in Bremgarten AG</p>",schmuck;colliers;thomas-sabo,schmuck,,,,Thomas Sabo,139,,,,,,57.9,1,false,,,131315,KE2071-414-14-L45V,,,,,,,,,,,,,,,,,,,,,,,,,,,,,,,,,,,,,,,,,,,,,,,,,,,,,,,,,,,,,,,,,,,,,
ds-131315,MEDIA,,,,,,6673aa_81962aae504c400ca84934dbbc0bd158~mv2.png,,,,,,,,,,,,,,,,,,,,,,,,,,,,,,,,,,,,,,,,,,,,,,,,,,,,,,,,,,,,,,,,,,,,,,,,,,,,,,,,,,,,,
ds-130832,PRODUCT,Thomas Sabo Charm Club Gänseblümchen,true,"<p>gearbeitet in 925 Silber, Oberfläche: poliert, mit weissen und einem gelben Zirkonia, Karabinerverschluss, zwei Jahre GarantieReferenz: 2212-051-14Verfügbar in der Bijouterie am Bogen in Bremgarten AG</p>",schmuck;beads-charms;thomas-sabo,,,,,Thomas Sabo,95,,,,,,39.6,1,false,,,130832,2212-051-14,,,,,,,,,,,,,,,,,,,,,,,,,,,,,,,,,,,,,,,,,,,,,,,,,,,,,,,,,,,,,,,,,,,,,
ds-130832,MEDIA,,,,,,6673aa_2239f84172214090b5df8bdf7331888c~mv2.png,,,,,,,,,,,,,,,,,,,,,,,,,,,,,,,,,,,,,,,,,,,,,,,,,,,,,,,,,,,,,,,,,,,,,,,,,,,,,,,,,,,,,
ds-130742,PRODUCT,Thomas Sabo Charm Club Herz,true,"<p>gearbeitet in 925 Silber, Oberfläche: poliert, mit einem rosa Zirkonia, Herz, Karabinerverschluss, zwei Jahre GarantieReferenz: 2205-051-9Verfügbar in der Bijouterie am Bogen in Bremgarten AG</p>",schmuck;beads-charms;thomas-sabo,,,,,Thomas Sabo,69,,,,,,28.75,1,false,,,130742,2205-051-9,,,,,,,,,,,,,,,,,,,,,,,,,,,,,,,,,,,,,,,,,,,,,,,,,,,,,,,,,,,,,,,,,,,,,
ds-130742,MEDIA,,,,,,6673aa_2557a605fb5b4bb09c92c21838f1f6f4~mv2.png,,,,,,,,,,,,,,,,,,,,,,,,,,,,,,,,,,,,,,,,,,,,,,,,,,,,,,,,,,,,,,,,,,,,,,,,,,,,,,,,,,,,,
ds-132917,PRODUCT,Tissot Ballade COSC Chronometer,true,"<p>Gehäuse und Band aus Edelstahl, automatisches Werk mit 80h Gangreserve Chronometer, Saphirglas, Zifferblatt blau mit Datumsanzeige, Durchmesser 39mm, Wasserdicht bis 10bar, 2 Jahre GarantieReferenz: T156.408.11.043.00Verfügbar in der Bijouterie am Bogen in Bremgarten AG</p>",uhren;herrenuhren;tissot,uhren,,,,Tissot,925,,,,,,513.4,1,false,,,132917,T156.408.11.043.00,,,,,,,,,,,,,,,,,,,,,,,,,,,,,,,,,,,,,,,,,,,,,,,,,,,,,,,,,,,,,,,,,,,,,
ds-132917,MEDIA,,,,,,6673aa_5165a7cc4f3a4c44b524189f00890fe8~mv2.png,,,,,,,,,,,,,,,,,,,,,,,,,,,,,,,,,,,,,,,,,,,,,,,,,,,,,,,,,,,,,,,,,,,,,,,,,,,,,,,,,,,,,
ds-130741,PRODUCT,Thomas Sabo Charm Club Herz,true,"<p>gearbeitet in 925 Silber, Oberfläche: poliert, mit weissen Zirkonia, Herz, Karabinerverschluss, zwei Jahre GarantieReferenz: 2203-051-14Verfügbar in der Bijouterie am Bogen in Bremgarten AG</p>",schmuck;beads-charms;thomas-sabo,schmuck,,,,Thomas Sabo,65,,,,,,25,2,false,,,130741,2203-051-14,,,,,,,,,,,,,,,,,,,,,,,,,,,,,,,,,,,,,,,,,,,,,,,,,,,,,,,,,,,,,,,,,,,,,
ds-130741,MEDIA,,,,,,6673aa_53d8e775027249f0a1cce4246eaf8ff6~mv2.png,,,,,,,,,,,,,,,,,,,,,,,,,,,,,,,,,,,,,,,,,,,,,,,,,,,,,,,,,,,,,,,,,,,,,,,,,,,,,,,,,,,,,
ds-120440,PRODUCT,Tissot T Wave II,true,"<p>Gehäuse und Band aus Edelstahl poliert, Quarzwerk, Saphirglas, Zifferblatt Perlmutt römisch, Durchmesser 30mm, Wasserdicht bis 3bar, zwei Jahre GarantieReferenz: T112.210.11.113.00Verfügbar in der Bijouterie am Bogen in Bremgarten AG</p>",uhren;damenuhren;tissot,uhren,,,,Tissot,365,,,,,,192.2,1,false,,,120440,T112.210.11.113.00,,,,,,,,,,,,,,,,,,,,,,,,,,,,,,,,,,,,,,,,,,,,,,,,,,,,,,,,,,,,,,,,,,,,,
ds-120440,MEDIA,,,,,,6673aa_f642c31d8de147ecb074b3cf5b6f09dc~mv2.png,,,,,,,,,,,,,,,,,,,,,,,,,,,,,,,,,,,,,,,,,,,,,,,,,,,,,,,,,,,,,,,,,,,,,,,,,,,,,,,,,,,,,
ds-130740,PRODUCT,Thomas Sabo Charm Club Herz,true,"<p>gearbeitet in 925 Silber, Oberfläche: poliert, mit weissen Zirkonia, Herz, Karabinerverschluss, zwei Jahre GarantieReferenz: 2202-051-14Verfügbar in der Bijouterie am Bogen in Bremgarten AG</p>",schmuck;beads-charms;thomas-sabo,,,,,Thomas Sabo,59,,,,,,24.6,1,false,,,130740,2202-051-14,,,,,,,,,,,,,,,,,,,,,,,,,,,,,,,,,,,,,,,,,,,,,,,,,,,,,,,,,,,,,,,,,,,,,
ds-130740,MEDIA,,,,,,6673aa_736c8e2691464202abcce9ab7e3cfc8d~mv2.png,,,,,,,,,,,,,,,,,,,,,,,,,,,,,,,,,,,,,,,,,,,,,,,,,,,,,,,,,,,,,,,,,,,,,,,,,,,,,,,,,,,,,
ds-126955,PRODUCT,Tissot Bellissima,true,"<p>Edelstahlgehäuse und -band, Perlmutt Zifferblatt blau mit Datumsanzeige, Quarzwerk, Saphirglas, 5bar Wasserdicht, zwei Jahre GarantieReferenz: T126.010.11.133.00Verfügbar in der Bijouterie am Bogen in Bremgarten AG</p>",uhren;damenuhren;tissot,,,,,Tissot,425,,,,,,235.9,1,false,,,126955,T126.010.11.133.00,,,,,,,,,,,,,,,,,,,,,,,,,,,,,,,,,,,,,,,,,,,,,,,,,,,,,,,,,,,,,,,,,,,,,
ds-126955,MEDIA,,,,,,6673aa_31ade652b35e4c8dbabf4ccefab8e8bf~mv2.png,,,,,,,,,,,,,,,,,,,,,,,,,,,,,,,,,,,,,,,,,,,,,,,,,,,,,,,,,,,,,,,,,,,,,,,,,,,,,,,,,,,,,
ds-126955,MEDIA,,,,,,6673aa_d4359a7f86834f0f9fd15e20c763167b~mv2.jpg,,,,,,,,,,,,,,,,,,,,,,,,,,,,,,,,,,,,,,,,,,,,,,,,,,,,,,,,,,,,,,,,,,,,,,,,,,,,,,,,,,,,,
ds-126955,MEDIA,,,,,,6673aa_f8b973481c56459382486d31e87ffc6a~mv2.jpg,,,,,,,,,,,,,,,,,,,,,,,,,,,,,,,,,,,,,,,,,,,,,,,,,,,,,,,,,,,,,,,,,,,,,,,,,,,,,,,,,,,,,
ds-126955,MEDIA,,,,,,6673aa_62cd7f4f09884f68b3c6ffd07ed05f9b~mv2.jpg,,,,,,,,,,,,,,,,,,,,,,,,,,,,,,,,,,,,,,,,,,,,,,,,,,,,,,,,,,,,,,,,,,,,,,,,,,,,,,,,,,,,,
ds-130275,PRODUCT,Thomas Sabo Charm Club Singapurcollier,true,"<p>gearbeitet in 925 Silber, Singapur, Länge: 40 bis 45cm, Karabinerverschluss, zwei Jahre GarantieReferenz: KE2284-001-21-L45VVerfügbar in der Bijouterie am Bogen in Bremgarten AG</p>",schmuck;colliers;thomas-sabo,schmuck,,,,Thomas Sabo,35,,,,,,14.6,1,false,,,130275,KE2284-001-21-L45V,,,,,,,,,,,,,,,,,,,,,,,,,,,,,,,,,,,,,,,,,,,,,,,,,,,,,,,,,,,,,,,,,,,,,
ds-130275,MEDIA,,,,,,6673aa_91490a739f9a4a818cec912267c2dc43~mv2.png,,,,,,,,,,,,,,,,,,,,,,,,,,,,,,,,,,,,,,,,,,,,,,,,,,,,,,,,,,,,,,,,,,,,,,,,,,,,,,,,,,,,,
ds-130275,MEDIA,,,,,,6673aa_96883804eeab49d18a25db4836ff1550~mv2.png,,,,,,,,,,,,,,,,,,,,,,,,,,,,,,,,,,,,,,,,,,,,,,,,,,,,,,,,,,,,,,,,,,,,,,,,,,,,,,,,,,,,,
ds-130238,PRODUCT,Thomas Sabo Charm Club Croissant,true,"<p>gearbeitet in 925 Sterlingsilver vergoldet, Croissant, Karabinerverschluss, zwei Jahre GarantieReferenz: 2079-413-39Verfügbar in der Bijouterie am Bogen in Bremgarten AG</p>",schmuck;beads-charms;thomas-sabo,schmuck,,,,Thomas Sabo,79,,,,,,31.25,1,false,,,130238,2079-413-39,,,,,,,,,,,,,,,,,,,,,,,,,,,,,,,,,,,,,,,,,,,,,,,,,,,,,,,,,,,,,,,,,,,,,
ds-130238,MEDIA,,,,,,6673aa_1bbd2124442845b19f5d7f0ee986f87a~mv2.png,,,,,,,,,,,,,,,,,,,,,,,,,,,,,,,,,,,,,,,,,,,,,,,,,,,,,,,,,,,,,,,,,,,,,,,,,,,,,,,,,,,,,
ds-122935,PRODUCT,Tissot Bellissima,true,"<p>Edelstahlgehäuse und -band PVD rosé, silbernes Zifferblatt, Quarzwerk mit Datumsanzeige, Saphirglas, Durchmesser: 26mm, 5bar Wasserdicht, zwei Jahre GarantieReferenz: T126.010.22.013.01Verfügbar in der Bijouterie am Bogen in Bremgarten AG</p>",uhren;damenuhren;tissot,,,,,Tissot,455,,,,,,252.55,1,false,,,122935,T126.010.22.013.01,,,,,,,,,,,,,,,,,,,,,,,,,,,,,,,,,,,,,,,,,,,,,,,,,,,,,,,,,,,,,,,,,,,,,
ds-122935,MEDIA,,,,,,6673aa_0b256a3fdcda46cf80eaee512cc27c9f~mv2.png,,,,,,,,,,,,,,,,,,,,,,,,,,,,,,,,,,,,,,,,,,,,,,,,,,,,,,,,,,,,,,,,,,,,,,,,,,,,,,,,,,,,,
ds-122935,MEDIA,,,,,,6673aa_756626d2908940748a1327890f243c4f~mv2.jpg,,,,,,,,,,,,,,,,,,,,,,,,,,,,,,,,,,,,,,,,,,,,,,,,,,,,,,,,,,,,,,,,,,,,,,,,,,,,,,,,,,,,,
ds-122935,MEDIA,,,,,,6673aa_da501da714674cd5a989e038300321ca~mv2.jpg,,,,,,,,,,,,,,,,,,,,,,,,,,,,,,,,,,,,,,,,,,,,,,,,,,,,,,,,,,,,,,,,,,,,,,,,,,,,,,,,,,,,,
ds-122935,MEDIA,,,,,,6673aa_3ca5c2d059a44ea684c9be257d3b25a6~mv2.jpg,,,,,,,,,,,,,,,,,,,,,,,,,,,,,,,,,,,,,,,,,,,,,,,,,,,,,,,,,,,,,,,,,,,,,,,,,,,,,,,,,,,,,
ds-122935,MEDIA,,,,,,6673aa_1e2eac4e9f4a48c49e92373d25d48a9f~mv2.jpg,,,,,,,,,,,,,,,,,,,,,,,,,,,,,,,,,,,,,,,,,,,,,,,,,,,,,,,,,,,,,,,,,,,,,,,,,,,,,,,,,,,,,
ds-122934,PRODUCT,Tissot Bellissima,true,"<p>Edelstahlgehäuse und -band, silbernes Zifferblatt mit Datumsanzeige, Quarzwerk, Saphirglas, Durchmesser: 26mm, 5bar Wasserdicht, zwei Jahre GarantieReferenz: T126.010.11.013.00Verfügbar in der Bijouterie am Bogen in Bremgarten AG</p>",uhren;damenuhren;tissot,uhren,,,,Tissot,425,,,,,,235.9,1,false,,,122934,T126.010.11.013.00,,,,,,,,,,,,,,,,,,,,,,,,,,,,,,,,,,,,,,,,,,,,,,,,,,,,,,,,,,,,,,,,,,,,,
ds-122934,MEDIA,,,,,,6673aa_6ed628edd0514d838d80bbeef693583e~mv2.png,,,,,,,,,,,,,,,,,,,,,,,,,,,,,,,,,,,,,,,,,,,,,,,,,,,,,,,,,,,,,,,,,,,,,,,,,,,,,,,,,,,,,
ds-122934,MEDIA,,,,,,6673aa_b36ff5e2e34340f991b06de093f56005~mv2.jpg,,,,,,,,,,,,,,,,,,,,,,,,,,,,,,,,,,,,,,,,,,,,,,,,,,,,,,,,,,,,,,,,,,,,,,,,,,,,,,,,,,,,,
ds-122934,MEDIA,,,,,,6673aa_99053b5d395e4bb5ba4e95eadc00148d~mv2.jpg,,,,,,,,,,,,,,,,,,,,,,,,,,,,,,,,,,,,,,,,,,,,,,,,,,,,,,,,,,,,,,,,,,,,,,,,,,,,,,,,,,,,,
ds-122934,MEDIA,,,,,,6673aa_c6de5fb498cc463d8bc4ba8f826b9677~mv2.jpg,,,,,,,,,,,,,,,,,,,,,,,,,,,,,,,,,,,,,,,,,,,,,,,,,,,,,,,,,,,,,,,,,,,,,,,,,,,,,,,,,,,,,
ds-127804,PRODUCT,Tissot Super Sport,true,"<p>Gehäuse aus Edelstahl PVD schwarz, mit einem Lederband schwarz, Quarzwerk, Saphirglas, Zifferblatt braun, Durchmesser 45mm, Wasserdicht bis 10bar, zwei Jahre Garantie</p><p>Referenz: T125.617.36.081.00</p><p>Verfügbar in der Bijouterie am Bogen in Bremgarten AG</p>",uhren;herrenuhren;tissot,,,,,Tissot,445,,,,,,242.35,1,false,,,127804,T125.617.36.081.00,,,,,,,,,,,,,,,,,,,,,,,,,,,,,,,,,,,,,,,,,,,,,,,,,,,,,,,,,,,,,,,,,,,,,
ds-127804,MEDIA,,,,,,6673aa_ca2550f2aef446e58bff27ec678620c0~mv2.png,,,,,,,,,,,,,,,,,,,,,,,,,,,,,,,,,,,,,,,,,,,,,,,,,,,,,,,,,,,,,,,,,,,,,,,,,,,,,,,,,,,,,
ds-127804,MEDIA,,,,,,6673aa_8de7d1fa62864bc687241ef50f7aa5fc~mv2.jpg,,,,,,,,,,,,,,,,,,,,,,,,,,,,,,,,,,,,,,,,,,,,,,,,,,,,,,,,,,,,,,,,,,,,,,,,,,,,,,,,,,,,,
ds-127804,MEDIA,,,,,,6673aa_56c6b3a2e8cf4770a7d559648944fad1~mv2.jpg,,,,,,,,,,,,,,,,,,,,,,,,,,,,,,,,,,,,,,,,,,,,,,,,,,,,,,,,,,,,,,,,,,,,,,,,,,,,,,,,,,,,,
ds-127804,MEDIA,,,,,,6673aa_e13b3148f5284731941e88f0667320da~mv2.jpg,,,,,,,,,,,,,,,,,,,,,,,,,,,,,,,,,,,,,,,,,,,,,,,,,,,,,,,,,,,,,,,,,,,,,,,,,,,,,,,,,,,,,
ds-133020,PRODUCT,Tissot Gentleman,true,"<p>Gehäuse und Band aus Edelstahl, Oberfläche: matt/poliert, automatische Uhrwerk mit 80h Gangreserve, Saphirglas, Zifferblatt schwarz mit Datumsanzeige, Durchmesser 38mm, Wasserdicht bis 10bar, zwei Jahre GarnantieReferenz: T165.807.11.051.00Verfügbar in der Bijouterie am Bogen in Bremgarten AG</p>",uhren;herrenuhren;tissot,uhren,,,,Tissot,695,,,,,,385.75,1,false,,,133020,T165.807.11.051.00,,,,,,,,,,,,,,,,,,,,,,,,,,,,,,,,,,,,,,,,,,,,,,,,,,,,,,,,,,,,,,,,,,,,,
ds-133020,MEDIA,,,,,,6673aa_6848b63dfc1c4e8fb496b929b418259f~mv2.png,,,,,,,,,,,,,,,,,,,,,,,,,,,,,,,,,,,,,,,,,,,,,,,,,,,,,,,,,,,,,,,,,,,,,,,,,,,,,,,,,,,,,
ds-128281,PRODUCT,Tissot Gentleman,true,"<p>Gehäuse und Band aus Titan, Quarzwerk, Saphirglas, Zifferblatt grau mit Datumsanzeige, Durchmesser 40mm, Wasserdicht bis 10bar, zwei Jahre GarantieReferenz: T127.410.44.081.00Verfügbar in der Bijouterie am Bogen in Bremgarten AG</p>",uhren;herrenuhren;tissot,uhren,,,,Tissot,495,,,,,,274.75,1,false,,,128281,T127.410.44.081.00,,,,,,,,,,,,,,,,,,,,,,,,,,,,,,,,,,,,,,,,,,,,,,,,,,,,,,,,,,,,,,,,,,,,,
ds-128281,MEDIA,,,,,,6673aa_6f83b6e65a894970ad3213a2591a670e~mv2.png,,,,,,,,,,,,,,,,,,,,,,,,,,,,,,,,,,,,,,,,,,,,,,,,,,,,,,,,,,,,,,,,,,,,,,,,,,,,,,,,,,,,,
ds-128281,MEDIA,,,,,,6673aa_c9f87a1e50ba4beba230ee5eaf251fb1~mv2.jpg,,,,,,,,,,,,,,,,,,,,,,,,,,,,,,,,,,,,,,,,,,,,,,,,,,,,,,,,,,,,,,,,,,,,,,,,,,,,,,,,,,,,,
ds-128281,MEDIA,,,,,,6673aa_04b05b6e9cf34e58943e777eb80bcc99~mv2.jpg,,,,,,,,,,,,,,,,,,,,,,,,,,,,,,,,,,,,,,,,,,,,,,,,,,,,,,,,,,,,,,,,,,,,,,,,,,,,,,,,,,,,,
ds-126629,PRODUCT,Tissot Gentleman,true,"<p>Gehäuse und Band aus Edelstahl, automatisches Uhrwerk, Saphirglas, Zifferblatt grau Open Heart, Durchmesser 40mm, Wasserdicht bis 10bar, zwei Jahre GarantieReferenz: T127.407.11.081.00Verfügbar in der Bijouterie am Bogen in Bremgarten AG</p>",uhren;herrenuhren;tissot,,,,,Tissot,855,,,,,,442.9,1,false,,,126629,T127.407.11.081.00,,,,,,,,,,,,,,,,,,,,,,,,,,,,,,,,,,,,,,,,,,,,,,,,,,,,,,,,,,,,,,,,,,,,,
ds-126629,MEDIA,,,,,,6673aa_e3bc3eca316d49efb4ed2953c2cbf698~mv2.png,,,,,,,,,,,,,,,,,,,,,,,,,,,,,,,,,,,,,,,,,,,,,,,,,,,,,,,,,,,,,,,,,,,,,,,,,,,,,,,,,,,,,
ds-126629,MEDIA,,,,,,6673aa_31c8fee0a54b41a5a2031ebe9bcdbf8b~mv2.jpg,,,,,,,,,,,,,,,,,,,,,,,,,,,,,,,,,,,,,,,,,,,,,,,,,,,,,,,,,,,,,,,,,,,,,,,,,,,,,,,,,,,,,
ds-126629,MEDIA,,,,,,6673aa_9fa9c3c6271b483a9f53982931e98e84~mv2.jpg,,,,,,,,,,,,,,,,,,,,,,,,,,,,,,,,,,,,,,,,,,,,,,,,,,,,,,,,,,,,,,,,,,,,,,,,,,,,,,,,,,,,,
ds-125128,PRODUCT,Tissot Gentleman,true,"<p>Gehäuse und Band aus Titan, Quarzwerk, Saphirglas, Zifferblatt blau mit Datumsanzeige, Durchmesser 40mm, Wasserdicht bis 10bar, zwei Jahre GarantieReferenz: T127.410.44.041.00Verfügbar in der Bijouterie am Bogen in Bremgarten AG</p>",uhren;herrenuhren;tissot,,,,,Tissot,495,,,,,,274.75,1,false,,,125128,T127.410.44.041.00,,,,,,,,,,,,,,,,,,,,,,,,,,,,,,,,,,,,,,,,,,,,,,,,,,,,,,,,,,,,,,,,,,,,,
ds-125128,MEDIA,,,,,,6673aa_d80c2eb11804406b99a40b93f54c5d64~mv2.png,,,,,,,,,,,,,,,,,,,,,,,,,,,,,,,,,,,,,,,,,,,,,,,,,,,,,,,,,,,,,,,,,,,,,,,,,,,,,,,,,,,,,
ds-118437,PRODUCT,Tissot Chrono XL,true,"<p>Gehäuse und Band aus Edelstahl, Zifferblatt anthrazit mit Datumsanzeige, Quarzwerk mit Chronograph, Saphirglas, Durchmesser 45mm, 10bar Wasserdicht, zwei Jahre GarantieReferenz: T116.617.11.057.01Verfügbar in der Bijouterie am Bogen in Bremgarten AG</p>",uhren;herrenuhren;tissot,uhren,,,,Tissot,395,,,,,,219.25,1,false,,,118437,T116.617.11.057.01,,,,,,,,,,,,,,,,,,,,,,,,,,,,,,,,,,,,,,,,,,,,,,,,,,,,,,,,,,,,,,,,,,,,,
ds-118437,MEDIA,,,,,,6673aa_27f4a47b791e4eff95336ae3e4fe2ec3~mv2.png,,,,,,,,,,,,,,,,,,,,,,,,,,,,,,,,,,,,,,,,,,,,,,,,,,,,,,,,,,,,,,,,,,,,,,,,,,,,,,,,,,,,,
ds-117423,PRODUCT,Tissot Chrono XL,true,"<p>Gehäuse und Band aus Edelstahl, Oberfläche: matt / poliert, blaues Zifferblatt mit Datumsanzeige, Chronograph, Saphirglas, 10bar Wasserdicht, Durchmesser: 45mm, zwei Jahre GarantieReferenz: T116.617.11.047.01Verfügbar in der Bijouterie am Bogen in Bremgarten AG</p>",uhren;herrenuhren;tissot,uhren,,,,Tissot,395,,,,,,219.25,1,false,,,117423,T116.617.11.047.01,,,,,,,,,,,,,,,,,,,,,,,,,,,,,,,,,,,,,,,,,,,,,,,,,,,,,,,,,,,,,,,,,,,,,
ds-117423,MEDIA,,,,,,6673aa_baeb84879f0141f2b3d0db622ae4a511~mv2.png,,,,,,,,,,,,,,,,,,,,,,,,,,,,,,,,,,,,,,,,,,,,,,,,,,,,,,,,,,,,,,,,,,,,,,,,,,,,,,,,,,,,,
ds-130237,PRODUCT,Thomas Sabo Charm,true,"<p>gearbeitet in 925 Sterlingsilver vergoldet, Rose, Karabinerverschluss, zwei Jahre Garantie</p><p>Referenz: 2077-413-39</p><p>Verfügbar in der Bijouterie am Bogen in Bremgarten AG</p>",schmuck;beads-charms;thomas-sabo,schmuck,,,,Thomas Sabo,65,,,,,,25,1,false,,,130237,2077-413-39,,,,,,,,,,,,,,,,,,,,,,,,,,,,,,,,,,,,,,,,,,,,,,,,,,,,,,,,,,,,,,,,,,,,,
ds-130237,MEDIA,,,,,,6673aa_13db669ab03742cd9b76104764665196~mv2.png,,,,,,,,,,,,,,,,,,,,,,,,,,,,,,,,,,,,,,,,,,,,,,,,,,,,,,,,,,,,,,,,,,,,,,,,,,,,,,,,,,,,,
ds-124259,PRODUCT,Tissot Seastar 2000 Professional,true,"<p>Edelstahlgehäuse, mit einem schwarzen Kautschukband und einer schwarzen Keramiklünette, automatisches Uhrwerk mit 80 Stunden Gangreserve, Saphirglas, Zifferblatt schwarz mit Datumsanzeige, 60bar Wasserdicht, zwei Jahre GarantieReferenz: T120.607.17.441.00Verfügbar in der Bijouterie am Bogen in Bremgarten AG</p>",uhren;herrenuhren;tissot,uhren,,,,Tissot,995,,,,,,552.25,1,false,,,124259,T120.607.17.441.00,,,,,,,,,,,,,,,,,,,,,,,,,,,,,,,,,,,,,,,,,,,,,,,,,,,,,,,,,,,,,,,,,,,,,
ds-124259,MEDIA,,,,,,6673aa_2d709a54bca84a279539630a73ace8ea~mv2.png,,,,,,,,,,,,,,,,,,,,,,,,,,,,,,,,,,,,,,,,,,,,,,,,,,,,,,,,,,,,,,,,,,,,,,,,,,,,,,,,,,,,,
ds-111723,PRODUCT,Thomas Sabo Sterling Silver,true,"<p>gearbeitet in 925 Silber rosévergoldet, Venezianer rund, Länge: 42cm, Federring, zwei Jahre Garantie</p><p>Referenz: KE1106-415-12-L42v</p><p>Verfügbar in der Bijouterie am Bogen in Bremgarten AG</p>",schmuck;colliers;thomas-sabo,schmuck,,,,Thomas Sabo,129,,,,,,40.85,4,false,,,111723,KE1106-415-12-L42v,,,,,,,,,,,,,,,,,,,,,,,,,,,,,,,,,,,,,,,,,,,,,,,,,,,,,,,,,,,,,,,,,,,,,
ds-111723,MEDIA,,,,,,6673aa_f6b41f0aa8d347d79f82d70fda965919~mv2.jpg,,,,,,,,,,,,,,,,,,,,,,,,,,,,,,,,,,,,,,,,,,,,,,,,,,,,,,,,,,,,,,,,,,,,,,,,,,,,,,,,,,,,,
ds-128783,PRODUCT,Thomas Sabo Charm Buchstaben T,true,"<p>gearbeitet in 925 Sterlingsilber, Oberfläche: poliert, mit weissen Zirkonia, Buchstaben T, Karabinerverschluss, 2 Jahre GarantieReferenz: 1957-051-14Verfügbar in der Bijouterie am Bogen in Bremgarten AG</p>",schmuck;beads-charms;thomas-sabo,,,,,Thomas Sabo,45,,,,,,18.75,1,false,,,128783,1957-051-14,,,,,,,,,,,,,,,,,,,,,,,,,,,,,,,,,,,,,,,,,,,,,,,,,,,,,,,,,,,,,,,,,,,,,
ds-128783,MEDIA,,,,,,6673aa_5644e8b56b2f4e21934bfd4e11cc8bcd~mv2.jpg,,,,,,,,,,,,,,,,,,,,,,,,,,,,,,,,,,,,,,,,,,,,,,,,,,,,,,,,,,,,,,,,,,,,,,,,,,,,,,,,,,,,,
ds-129041,PRODUCT,Tissot Everytime,true,"<p>Gehäuse und Band aus Edelstahl PVD gelb, Quarzwerk, Saphirglas, Zifferblatt grün mit Index, Durchmesser 40mm, Wasserdicht bis 5bar, zwei Jahre Garantie</p><p>Referenz: T143.410.33.091.00</p><p>Verfügbar in der Bijouterie am Bogen in Bremgarten AG</p>",uhren;herrenuhren;damenuhren;tissot,uhren,,,,Tissot,325,,,,,,180.4,1,false,,,129041,T143.410.33.091.00,,,,,,,,,,,,,,,,,,,,,,,,,,,,,,,,,,,,,,,,,,,,,,,,,,,,,,,,,,,,,,,,,,,,,
ds-129041,MEDIA,,,,,,6673aa_e3978368e96c467eb39ac3b9fdc2ee5c~mv2.png,,,,,,,,,,,,,,,,,,,,,,,,,,,,,,,,,,,,,,,,,,,,,,,,,,,,,,,,,,,,,,,,,,,,,,,,,,,,,,,,,,,,,
ds-130534,PRODUCT,Rado Anatom,true,"<p>Gehäuse und Band aus Plasmakeramik und Edelstahl PVD rosé, automatisches Werk mit 72 Std. Gangreserve, Saphirglas, Zifferblatt grau mit Index und Datum, Durchmesser 32.5mm, Wasserdicht bis 5bar, 5 Jahre GarantieReferenz: R10203102Verfügbar in der Bijouterie am Bogen in Bremgarten AG</p>",uhren;herrenuhren;rado,uhren,,,,Rado,4300,,,,,,1908,1,false,,,130534,R10203102,,,,,,,,,,,,,,,,,,,,,,,,,,,,,,,,,,,,,,,,,,,,,,,,,,,,,,,,,,,,,,,,,,,,,
ds-130534,MEDIA,,,,,,6673aa_93129770b4b24f88ad95321fdbd2be75~mv2.png,,,,,,,,,,,,,,,,,,,,,,,,,,,,,,,,,,,,,,,,,,,,,,,,,,,,,,,,,,,,,,,,,,,,,,,,,,,,,,,,,,,,,
ds-130534,MEDIA,,,,,,6673aa_f81261d1f8a445a8afcbc672b2c9926d~mv2.png,,,,,,,,,,,,,,,,,,,,,,,,,,,,,,,,,,,,,,,,,,,,,,,,,,,,,,,,,,,,,,,,,,,,,,,,,,,,,,,,,,,,,
ds-130534,MEDIA,,,,,,6673aa_e5fdfed0a4c04a3d82108beca042acd5~mv2.png,,,,,,,,,,,,,,,,,,,,,,,,,,,,,,,,,,,,,,,,,,,,,,,,,,,,,,,,,,,,,,,,,,,,,,,,,,,,,,,,,,,,,
ds-130520,PRODUCT,Rado Anatom,true,"<p>Gehäuse und Band aus Keramik schwarz und Edelstahl, automatisches Werk mit 72 Std. Gangreserve, Saphirglas, Zifferblatt schwarz mit Datum und Index, Stahlverschluss, Grösses: 32.5mm, Wasserdicht bis 5bar, 5 Jahre GarantieReferenz: R10201152Verfügbar in der Bijouterie am Bogen in Bremgarten AG</p>",uhren;herrenuhren;rado,uhren,,,,Rado,4200,,,,,,1852,1,false,,,130520,R10201152,,,,,,,,,,,,,,,,,,,,,,,,,,,,,,,,,,,,,,,,,,,,,,,,,,,,,,,,,,,,,,,,,,,,,
ds-130520,MEDIA,,,,,,6673aa_4947996c31bd414da099bceaf4090188~mv2.png,,,,,,,,,,,,,,,,,,,,,,,,,,,,,,,,,,,,,,,,,,,,,,,,,,,,,,,,,,,,,,,,,,,,,,,,,,,,,,,,,,,,,
ds-130520,MEDIA,,,,,,6673aa_31f38ff1c6264d758e5b7338c4ee4159~mv2.png,,,,,,,,,,,,,,,,,,,,,,,,,,,,,,,,,,,,,,,,,,,,,,,,,,,,,,,,,,,,,,,,,,,,,,,,,,,,,,,,,,,,,
ds-130520,MEDIA,,,,,,6673aa_ddda6e77c80740dcae313b67a8910f82~mv2.png,,,,,,,,,,,,,,,,,,,,,,,,,,,,,,,,,,,,,,,,,,,,,,,,,,,,,,,,,,,,,,,,,,,,,,,,,,,,,,,,,,,,,
ds-130520,MEDIA,,,,,,6673aa_5d55164945ee4b88b79b75c262976e85~mv2.png,,,,,,,,,,,,,,,,,,,,,,,,,,,,,,,,,,,,,,,,,,,,,,,,,,,,,,,,,,,,,,,,,,,,,,,,,,,,,,,,,,,,,
ds-130520,MEDIA,,,,,,6673aa_1792721e13e64b06979261af250fbb62~mv2.png,,,,,,,,,,,,,,,,,,,,,,,,,,,,,,,,,,,,,,,,,,,,,,,,,,,,,,,,,,,,,,,,,,,,,,,,,,,,,,,,,,,,,
ds-128768,PRODUCT,Thomas Sabo Charm Buchstaben C,true,"<p>gearbeitet in 925 Sterlingsilber, Oberfläche: poliert, mit weissen Zirkonia, Buchstaben C, Karabinerverschluss, 2 Jahre GarantieReferenz: 1943-051-14Verfügbar in der Bijouterie am Bogen in Bremgarten AG</p>",schmuck;beads-charms;thomas-sabo,schmuck,,,,Thomas Sabo,45,,,,,,18.75,1,false,,,128768,1943-051-14,,,,,,,,,,,,,,,,,,,,,,,,,,,,,,,,,,,,,,,,,,,,,,,,,,,,,,,,,,,,,,,,,,,,,
ds-128768,MEDIA,,,,,,6673aa_c8db071a4e424d47b384566d222c1b4c~mv2.jpg,,,,,,,,,,,,,,,,,,,,,,,,,,,,,,,,,,,,,,,,,,,,,,,,,,,,,,,,,,,,,,,,,,,,,,,,,,,,,,,,,,,,,
ds-128767,PRODUCT,Thomas Sabo Charm Buchstaben B,true,"<p>gearbeitet in 925 Sterlingsilber, Oberfläche: poliert, mit weissen Zirkonia, Buchstaben B, Karabinerverschluss, 2 Jahre GarantieReferenz: 1942-051-14Verfügbar in der Bijouterie am Bogen in Bremgarten AG</p>",schmuck;beads-charms;thomas-sabo,schmuck,,,,Thomas Sabo,45,,,,,,18.75,1,false,,,128767,1942-051-14,,,,,,,,,,,,,,,,,,,,,,,,,,,,,,,,,,,,,,,,,,,,,,,,,,,,,,,,,,,,,,,,,,,,,
ds-128767,MEDIA,,,,,,6673aa_14b9acd9fe1f45cfbf2160316d5042a1~mv2.jpg,,,,,,,,,,,,,,,,,,,,,,,,,,,,,,,,,,,,,,,,,,,,,,,,,,,,,,,,,,,,,,,,,,,,,,,,,,,,,,,,,,,,,
ds-128853,PRODUCT,Rado Anatom,true,"<p>Gehäuse aus Keramik und Edelstahl, Kautschukband schwarz, automatisches Werk mit 72 Std. Gangreserve, Saphirglas, Zifferblatt schwarz/blau mit Datum und Index, Stahlverschluss, Grösses: 32.5mm, Wasserdicht bis 5bar, 5 Jahre GarantieReferenz: R10202209Verfügbar in der Bijouterie am Bogen in Bremgarten AG</p>",uhren;herrenuhren;rado,uhren,,,,Rado,3250,,,,,,1820,1,false,,,128853,R10202209,,,,,,,,,,,,,,,,,,,,,,,,,,,,,,,,,,,,,,,,,,,,,,,,,,,,,,,,,,,,,,,,,,,,,
ds-128853,MEDIA,,,,,,6673aa_a46960d85cdb485e9a914ecaef49636e~mv2.png,,,,,,,,,,,,,,,,,,,,,,,,,,,,,,,,,,,,,,,,,,,,,,,,,,,,,,,,,,,,,,,,,,,,,,,,,,,,,,,,,,,,,
ds-128853,MEDIA,,,,,,6673aa_7d55f2b5d285471ea241e1c2b8417b53~mv2.png,,,,,,,,,,,,,,,,,,,,,,,,,,,,,,,,,,,,,,,,,,,,,,,,,,,,,,,,,,,,,,,,,,,,,,,,,,,,,,,,,,,,,
ds-128853,MEDIA,,,,,,6673aa_a689e83f4e1a44629a088b5ce6d9b714~mv2.png,,,,,,,,,,,,,,,,,,,,,,,,,,,,,,,,,,,,,,,,,,,,,,,,,,,,,,,,,,,,,,,,,,,,,,,,,,,,,,,,,,,,,
ds-128853,MEDIA,,,,,,6673aa_43dccdae615f493484a96f2352ce95aa~mv2.png,,,,,,,,,,,,,,,,,,,,,,,,,,,,,,,,,,,,,,,,,,,,,,,,,,,,,,,,,,,,,,,,,,,,,,,,,,,,,,,,,,,,,
ds-128853,MEDIA,,,,,,6673aa_e96ba33c97d8431db73cfb921e8ccde8~mv2.png,,,,,,,,,,,,,,,,,,,,,,,,,,,,,,,,,,,,,,,,,,,,,,,,,,,,,,,,,,,,,,,,,,,,,,,,,,,,,,,,,,,,,
ds-131856,PRODUCT,Rado Florence,true,"<p>Gehäuse und Band aus Edelstahl / PVD rosé, Oberfläche: poliert, Quarzwerk, Saphirglas, Zifferblatt braun mit Index rosé und Datumsanzeige, Durchmesser 30mm, Wasserdicht bis 5bar, 5 Jahre GarantieReferenz: R48913303Verfügbar in der Bijouterie am Bogen in Bremgarten AG</p>",uhren;damenuhren;rado,uhren,,,,Rado,950,,,,,,532,1,false,,,131856,R48913303,,,,,,,,,,,,,,,,,,,,,,,,,,,,,,,,,,,,,,,,,,,,,,,,,,,,,,,,,,,,,,,,,,,,,
ds-131856,MEDIA,,,,,,6673aa_97c38eab3a844d539ffde7f1afe3cfec~mv2.png,,,,,,,,,,,,,,,,,,,,,,,,,,,,,,,,,,,,,,,,,,,,,,,,,,,,,,,,,,,,,,,,,,,,,,,,,,,,,,,,,,,,,
ds-131855,PRODUCT,Rado Florence,true,"<p>Gehäuse und Band aus Edelstahl / PVD rosé, Oberfläche: poliert, Quarzwerk, Saphirglas, Zifferblatt braun mit Index rosé und Datumsanzeige, Durchmesser 38mm, Wasserdicht bis 5bar, 5 Jahre GarantieReferenz: R48912303Verfügbar in der Bijouterie am Bogen in Bremgarten AG</p>",uhren;herrenuhren;damenuhren;rado,uhren,,,,Rado,950,,,,,,532,1,false,,,131855,R48912303,,,,,,,,,,,,,,,,,,,,,,,,,,,,,,,,,,,,,,,,,,,,,,,,,,,,,,,,,,,,,,,,,,,,,
ds-131855,MEDIA,,,,,,6673aa_926548c368134c279989124fcf81d180~mv2.png,,,,,,,,,,,,,,,,,,,,,,,,,,,,,,,,,,,,,,,,,,,,,,,,,,,,,,,,,,,,,,,,,,,,,,,,,,,,,,,,,,,,,
ds-130086,PRODUCT,Rado Florence L,true,"<p>Gehäuse und Band aus Edelstahl PVD rosé, Oberfläche: matt / poliert, automatisches Uhrwerk mit 80h Gangreserve, Saphirglas, Zifferblattgrau mit Datumsanzeige, Durchmesser 39mm, Wasserdicht bis 5bar, fünf Jahre GarantieReferenz: R48903103Verfügbar in der Bijouterie am Bogen in Bremgarten AG</p>",uhren;herrenuhren;rado,uhren,,,,Rado,1500,,,,,,840,1,false,,,130086,R48903103,,,,,,,,,,,,,,,,,,,,,,,,,,,,,,,,,,,,,,,,,,,,,,,,,,,,,,,,,,,,,,,,,,,,,
ds-130086,MEDIA,,,,,,6673aa_597ac96986dc4ea08a3c08641e1bf054~mv2.png,,,,,,,,,,,,,,,,,,,,,,,,,,,,,,,,,,,,,,,,,,,,,,,,,,,,,,,,,,,,,,,,,,,,,,,,,,,,,,,,,,,,,
ds-130086,MEDIA,,,,,,6673aa_d693072dc3714d70a90c74ffb25b81ed~mv2.png,,,,,,,,,,,,,,,,,,,,,,,,,,,,,,,,,,,,,,,,,,,,,,,,,,,,,,,,,,,,,,,,,,,,,,,,,,,,,,,,,,,,,
ds-130086,MEDIA,,,,,,6673aa_e50637516f134983ad5b1b8e7ec27454~mv2.png,,,,,,,,,,,,,,,,,,,,,,,,,,,,,,,,,,,,,,,,,,,,,,,,,,,,,,,,,,,,,,,,,,,,,,,,,,,,,,,,,,,,,
ds-130086,MEDIA,,,,,,6673aa_8f55419501154d0ca246f29983e8f554~mv2.png,,,,,,,,,,,,,,,,,,,,,,,,,,,,,,,,,,,,,,,,,,,,,,,,,,,,,,,,,,,,,,,,,,,,,,,,,,,,,,,,,,,,,
ds-130086,MEDIA,,,,,,6673aa_2a55b7032af443ffb9dbb7dccddae021~mv2.png,,,,,,,,,,,,,,,,,,,,,,,,,,,,,,,,,,,,,,,,,,,,,,,,,,,,,,,,,,,,,,,,,,,,,,,,,,,,,,,,,,,,,
ds-116840,PRODUCT,Thomas Sabo Sterling Silver,true,"<p>gearbeitet in 925 Silber rosévergoldet, Anker, Länge: 80cm, Karabinerverschluss, zwei Jahre Garantie</p><p>Referenz: KE1219-415-12-L80</p><p>Verfügbar in der Bijouterie am Bogen in Bremgarten AG</p>",schmuck;colliers;thomas-sabo,schmuck,,,,Thomas Sabo,219,,,,,,74.6,1,false,,,116840,KE1219-415-12-L80,,,,,,,,,,,,,,,,,,,,,,,,,,,,,,,,,,,,,,,,,,,,,,,,,,,,,,,,,,,,,,,,,,,,,
ds-116840,MEDIA,,,,,,6673aa_e02bfe335d3e4e95a9708da20d7a3ced~mv2.jpg,,,,,,,,,,,,,,,,,,,,,,,,,,,,,,,,,,,,,,,,,,,,,,,,,,,,,,,,,,,,,,,,,,,,,,,,,,,,,,,,,,,,,
ds-116840,MEDIA,,,,,,6673aa_1daebf6420f549398b9f3826981afc64~mv2.jpg,,,,,,,,,,,,,,,,,,,,,,,,,,,,,,,,,,,,,,,,,,,,,,,,,,,,,,,,,,,,,,,,,,,,,,,,,,,,,,,,,,,,,
ds-128766,PRODUCT,Thomas Sabo Charm Buchstaben M,true,"<p>gearbeitet in 925 Sterlingsilber, Oberfläche: poliert, mit weissen Zirkonia, Buchstaben M, Karabinerverschluss, 2 Jahre GarantieReferenz: 1941-051-14Verfügbar in der Bijouterie am Bogen in Bremgarten AG</p>",schmuck;beads-charms;thomas-sabo,schmuck,,,,Thomas Sabo,45,,,,,,18.75,1,false,,,128766,1941-051-14,,,,,,,,,,,,,,,,,,,,,,,,,,,,,,,,,,,,,,,,,,,,,,,,,,,,,,,,,,,,,,,,,,,,,
ds-128766,MEDIA,,,,,,6673aa_5a1a0865abd84864aebc9b2e68992137~mv2.jpg,,,,,,,,,,,,,,,,,,,,,,,,,,,,,,,,,,,,,,,,,,,,,,,,,,,,,,,,,,,,,,,,,,,,,,,,,,,,,,,,,,,,,
ds-129096,PRODUCT,Rado Florence,true,"<p>Edelstahlgehäuse und -band PVD gelb, Quarzwerk, Zifferblatt Perlmutt mit 4 Diamanten Top Weselton vs-si 0.026ct und 8 Diamanten Top Wesselton vs-si 0.016ct und mit Datumsanzeige, Saphirglas, 5bar Wasserdicht, Durchmesser: 30mm, fünf Jahre GarantieReferenz: R48915903Verfügbar in der Bijouterie Am Bogen in Bremgarten AG und in der Bijouterie Droz in Zofingen AG</p>",uhren;damenuhren;rado,uhren,,,,Rado,1400,,,,,,784,2,false,,,129096,R48915903,,,,,,,,,,,,,,,,,,,,,,,,,,,,,,,,,,,,,,,,,,,,,,,,,,,,,,,,,,,,,,,,,,,,,
ds-129096,MEDIA,,,,,,6673aa_2c85855771ed4897828b87e97fa184df~mv2.png,,,,,,,,,,,,,,,,,,,,,,,,,,,,,,,,,,,,,,,,,,,,,,,,,,,,,,,,,,,,,,,,,,,,,,,,,,,,,,,,,,,,,
ds-129096,MEDIA,,,,,,6673aa_c6ee58098b9747fd945c296ad0d34f2c~mv2.png,,,,,,,,,,,,,,,,,,,,,,,,,,,,,,,,,,,,,,,,,,,,,,,,,,,,,,,,,,,,,,,,,,,,,,,,,,,,,,,,,,,,,
ds-129096,MEDIA,,,,,,6673aa_0298120fb49c4e358f19c203322567aa~mv2.png,,,,,,,,,,,,,,,,,,,,,,,,,,,,,,,,,,,,,,,,,,,,,,,,,,,,,,,,,,,,,,,,,,,,,,,,,,,,,,,,,,,,,
ds-129096,MEDIA,,,,,,6673aa_619faa755462429fbca51a38a4de0657~mv2.png,,,,,,,,,,,,,,,,,,,,,,,,,,,,,,,,,,,,,,,,,,,,,,,,,,,,,,,,,,,,,,,,,,,,,,,,,,,,,,,,,,,,,
ds-129096,MEDIA,,,,,,6673aa_f4ba6feec23f4439b6da6936bdec2ff2~mv2.png,,,,,,,,,,,,,,,,,,,,,,,,,,,,,,,,,,,,,,,,,,,,,,,,,,,,,,,,,,,,,,,,,,,,,,,,,,,,,,,,,,,,,
ds-128764,PRODUCT,Thomas Sabo Charm Buchstaben G,true,"<p>gearbeitet in 925 Sterlingsilber, Oberfläche: poliert, mit weissen Zirkonia, Buchstaben G, Karabinerverschluss, 2 Jahre GarantieReferenz: 1939-051-14Verfügbar in der Bijouterie am Bogen in Bremgarten AG</p>",schmuck;beads-charms;thomas-sabo,schmuck,,,,Thomas Sabo,45,,,,,,18.75,1,false,,,128764,1939-051-14,,,,,,,,,,,,,,,,,,,,,,,,,,,,,,,,,,,,,,,,,,,,,,,,,,,,,,,,,,,,,,,,,,,,,
ds-128764,MEDIA,,,,,,6673aa_57ba81a094af4c45b1743bcc2bd762cf~mv2.jpg,,,,,,,,,,,,,,,,,,,,,,,,,,,,,,,,,,,,,,,,,,,,,,,,,,,,,,,,,,,,,,,,,,,,,,,,,,,,,,,,,,,,,
ds-128762,PRODUCT,Thomas Sabo Charm Buchstaben Z,true,"<p>gearbeitet in 925 Silber vergoldet, Oberfläche: poliert, mit weissen Zirkonia, Buchstaben Z, Karabinerverschluss, 2 Jahre GarantieReferenz: 1989-414-14Verfügbar in der Bijouterie am Bogen in Bremgarten AG</p>",schmuck;beads-charms;thomas-sabo,,,,,Thomas Sabo,69,,,,,,28.75,1,false,,,128762,1989-414-14,,,,,,,,,,,,,,,,,,,,,,,,,,,,,,,,,,,,,,,,,,,,,,,,,,,,,,,,,,,,,,,,,,,,,
ds-128762,MEDIA,,,,,,6673aa_2e45e199c8f24564a58473ffef71e3c4~mv2.jpg,,,,,,,,,,,,,,,,,,,,,,,,,,,,,,,,,,,,,,,,,,,,,,,,,,,,,,,,,,,,,,,,,,,,,,,,,,,,,,,,,,,,,
ds-128761,PRODUCT,Thomas Sabo Charm Buchstaben W,true,"<p>gearbeitet in 925 Silber vergoldet, Oberfläche: poliert, mit weissen Zirkonia, Buchstaben W, Karabinerverschluss, 2 Jahre GarantieReferenz: 1986-414-14Verfügbar in der Bijouterie am Bogen in Bremgarten AG</p>",schmuck;beads-charms;thomas-sabo,schmuck,,,,Thomas Sabo,69,,,,,,28.75,1,false,,,128761,1986-414-14,,,,,,,,,,,,,,,,,,,,,,,,,,,,,,,,,,,,,,,,,,,,,,,,,,,,,,,,,,,,,,,,,,,,,
ds-128761,MEDIA,,,,,,6673aa_63c05f89e88345b19a4f8a795241bf82~mv2.jpg,,,,,,,,,,,,,,,,,,,,,,,,,,,,,,,,,,,,,,,,,,,,,,,,,,,,,,,,,,,,,,,,,,,,,,,,,,,,,,,,,,,,,
ds-128760,PRODUCT,Thomas Sabo Charm Buchstaben V,true,"<p>gearbeitet in 925 Silber vergoldet, Oberfläche: poliert, mit weissen Zirkonia, Buchstaben V, Karabinerverschluss, 2 Jahre GarantieReferenz: 1985-414-14Verfügbar in der Bijouterie am Bogen in Bremgarten AG</p>",schmuck;beads-charms;thomas-sabo,schmuck,,,,Thomas Sabo,69,,,,,,28.75,1,false,,,128760,1985-414-14,,,,,,,,,,,,,,,,,,,,,,,,,,,,,,,,,,,,,,,,,,,,,,,,,,,,,,,,,,,,,,,,,,,,,
ds-128760,MEDIA,,,,,,6673aa_e360a5dd0dde4ee5b3b7880ce5dbefe8~mv2.jpg,,,,,,,,,,,,,,,,,,,,,,,,,,,,,,,,,,,,,,,,,,,,,,,,,,,,,,,,,,,,,,,,,,,,,,,,,,,,,,,,,,,,,
ds-130980,PRODUCT,Rado Captain Cook,true,"<p>Gehäuse und Band aus Plasma Keramik, Oberfläche: matt / poliert, automatisches Uhrwerk mit 80h Gangreserve, Saphirglas, Zifferblatt grün mit Datumsanzeige und Chronograph, Keramiklünette grün, Durchmesser 43mm, Faltschliesse aus Titan, Wasserdicht bis 30bar, fünf Jahre GarantieReferenz: R32189313Verfügbar in der Bijouterie am Bogen in Bremgarten AG</p>",uhren;herrenuhren;rado,uhren,,,,Rado,5600,,,,,,3136,1,false,,,130980,R32189313,,,,,,,,,,,,,,,,,,,,,,,,,,,,,,,,,,,,,,,,,,,,,,,,,,,,,,,,,,,,,,,,,,,,,
ds-130980,MEDIA,,,,,,6673aa_bc9c639d7a34426d8e5b8efaf45a9233~mv2.png,,,,,,,,,,,,,,,,,,,,,,,,,,,,,,,,,,,,,,,,,,,,,,,,,,,,,,,,,,,,,,,,,,,,,,,,,,,,,,,,,,,,,
ds-128759,PRODUCT,Thomas Sabo Charm Buchstaben T,true,"<p>gearbeitet in 925 Silber vergoldet, Oberfläche: poliert, mit weissen Zirkonia, Buchstaben T, Karabinerverschluss, 2 Jahre GarantieReferenz: 1983-414-14Verfügbar in der Bijouterie am Bogen in Bremgarten AG</p>",schmuck;beads-charms;thomas-sabo,schmuck,,,,Thomas Sabo,69,,,,,,28.75,1,false,,,128759,1983-414-14,,,,,,,,,,,,,,,,,,,,,,,,,,,,,,,,,,,,,,,,,,,,,,,,,,,,,,,,,,,,,,,,,,,,,
ds-128759,MEDIA,,,,,,6673aa_80713d3563c34fe4a981846c89fe41da~mv2.jpg,,,,,,,,,,,,,,,,,,,,,,,,,,,,,,,,,,,,,,,,,,,,,,,,,,,,,,,,,,,,,,,,,,,,,,,,,,,,,,,,,,,,,
ds-128758,PRODUCT,Thomas Sabo Charm Buchstaben S,true,"<p>gearbeitet in 925 Silber vergoldet, Oberfläche: poliert, mit weissen Zirkonia, Buchstaben S, Karabinerverschluss, 2 Jahre GarantieReferenz: 1982-414-14Verfügbar in der Bijouterie am Bogen in Bremgarten AG</p>",schmuck;beads-charms;thomas-sabo,,,,,Thomas Sabo,69,,,,,,28.75,1,false,,,128758,1982-414-14,,,,,,,,,,,,,,,,,,,,,,,,,,,,,,,,,,,,,,,,,,,,,,,,,,,,,,,,,,,,,,,,,,,,,
ds-128758,MEDIA,,,,,,6673aa_e1bd5f4885e34fbbb211f9a2d47eaa6a~mv2.jpg,,,,,,,,,,,,,,,,,,,,,,,,,,,,,,,,,,,,,,,,,,,,,,,,,,,,,,,,,,,,,,,,,,,,,,,,,,,,,,,,,,,,,
ds-125075,PRODUCT,Rado Captain Cook,true,"<p>Gehäuse und Band aus Keramik schwarz, automatisches Uhrwerk mit 80h Gangreserve, Saphirglas, Zifferblatt skeletiert, Keramiklunette, Durchmesser 43mm, Wasserdicht bis 30bar, fünf Jahre GarantieReferenz: R32127152Verfügbar in der Bijouterie am Bogen in Bremgarten AG</p>",uhren;herrenuhren;rado,,,,,Rado,3900,,,,,,2184,1,false,,,125075,R32127152,,,,,,,,,,,,,,,,,,,,,,,,,,,,,,,,,,,,,,,,,,,,,,,,,,,,,,,,,,,,,,,,,,,,,
ds-125075,MEDIA,,,,,,6673aa_bbcf3e4388014088beb92522a7214183~mv2.png,,,,,,,,,,,,,,,,,,,,,,,,,,,,,,,,,,,,,,,,,,,,,,,,,,,,,,,,,,,,,,,,,,,,,,,,,,,,,,,,,,,,,
ds-125075,MEDIA,,,,,,6673aa_441e44aea4d6495ca52792cd37045a38~mv2.png,,,,,,,,,,,,,,,,,,,,,,,,,,,,,,,,,,,,,,,,,,,,,,,,,,,,,,,,,,,,,,,,,,,,,,,,,,,,,,,,,,,,,
ds-125075,MEDIA,,,,,,6673aa_f6df6db9493248629633503c633312a7~mv2.png,,,,,,,,,,,,,,,,,,,,,,,,,,,,,,,,,,,,,,,,,,,,,,,,,,,,,,,,,,,,,,,,,,,,,,,,,,,,,,,,,,,,,
ds-125075,MEDIA,,,,,,6673aa_cbabf80ab10d48629de3c49ff38870bf~mv2.png,,,,,,,,,,,,,,,,,,,,,,,,,,,,,,,,,,,,,,,,,,,,,,,,,,,,,,,,,,,,,,,,,,,,,,,,,,,,,,,,,,,,,
ds-125075,MEDIA,,,,,,6673aa_27e8cae8f4124924bdf972459d682eec~mv2.png,,,,,,,,,,,,,,,,,,,,,,,,,,,,,,,,,,,,,,,,,,,,,,,,,,,,,,,,,,,,,,,,,,,,,,,,,,,,,,,,,,,,,
ds-128755,PRODUCT,Thomas Sabo Charm Buchstaben O,true,"<p>gearbeitet in 925 Silber vergoldet, Oberfläche: poliert, mit weissen Zirkonia, Buchstaben O, Karabinerverschluss, 2 Jahre GarantieReferenz: 1978-414-14Verfügbar in der Bijouterie am Bogen in Bremgarten AG</p>",schmuck;beads-charms;thomas-sabo,schmuck,,,,Thomas Sabo,69,,,,,,28.75,1,false,,,128755,1978-414-14,,,,,,,,,,,,,,,,,,,,,,,,,,,,,,,,,,,,,,,,,,,,,,,,,,,,,,,,,,,,,,,,,,,,,
ds-128755,MEDIA,,,,,,6673aa_f4a423b2c0f34711bcbb1b44ff618c5e~mv2.jpg,,,,,,,,,,,,,,,,,,,,,,,,,,,,,,,,,,,,,,,,,,,,,,,,,,,,,,,,,,,,,,,,,,,,,,,,,,,,,,,,,,,,,
ds-128754,PRODUCT,Thomas Sabo Charm Buchstaben N,true,"<p>gearbeitet in 925 Silber vergoldet, Oberfläche: poliert, mit weissen Zirkonia, Buchstaben N, Karabinerverschluss, 2 Jahre GarantieReferenz: 1977-414-14Verfügbar in der Bijouterie am Bogen in Bremgarten AG</p>",schmuck;beads-charms;thomas-sabo,schmuck,,,,Thomas Sabo,69,,,,,,28.75,1,false,,,128754,1977-414-14,,,,,,,,,,,,,,,,,,,,,,,,,,,,,,,,,,,,,,,,,,,,,,,,,,,,,,,,,,,,,,,,,,,,,
ds-128754,MEDIA,,,,,,6673aa_1574b54c5b594d0aa0378ccf46e87a83~mv2.jpg,,,,,,,,,,,,,,,,,,,,,,,,,,,,,,,,,,,,,,,,,,,,,,,,,,,,,,,,,,,,,,,,,,,,,,,,,,,,,,,,,,,,,
ds-128751,PRODUCT,Thomas Sabo Charm Buchstaben M,true,"<p>gearbeitet in 925 Silber vergoldet, Oberfläche: poliert, mit weissen Zirkonia, Buchstaben M, Karabinerverschluss, 2 Jahre GarantieReferenz: 1976-414-14Verfügbar in der Bijouterie am Bogen in Bremgarten AG</p>",schmuck;beads-charms;thomas-sabo,schmuck,,,,Thomas Sabo,69,,,,,,28.75,1,false,,,128751,1976-414-14,,,,,,,,,,,,,,,,,,,,,,,,,,,,,,,,,,,,,,,,,,,,,,,,,,,,,,,,,,,,,,,,,,,,,
ds-128751,MEDIA,,,,,,6673aa_3f0469e11159488380a7601feb42b4d1~mv2.jpg,,,,,,,,,,,,,,,,,,,,,,,,,,,,,,,,,,,,,,,,,,,,,,,,,,,,,,,,,,,,,,,,,,,,,,,,,,,,,,,,,,,,,
ds-128749,PRODUCT,Thomas Sabo Charm Buchstaben K,true,"<p>gearbeitet in 925 Silber vergoldet, Oberfläche: poliert, mit weissen Zirkonia, Buchstaben K, Karabinerverschluss, 2 Jahre GarantieReferenz: 1974-414-14Verfügbar in der Bijouterie am Bogen in Bremgarten AG</p>",schmuck;beads-charms;thomas-sabo,schmuck,,,,Thomas Sabo,69,,,,,,28.75,1,false,,,128749,1974-414-14,,,,,,,,,,,,,,,,,,,,,,,,,,,,,,,,,,,,,,,,,,,,,,,,,,,,,,,,,,,,,,,,,,,,,
ds-128749,MEDIA,,,,,,6673aa_1e5844a6a75d44c8ad7fff467f6bb7f1~mv2.jpg,,,,,,,,,,,,,,,,,,,,,,,,,,,,,,,,,,,,,,,,,,,,,,,,,,,,,,,,,,,,,,,,,,,,,,,,,,,,,,,,,,,,,
ds-124959,PRODUCT,Rado HyperChrome,true,"<p>Band und Gehäuse aus platinfarbenem Keramik, automatisches Uhrwerk mit 44h Gangreserve, mit 12 Diamanten im Brillantschliff auf dem Zifferblatt total 0,078ct. Top Wesselton vsi., Saphirglas, Wasserdicht bis 5bar, Titanverschluss, Sichtboden, fünf Jahre GarantieReferenz: R32043712Verfügbar in der Bijouterie am Bogen in Bremgarten AG</p>",uhren;damenuhren;rado,uhren,,,,Rado,3150,,,,,,1679,1,false,,,124959,R32043712,,,,,,,,,,,,,,,,,,,,,,,,,,,,,,,,,,,,,,,,,,,,,,,,,,,,,,,,,,,,,,,,,,,,,
ds-124959,MEDIA,,,,,,6673aa_b44f107213944962b9e42d7472158876~mv2.png,,,,,,,,,,,,,,,,,,,,,,,,,,,,,,,,,,,,,,,,,,,,,,,,,,,,,,,,,,,,,,,,,,,,,,,,,,,,,,,,,,,,,
ds-128747,PRODUCT,Thomas Sabo Charm Buchstaben I,true,"<p>gearbeitet in 925 Silber vergoldet, Oberfläche: poliert, mit weissen Zirkonia, Buchstaben I, Karabinerverschluss, 2 Jahre GarantieReferenz: 1972-414-14Verfügbar in der Bijouterie am Bogen in Bremgarten AG</p>",schmuck;beads-charms;thomas-sabo,schmuck,,,,Thomas Sabo,69,,,,,,28.75,1,false,,,128747,1972-414-14,,,,,,,,,,,,,,,,,,,,,,,,,,,,,,,,,,,,,,,,,,,,,,,,,,,,,,,,,,,,,,,,,,,,,
ds-128747,MEDIA,,,,,,6673aa_1db4634c0ee54c699f408ea1b3516752~mv2.jpg,,,,,,,,,,,,,,,,,,,,,,,,,,,,,,,,,,,,,,,,,,,,,,,,,,,,,,,,,,,,,,,,,,,,,,,,,,,,,,,,,,,,,
ds-117264,PRODUCT,Rado HyperChrome XXL,true,"<p>Gehäuse und Band aus Edelstahl, Oberfläche: matt/poliert, Quarzwerk mit Chronograph und Datumsanzeige, Lunette aus Keramik blau, Zifferblatt blau, Saphirglas, Titanverschluss, Wasserdicht bis 10bar, fünf Jahre GarantieReferenz: R32259203Verfügbar in der Bijouterie Am Bogen in Bremgarten AG und in der Bijouterie Droz in Zofingen AG</p>",uhren;herrenuhren;rado,uhren,,,,Rado,1550,,,,,,868,2,false,,,117264,R32259203,,,,,,,,,,,,,,,,,,,,,,,,,,,,,,,,,,,,,,,,,,,,,,,,,,,,,,,,,,,,,,,,,,,,,
ds-117264,MEDIA,,,,,,6673aa_20c0736f47a14f9f82879ef13db61272~mv2.png,,,,,,,,,,,,,,,,,,,,,,,,,,,,,,,,,,,,,,,,,,,,,,,,,,,,,,,,,,,,,,,,,,,,,,,,,,,,,,,,,,,,,
ds-128771,PRODUCT,Thomas Sabo Charm Buchstaben E,true,"<p>gearbeitet in 925 Sterlingsilber, Oberfläche: poliert, mit weissen Zirkonia, Buchstaben E, Karabinerverschluss, 2 Jahre GarantieReferenz: 1945-051-14Verfügbar in der Bijouterie am Bogen in Bremgarten AG</p>",schmuck;beads-charms;thomas-sabo,schmuck,,,,Thomas Sabo,45,,,,,,18.75,1,false,,,128771,1945-051-14,,,,,,,,,,,,,,,,,,,,,,,,,,,,,,,,,,,,,,,,,,,,,,,,,,,,,,,,,,,,,,,,,,,,,
ds-128771,MEDIA,,,,,,6673aa_95501cdc216c475e8ffb5c27df924197~mv2.jpg,,,,,,,,,,,,,,,,,,,,,,,,,,,,,,,,,,,,,,,,,,,,,,,,,,,,,,,,,,,,,,,,,,,,,,,,,,,,,,,,,,,,,
ds-132037,PRODUCT,Rado Anatom,true,"<p>Gehäuse aus Keramik und Edelstahl, Kautschukband grau, automatisches Werk mit 80Std. Gangreserve, Saphirglas, Zifferblatt Open Heart, Stahlverschluss, Grösses: 32.5mm, Wasserdicht bis 5bar, 5 Jahre GarantieReferenz: R10206109Verfügbar in der Bijouterie am Bogen in Bremgarten AG</p>",uhren;herrenuhren;rado,uhren,,,,Rado,3900,,,,,,2184,1,false,,,132037,R10206109,,,,,,,,,,,,,,,,,,,,,,,,,,,,,,,,,,,,,,,,,,,,,,,,,,,,,,,,,,,,,,,,,,,,,
ds-132037,MEDIA,,,,,,6673aa_d7a20398e3af41f0a70a159675407a63~mv2.png,,,,,,,,,,,,,,,,,,,,,,,,,,,,,,,,,,,,,,,,,,,,,,,,,,,,,,,,,,,,,,,,,,,,,,,,,,,,,,,,,,,,,
ds-124474,PRODUCT,Hamilton Khaki Aviation Converter Day,true,"<p>Gehäuse und Band aus Edelstahl, automatisches Uhrwerk, schwarzes Zifferblatt Datumsanzeige, Saphirglas, Durchmesser: 42mm, 10bar Wasserdicht, zwei Jahre GarantieReferenz: H76615130Verfügbar in der Bijouterie am Bogen in Bremgarten AG</p>",uhren;herrenuhren;hamilton;sale,uhren,,,,Hamilton,693,1155,,,,,640.65,1,false,,,124474,H76615130,,,,,,,,,,,,,,,,,,,,,,,,,,,,,,,,,,,,,,,,,,,,,,,,,,,,,,,,,,,,,,,,,,,,,
ds-124474,MEDIA,,,,,,6673aa_1a8e2b42cfa04e4199be1e97d2b64d6a~mv2.jpg,,,,,,,,,,,,,,,,,,,,,,,,,,,,,,,,,,,,,,,,,,,,,,,,,,,,,,,,,,,,,,,,,,,,,,,,,,,,,,,,,,,,,
ds-128772,PRODUCT,Thomas Sabo Charm Buchstaben F,true,"<p>gearbeitet in 925 Sterlingsilber, Oberfläche: poliert, mit weissen Zirkonia, Buchstaben F, Karabinerverschluss, 2 Jahre GarantieReferenz: 1946-051-14Verfügbar in der Bijouterie am Bogen in Bremgarten AG</p>",schmuck;beads-charms;thomas-sabo,schmuck,,,,Thomas Sabo,45,,,,,,18.75,1,false,,,128772,1946-051-14,,,,,,,,,,,,,,,,,,,,,,,,,,,,,,,,,,,,,,,,,,,,,,,,,,,,,,,,,,,,,,,,,,,,,
ds-128772,MEDIA,,,,,,6673aa_25d6d6d640d84672bd1a1729e2850c00~mv2.jpg,,,,,,,,,,,,,,,,,,,,,,,,,,,,,,,,,,,,,,,,,,,,,,,,,,,,,,,,,,,,,,,,,,,,,,,,,,,,,,,,,,,,,
ds-128138,PRODUCT,Tissot Everytime,true,"<p>Gehäuse und Band aus Edelstahl poliert, Quarzwerk, Saphirglas, Zifferblatt blau mit Index, Durchmesser: 34mm, Wasserdicht bis 5bar, 2 Jahre GarantieReferenz: T143.210.11.041.00Verfügbar in der Bijouterie am Bogen in Bremgarten AG</p>",uhren;damenuhren;tissot,uhren,,,,Tissot,275,,,,,,152.65,1,false,,,128138,T143.210.11.041.00,,,,,,,,,,,,,,,,,,,,,,,,,,,,,,,,,,,,,,,,,,,,,,,,,,,,,,,,,,,,,,,,,,,,,
ds-128138,MEDIA,,,,,,6673aa_fe67205e1a7a472b92a17e265b24e378~mv2.png,,,,,,,,,,,,,,,,,,,,,,,,,,,,,,,,,,,,,,,,,,,,,,,,,,,,,,,,,,,,,,,,,,,,,,,,,,,,,,,,,,,,,
ds-126455,PRODUCT,Tissot Everytime,true,"<p>Edelstahlgehäuse und -band PVD vergoldet, Zifferblatt vergoldet, Quarzwerk, Saphirglas, Durchmesser: 34mm, 5bar Wasserdicht, zwei Jahre GarantieReferenz: T143.210.33.021.00Verfügbar in der Bijouterie am Bogen in Bremgarten AG</p>",uhren;damenuhren;tissot,uhren,,,,Tissot,295,,,,,,163.75,1,false,,,126455,T143.210.33.021.00,,,,,,,,,,,,,,,,,,,,,,,,,,,,,,,,,,,,,,,,,,,,,,,,,,,,,,,,,,,,,,,,,,,,,
ds-126455,MEDIA,,,,,,6673aa_9fa3d54321084f56b3c0ee171796d6c3~mv2.png,,,,,,,,,,,,,,,,,,,,,,,,,,,,,,,,,,,,,,,,,,,,,,,,,,,,,,,,,,,,,,,,,,,,,,,,,,,,,,,,,,,,,
ds-126455,MEDIA,,,,,,6673aa_2388378a123140b2b87dfec8190a45cc~mv2.jpg,,,,,,,,,,,,,,,,,,,,,,,,,,,,,,,,,,,,,,,,,,,,,,,,,,,,,,,,,,,,,,,,,,,,,,,,,,,,,,,,,,,,,
ds-126455,MEDIA,,,,,,6673aa_e6b900189308481c8b07f98b22ccb061~mv2.jpg,,,,,,,,,,,,,,,,,,,,,,,,,,,,,,,,,,,,,,,,,,,,,,,,,,,,,,,,,,,,,,,,,,,,,,,,,,,,,,,,,,,,,
ds-128781,PRODUCT,Thomas Sabo Charm Buchstaben R,true,"<p>gearbeitet in 925 Sterlingsilber, Oberfläche: poliert, mit weissen Zirkonia, Buchstaben R, Karabinerverschluss, 2 Jahre GarantieReferenz: 1955-051-14Verfügbar in der Bijouterie am Bogen in Bremgarten AG</p>",schmuck;beads-charms;thomas-sabo,schmuck,,,,Thomas Sabo,45,,,,,,18.75,1,false,,,128781,1955-051-14,,,,,,,,,,,,,,,,,,,,,,,,,,,,,,,,,,,,,,,,,,,,,,,,,,,,,,,,,,,,,,,,,,,,,
ds-128781,MEDIA,,,,,,6673aa_b3244f4d156f4a6faac1249c9a0d8b59~mv2.jpg,,,,,,,,,,,,,,,,,,,,,,,,,,,,,,,,,,,,,,,,,,,,,,,,,,,,,,,,,,,,,,,,,,,,,,,,,,,,,,,,,,,,,
ds-126454,PRODUCT,Tissot Everytime,true,"<p>Edelstahlgehäuse und -band, Zifferblatt silber, Quarzwerk, Saphirglas, Durchmesser: 34mm, 5bar Wasserdicht, 2 Jahre GarantieReferenz: T143.210.11.011.00Verfügbar in der Bijouterie Am Bogen in Bremgarten AG und in der Bijouterie Droz in Zofingen AG</p>",uhren;damenuhren;tissot,uhren,,,,Tissot,265,,,,,,147.1,2,false,,,126454,T143.210.11.011.00,,,,,,,,,,,,,,,,,,,,,,,,,,,,,,,,,,,,,,,,,,,,,,,,,,,,,,,,,,,,,,,,,,,,,
ds-126454,MEDIA,,,,,,6673aa_1454eee2ce9e48458b2e9235b7f62253~mv2.png,,,,,,,,,,,,,,,,,,,,,,,,,,,,,,,,,,,,,,,,,,,,,,,,,,,,,,,,,,,,,,,,,,,,,,,,,,,,,,,,,,,,,
ds-133646,PRODUCT,Tissot Lovely,true,"<p>Gehäuse und Band aus Edelstahl, Oberfläche: poliert, Quarzwerk, Zifferblatt silber, Saphirglas, Durchmesser: 19.5mm, Wasserdicht bis 3bar, 2 Jahre GarantieReferenz: T058.009.11.031.00Verfügbar in der Bijouterie am Bogen in Bremgarten AG</p>",uhren;damenuhren;tissot,uhren,,,,Tissot,295,,,,,,163.75,1,false,,,133646,T058.009.11.031.00,,,,,,,,,,,,,,,,,,,,,,,,,,,,,,,,,,,,,,,,,,,,,,,,,,,,,,,,,,,,,,,,,,,,,
ds-133646,MEDIA,,,,,,6673aa_99a6fe2fda3c4304b0f9eed5812957e0~mv2.jpg,,,,,,,,,,,,,,,,,,,,,,,,,,,,,,,,,,,,,,,,,,,,,,,,,,,,,,,,,,,,,,,,,,,,,,,,,,,,,,,,,,,,,
ds-129985,PRODUCT,Tissot Lovely,true,"<p>Edelstahlgehäuse und -band PVD gelb, Perlmutt Zifferblatt mit 4 Diamanten 0.008ct Top Wesselton vs/si, Lünette mit 42 Diamanten 0.126ct Top Wesselton vs/si, Quarzwerk, Saphirglas, Durchmesser: 19.5mm, 3bar Wasserdicht, zwei Jahre GarantieReferenz: T140.009.63.026.00Verfügbar in der Bijouterie am Bogen in Bremgarten AG</p>",uhren;damenuhren;tissot,uhren,,,,Tissot,625,,,,,,346.9,1,false,,,129985,T140.009.63.026.00,,,,,,,,,,,,,,,,,,,,,,,,,,,,,,,,,,,,,,,,,,,,,,,,,,,,,,,,,,,,,,,,,,,,,
ds-129985,MEDIA,,,,,,6673aa_882032cbd5694a069894e0cb113b8c07~mv2.png,,,,,,,,,,,,,,,,,,,,,,,,,,,,,,,,,,,,,,,,,,,,,,,,,,,,,,,,,,,,,,,,,,,,,,,,,,,,,,,,,,,,,
ds-129985,MEDIA,,,,,,6673aa_9fc9b8ab8f4a4905a3da60ed8097f817~mv2.png,,,,,,,,,,,,,,,,,,,,,,,,,,,,,,,,,,,,,,,,,,,,,,,,,,,,,,,,,,,,,,,,,,,,,,,,,,,,,,,,,,,,,
ds-129985,MEDIA,,,,,,6673aa_5632ecc1db6c403187ccb8ff1772a819~mv2.png,,,,,,,,,,,,,,,,,,,,,,,,,,,,,,,,,,,,,,,,,,,,,,,,,,,,,,,,,,,,,,,,,,,,,,,,,,,,,,,,,,,,,
ds-128780,PRODUCT,Thomas Sabo Charm Buchstaben P,true,"<p>gearbeitet in 925 Sterlingsilber, Oberfläche: poliert, mit weissen Zirkonia, Buchstaben P, Karabinerverschluss, 2 Jahre GarantieReferenz: 1953-051-14Verfügbar in der Bijouterie am Bogen in Bremgarten AG</p>",schmuck;beads-charms;thomas-sabo,schmuck,,,,Thomas Sabo,45,,,,,,18.75,1,false,,,128780,1953-051-14,,,,,,,,,,,,,,,,,,,,,,,,,,,,,,,,,,,,,,,,,,,,,,,,,,,,,,,,,,,,,,,,,,,,,
ds-128780,MEDIA,,,,,,6673aa_46fed67a556c42699bd7e54bd5236467~mv2.jpg,,,,,,,,,,,,,,,,,,,,,,,,,,,,,,,,,,,,,,,,,,,,,,,,,,,,,,,,,,,,,,,,,,,,,,,,,,,,,,,,,,,,,
ds-129984,PRODUCT,Tissot Lovely,true,"<p>Edelstahlgehäuse und -band, Perlmutt Zifferblatt mit 4 Diamanten 0.008ct Top Wesselton vs/si, Lünette mit 42 Diamanten 0.126ct Top Wesselton vs/si, Quarzwerk, Saphirglas, Durchmesser: 19.5mm, 3bar Wasserdicht, zwei Jahre GarantieReferenz: T140.009.61.116.00Verfügbar in der Bijouterie Am Bogen in Bremgarten AG und in der Bijouterie Droz in Zofingen AG</p>",uhren;damenuhren;tissot,uhren,,,,Tissot,545,,,,,,302.5,2,false,,,129984,T140.009.61.116.00,,,,,,,,,,,,,,,,,,,,,,,,,,,,,,,,,,,,,,,,,,,,,,,,,,,,,,,,,,,,,,,,,,,,,
ds-129984,MEDIA,,,,,,6673aa_37968a785fff42c6a63f3320498ca2bb~mv2.png,,,,,,,,,,,,,,,,,,,,,,,,,,,,,,,,,,,,,,,,,,,,,,,,,,,,,,,,,,,,,,,,,,,,,,,,,,,,,,,,,,,,,
ds-129984,MEDIA,,,,,,6673aa_181914b4e4f94ad3b0d0c9b3769aba2f~mv2.png,,,,,,,,,,,,,,,,,,,,,,,,,,,,,,,,,,,,,,,,,,,,,,,,,,,,,,,,,,,,,,,,,,,,,,,,,,,,,,,,,,,,,
ds-129984,MEDIA,,,,,,6673aa_079c37d38fc5468688a7d5101da7bcfc~mv2.png,,,,,,,,,,,,,,,,,,,,,,,,,,,,,,,,,,,,,,,,,,,,,,,,,,,,,,,,,,,,,,,,,,,,,,,,,,,,,,,,,,,,,
ds-129984,MEDIA,,,,,,6673aa_b19b440965244a75b69072f38ccbfaac~mv2.png,,,,,,,,,,,,,,,,,,,,,,,,,,,,,,,,,,,,,,,,,,,,,,,,,,,,,,,,,,,,,,,,,,,,,,,,,,,,,,,,,,,,,
ds-129984,MEDIA,,,,,,6673aa_fb1730190663464e8408aaccc14a25a0~mv2.png,,,,,,,,,,,,,,,,,,,,,,,,,,,,,,,,,,,,,,,,,,,,,,,,,,,,,,,,,,,,,,,,,,,,,,,,,,,,,,,,,,,,,
ds-128282,PRODUCT,Tissot Lovely,true,"<p>Edelstahlgehäuse und -band PVD rosé, Perlmutt Zifferblatt, Quarzwerk, Saphirglas, Durchmesser: 19.5mm, 3bar Wasserdicht, zwei Jahre GarantieReferenz: T140.009.33.111.00Verfügbar in der Bijouterie am Bogen in Bremgarten AG</p>",uhren;damenuhren;tissot,uhren,,,,Tissot,395,,,,,,220.05,1,false,,,128282,T140.009.33.111.00,,,,,,,,,,,,,,,,,,,,,,,,,,,,,,,,,,,,,,,,,,,,,,,,,,,,,,,,,,,,,,,,,,,,,
ds-128282,MEDIA,,,,,,6673aa_7a4c8a3fe8084adeadc1ad7b757bf67e~mv2.png,,,,,,,,,,,,,,,,,,,,,,,,,,,,,,,,,,,,,,,,,,,,,,,,,,,,,,,,,,,,,,,,,,,,,,,,,,,,,,,,,,,,,
ds-128282,MEDIA,,,,,,6673aa_9b0ff2a7b39849dbb3b8fdaf245dd652~mv2.jpg,,,,,,,,,,,,,,,,,,,,,,,,,,,,,,,,,,,,,,,,,,,,,,,,,,,,,,,,,,,,,,,,,,,,,,,,,,,,,,,,,,,,,
ds-128282,MEDIA,,,,,,6673aa_819ba1e2fd8248309c6dfadfd506d59e~mv2.jpg,,,,,,,,,,,,,,,,,,,,,,,,,,,,,,,,,,,,,,,,,,,,,,,,,,,,,,,,,,,,,,,,,,,,,,,,,,,,,,,,,,,,,
ds-128779,PRODUCT,Thomas Sabo Charm Buchstaben O,true,"<p>gearbeitet in 925 Sterlingsilber, Oberfläche: poliert, mit weissen Zirkonia, Buchstaben O, Karabinerverschluss, 2 Jahre GarantieReferenz: 1952-051-14Verfügbar in der Bijouterie am Bogen in Bremgarten AG</p>",schmuck;beads-charms;thomas-sabo,schmuck,,,,Thomas Sabo,45,,,,,,18.75,1,false,,,128779,1952-051-14,,,,,,,,,,,,,,,,,,,,,,,,,,,,,,,,,,,,,,,,,,,,,,,,,,,,,,,,,,,,,,,,,,,,,
ds-128779,MEDIA,,,,,,6673aa_ff7955ad4de3413e82d2e78dd5a780e6~mv2.jpg,,,,,,,,,,,,,,,,,,,,,,,,,,,,,,,,,,,,,,,,,,,,,,,,,,,,,,,,,,,,,,,,,,,,,,,,,,,,,,,,,,,,,
ds-110730,PRODUCT,Tissot Lovely,true,"<p>Gehäuse und Band aus Edelstahl / PVD gelb, Quarzwerk, Saphirglas, Zifferblatt silber, Durchmesser: 19.5mm, Wasserdicht bis 3bar, zwei Jahre GarantieReferenz: T058.009.33.031.00Verfügbar in der Bijouterie am Bogen in Bremgarten AG</p>",uhren;damenuhren;tissot,uhren,,,,Tissot,390,,,,,,216.45,1,false,,,110730,T058.009.33.031.00,,,,,,,,,,,,,,,,,,,,,,,,,,,,,,,,,,,,,,,,,,,,,,,,,,,,,,,,,,,,,,,,,,,,,
ds-110730,MEDIA,,,,,,6673aa_a6a5377b67d84e0fa45df28091da068b~mv2.jpg,,,,,,,,,,,,,,,,,,,,,,,,,,,,,,,,,,,,,,,,,,,,,,,,,,,,,,,,,,,,,,,,,,,,,,,,,,,,,,,,,,,,,
ds-130574,PRODUCT,Tissot Le Locle,true,"<p>Gehäuse und Band aus Edelstahl poliert, Saphirglas, automatisches Uhrwerk, Zifferblatt grün mit 12 Diamanten 0.045ct Top Wesselton vs7si und Datumsanzeige, Durchmesser 29mm, Wasserdicht bis 3bar, zwei Jahre GarantieReferenz: T006.207.11.096.00Verfügbar in der Bijouterie am Bogen in Bremgarten AG</p>",uhren;damenuhren;tissot,uhren,,,,Tissot,795,,,,,,430.15,1,false,,,130574,T006.207.11.096.00,,,,,,,,,,,,,,,,,,,,,,,,,,,,,,,,,,,,,,,,,,,,,,,,,,,,,,,,,,,,,,,,,,,,,
ds-130574,MEDIA,,,,,,6673aa_0c93de094d0c46c7a13f49bdb979a525~mv2.png,,,,,,,,,,,,,,,,,,,,,,,,,,,,,,,,,,,,,,,,,,,,,,,,,,,,,,,,,,,,,,,,,,,,,,,,,,,,,,,,,,,,,
ds-130574,MEDIA,,,,,,6673aa_a2d30636630b407486f3b21e5ff7419b~mv2.jpg,,,,,,,,,,,,,,,,,,,,,,,,,,,,,,,,,,,,,,,,,,,,,,,,,,,,,,,,,,,,,,,,,,,,,,,,,,,,,,,,,,,,,
ds-130574,MEDIA,,,,,,6673aa_cfdce301d9434c04af18562a31ef7a5f~mv2.jpg,,,,,,,,,,,,,,,,,,,,,,,,,,,,,,,,,,,,,,,,,,,,,,,,,,,,,,,,,,,,,,,,,,,,,,,,,,,,,,,,,,,,,
ds-130574,MEDIA,,,,,,6673aa_2c308c6c8dc34046a4ab5750b13c30d0~mv2.jpg,,,,,,,,,,,,,,,,,,,,,,,,,,,,,,,,,,,,,,,,,,,,,,,,,,,,,,,,,,,,,,,,,,,,,,,,,,,,,,,,,,,,,
ds-130573,PRODUCT,Tissot Le Locle,true,"<p>Gehäuse und Band aus Edelstahl poliert, automatisches Werk Powermatic 80, Saphirglas, Zifferblatt grün mit Datumsanzeige, Wasserdicht bis 3bar, Durchmesser 39mm, zwei Jahre GarantieReferenz: T006.407.11.093.00Verfügbar in der Bijouterie am Bogen in Bremgarten AG</p>",uhren;herrenuhren;tissot,uhren,,,,Tissot,675,,,,,,363.55,1,false,,,130573,T006.407.11.093.00,,,,,,,,,,,,,,,,,,,,,,,,,,,,,,,,,,,,,,,,,,,,,,,,,,,,,,,,,,,,,,,,,,,,,
ds-130573,MEDIA,,,,,,6673aa_31f3a41f9f0e4ef8bfa810c61920af5f~mv2.png,,,,,,,,,,,,,,,,,,,,,,,,,,,,,,,,,,,,,,,,,,,,,,,,,,,,,,,,,,,,,,,,,,,,,,,,,,,,,,,,,,,,,
ds-130573,MEDIA,,,,,,6673aa_c1b29012c3534b38b942303947a1fed2~mv2.jpg,,,,,,,,,,,,,,,,,,,,,,,,,,,,,,,,,,,,,,,,,,,,,,,,,,,,,,,,,,,,,,,,,,,,,,,,,,,,,,,,,,,,,
ds-130573,MEDIA,,,,,,6673aa_b17665296ddb421d8b89919d6dc5dbe4~mv2.jpg,,,,,,,,,,,,,,,,,,,,,,,,,,,,,,,,,,,,,,,,,,,,,,,,,,,,,,,,,,,,,,,,,,,,,,,,,,,,,,,,,,,,,
ds-130573,MEDIA,,,,,,6673aa_fd7c91ce1fc34097b9bb57acb11138ad~mv2.jpg,,,,,,,,,,,,,,,,,,,,,,,,,,,,,,,,,,,,,,,,,,,,,,,,,,,,,,,,,,,,,,,,,,,,,,,,,,,,,,,,,,,,,
ds-128782,PRODUCT,Thomas Sabo Charm Buchstaben S,true,"<p>gearbeitet in 925 Sterlingsilber, Oberfläche: poliert, mit weissen Zirkonia, Buchstaben S, Karabinerverschluss, 2 Jahre GarantieReferenz: 1956-051-14Verfügbar in der Bijouterie am Bogen in Bremgarten AG</p>",schmuck;beads-charms;thomas-sabo,,,,,Thomas Sabo,45,,,,,,18.75,1,false,,,128782,1956-051-14,,,,,,,,,,,,,,,,,,,,,,,,,,,,,,,,,,,,,,,,,,,,,,,,,,,,,,,,,,,,,,,,,,,,,
ds-128782,MEDIA,,,,,,6673aa_3026f6ee5c1c404592fffa854b7358d2~mv2.jpg,,,,,,,,,,,,,,,,,,,,,,,,,,,,,,,,,,,,,,,,,,,,,,,,,,,,,,,,,,,,,,,,,,,,,,,,,,,,,,,,,,,,,
ds-126439,PRODUCT,Tissot Le Locle,true,"<p>Gehäuse und Band aus Edelstahl poliert, automatisches Uhrwerk Powermatic 80, Saphirglas, Zifferblatt silber/römisch Open Heart, Wasserdicht bis 3bar, Durchmesser 39mm, zwei Jahre GarantieReferenz: T006.407.11.033.02Verfügbar in der Bijouterie am Bogen in Bremgarten AG</p>",uhren;tissot;herrenuhren,uhren,,,,Tissot,825,,,,,,415.05,1,false,,,126439,T006.407.11.033.02,,,,,,,,,,,,,,,,,,,,,,,,,,,,,,,,,,,,,,,,,,,,,,,,,,,,,,,,,,,,,,,,,,,,,
ds-126439,MEDIA,,,,,,6673aa_a7fe1b3d2ddb46a282406456faa6e9e6~mv2.png,,,,,,,,,,,,,,,,,,,,,,,,,,,,,,,,,,,,,,,,,,,,,,,,,,,,,,,,,,,,,,,,,,,,,,,,,,,,,,,,,,,,,
ds-126439,MEDIA,,,,,,6673aa_3522cb4311be400b822d55115962d585~mv2.jpg,,,,,,,,,,,,,,,,,,,,,,,,,,,,,,,,,,,,,,,,,,,,,,,,,,,,,,,,,,,,,,,,,,,,,,,,,,,,,,,,,,,,,
ds-126439,MEDIA,,,,,,6673aa_4d54549ba83f42c796b7f2ca61c0f7ae~mv2.jpg,,,,,,,,,,,,,,,,,,,,,,,,,,,,,,,,,,,,,,,,,,,,,,,,,,,,,,,,,,,,,,,,,,,,,,,,,,,,,,,,,,,,,
ds-131884,PRODUCT,Tissot T Race,true,"<p>Gehäuse aus Edelstahl PVD rosé mit Silikonband beige, Quartzwerk Chrono, Saphirglas, Zifferblatt rosé mit Datumsanzeige, Durchmesser 38mm, Wasserdicht bis 10bar, 2 Jahre GarantieReferenz: T141.817.37.501.00Verfügbar in der Bijouterie am Bogen in Bremgarten AG</p>",uhren;damenuhren;tissot,,,,,Tissot,565,,,,,,313.6,1,false,,,131884,T141.817.37.501.00,,,,,,,,,,,,,,,,,,,,,,,,,,,,,,,,,,,,,,,,,,,,,,,,,,,,,,,,,,,,,,,,,,,,,
ds-131884,MEDIA,,,,,,6673aa_6c2a25bd1ff2473482adddfd3c32827c~mv2.png,,,,,,,,,,,,,,,,,,,,,,,,,,,,,,,,,,,,,,,,,,,,,,,,,,,,,,,,,,,,,,,,,,,,,,,,,,,,,,,,,,,,,
ds-131883,PRODUCT,Tissot T Race,true,"<p>Gehäuse aus Edelstahl, Oberfläche: matt, mit einem Silikonband weiss, Quartzwerk Chrono und Datumsanzeige, Saphirglas, Zifferblatt Perlmutt, Lünette mit Keramik, Durchmesser 38mm, Wasserdicht bis 10bar, 2 Jahre GarantieReferenz: T141.817.97.111.00Verfügbar in der Bijouterie am Bogen in Bremgarten AG</p>",uhren;damenuhren;tissot,uhren,,,,Tissot,675,,,,,,374.65,1,false,,,131883,T141.817.97.111.00,,,,,,,,,,,,,,,,,,,,,,,,,,,,,,,,,,,,,,,,,,,,,,,,,,,,,,,,,,,,,,,,,,,,,
ds-131883,MEDIA,,,,,,6673aa_a1fed0a7c2024da0a783fcf4c48fc381~mv2.png,,,,,,,,,,,,,,,,,,,,,,,,,,,,,,,,,,,,,,,,,,,,,,,,,,,,,,,,,,,,,,,,,,,,,,,,,,,,,,,,,,,,,
ds-132876,PRODUCT,Tissot Ballade,true,"<p>Gehäuse und Band aus Edelstahl PVD rosé, Oberfläche: matt / poliert, Quarzwerk, EOL, Zifferblatt beige mit Index und Datumsanzeige, Saphirglas, Durchmesser: 34mm, Wasserdicht bis 10bar, 2 Jahre GarantieReferenz: T156.210.22.031.01Verfügbar in der Bijouterie am Bogen in Bremgarten AG</p>",uhren;damenuhren;tissot,uhren,,,,Tissot,365,,,,,,202.6,1,false,,,132876,T156.210.22.031.01,,,,,,,,,,,,,,,,,,,,,,,,,,,,,,,,,,,,,,,,,,,,,,,,,,,,,,,,,,,,,,,,,,,,,
ds-132876,MEDIA,,,,,,6673aa_b865d18479754d5eb34597cb5110ac33~mv2.png,,,,,,,,,,,,,,,,,,,,,,,,,,,,,,,,,,,,,,,,,,,,,,,,,,,,,,,,,,,,,,,,,,,,,,,,,,,,,,,,,,,,,
ds-132876,MEDIA,,,,,,6673aa_933f9f3cd7394036a0494372507c47c8~mv2.jpg,,,,,,,,,,,,,,,,,,,,,,,,,,,,,,,,,,,,,,,,,,,,,,,,,,,,,,,,,,,,,,,,,,,,,,,,,,,,,,,,,,,,,
ds-132876,MEDIA,,,,,,6673aa_2d249b93a7c243fe8a5f4ebbb6e950b4~mv2.jpg,,,,,,,,,,,,,,,,,,,,,,,,,,,,,,,,,,,,,,,,,,,,,,,,,,,,,,,,,,,,,,,,,,,,,,,,,,,,,,,,,,,,,
ds-132876,MEDIA,,,,,,6673aa_9ce32b8d3fe743a79986fdf57bb3822c~mv2.jpg,,,,,,,,,,,,,,,,,,,,,,,,,,,,,,,,,,,,,,,,,,,,,,,,,,,,,,,,,,,,,,,,,,,,,,,,,,,,,,,,,,,,,
ds-132875,PRODUCT,Tissot Ballade,true,"<p>Gehäuse und Band aus Edelstahl, Oberfläche: matt / poliert, Quarzwerk, EOL, Zifferblatt dunkelblau mit Index und Datumsanzeige, Saphirglas, Durchmesser: 34mm, Wasserdicht bis 10bar, 2 Jahre GarantieReferenz: T156.210.11.041.00Verfügbar in der Bijouterie am Bogen in Bremgarten AG</p>",uhren;damenuhren;tissot,uhren,,,,Tissot,325,,,,,,180.4,1,false,,,132875,T156.210.11.041.00,,,,,,,,,,,,,,,,,,,,,,,,,,,,,,,,,,,,,,,,,,,,,,,,,,,,,,,,,,,,,,,,,,,,,
ds-132875,MEDIA,,,,,,6673aa_39d2773784dd4d2cacfd1d884efd3c96~mv2.png,,,,,,,,,,,,,,,,,,,,,,,,,,,,,,,,,,,,,,,,,,,,,,,,,,,,,,,,,,,,,,,,,,,,,,,,,,,,,,,,,,,,,
ds-132231,PRODUCT,Tissot Ballade,true,"<p>Gehäuse und Band aus Edelstahl / PVD rosé, Oberfläche: matt / poliert, automatisches Uhrwerk mit 48 Stunden Gangreserve COSC, Saphirglas, Zifferblatt silber mit Datumsanzeige, Durchmesser 30mm, Wasserdicht bis 10bar, zwei Jahre GarantieReferenz: T156.208.22.033.00Verfügbar in der Bijouterie am Bogen in Bremgarten AG</p>",uhren;damenuhren;tissot,uhren,,,,Tissot,995,,,,,,552.25,1,false,,,132231,T156.208.22.033.00,,,,,,,,,,,,,,,,,,,,,,,,,,,,,,,,,,,,,,,,,,,,,,,,,,,,,,,,,,,,,,,,,,,,,
ds-132231,MEDIA,,,,,,6673aa_d292295a2ec842a7a871859285d5866e~mv2.png,,,,,,,,,,,,,,,,,,,,,,,,,,,,,,,,,,,,,,,,,,,,,,,,,,,,,,,,,,,,,,,,,,,,,,,,,,,,,,,,,,,,,
ds-132230,PRODUCT,Tissot Ballade,true,"<p>Gehäuse und Band aus Edelstahl, Oberfläche: matt / poliert, automatisches Uhrwerk mit 48 Stunden Gangreserve COSC, Saphirglas, Zifferblatt silber mit Datumsanzeige, Durchmesser 30mm, Wasserdicht bis 10bar, zwei Jahre GarantieReferenz: T156.208.11.033.00Verfügbar in der Bijouterie am Bogen in Bremgarten AG</p>",uhren;damenuhren;tissot,uhren,,,,Tissot,925,,,,,,513.4,1,false,,,132230,T156.208.11.033.00,,,,,,,,,,,,,,,,,,,,,,,,,,,,,,,,,,,,,,,,,,,,,,,,,,,,,,,,,,,,,,,,,,,,,
ds-132230,MEDIA,,,,,,6673aa_f7427ed7b24043c58a78b1fe1293a1ae~mv2.png,,,,,,,,,,,,,,,,,,,,,,,,,,,,,,,,,,,,,,,,,,,,,,,,,,,,,,,,,,,,,,,,,,,,,,,,,,,,,,,,,,,,,
ds-128774,PRODUCT,Thomas Sabo Charm Buchstaben I,true,"<p>gearbeitet in 925 Sterlingsilber, Oberfläche: poliert, mit weissen Zirkonia, Buchstaben I, Karabinerverschluss, 2 Jahre GarantieReferenz: 1948-051-14Verfügbar in der Bijouterie am Bogen in Bremgarten AG</p>",schmuck;beads-charms;thomas-sabo,,,,,Thomas Sabo,45,,,,,,18.75,1,false,,,128774,1948-051-14,,,,,,,,,,,,,,,,,,,,,,,,,,,,,,,,,,,,,,,,,,,,,,,,,,,,,,,,,,,,,,,,,,,,,
ds-128774,MEDIA,,,,,,6673aa_deb4fa574fa54c138eafb842777e186d~mv2.jpg,,,,,,,,,,,,,,,,,,,,,,,,,,,,,,,,,,,,,,,,,,,,,,,,,,,,,,,,,,,,,,,,,,,,,,,,,,,,,,,,,,,,,
ds-128773,PRODUCT,Thomas Sabo Charm Buchstaben H,true,"<p>gearbeitet in 925 Sterlingsilber, Oberfläche: poliert, mit weissen Zirkonia, Buchstaben H, Karabinerverschluss, 2 Jahre GarantieReferenz: 1947-051-14Verfügbar in der Bijouterie am Bogen in Bremgarten AG</p>",schmuck;beads-charms;thomas-sabo,,,,,Thomas Sabo,45,,,,,,18.75,1,false,,,128773,1947-051-14,,,,,,,,,,,,,,,,,,,,,,,,,,,,,,,,,,,,,,,,,,,,,,,,,,,,,,,,,,,,,,,,,,,,,
ds-128773,MEDIA,,,,,,6673aa_ae5fe03fcd7b49949441fe9d6c8c4880~mv2.jpg,,,,,,,,,,,,,,,,,,,,,,,,,,,,,,,,,,,,,,,,,,,,,,,,,,,,,,,,,,,,,,,,,,,,,,,,,,,,,,,,,,,,,
ds-130541,PRODUCT,Tissot Ballade,true,"<p>Gehäuse und Band aus Edelstahl, Oberfläche: matt / poliert, Quarzwerk, EOL, Zifferblatt grün mit Index und Datumsanzeige, Saphirglas, Durchmesser: 40mm, Wasserdicht bis 10bar, 2 Jahre GarantieReferenz: T156.410.11.091.00Verfügbar in der Bijouterie Am Bogen in Bremgarten AG und in der Bijouterie Droz in Zofingen AG</p>",uhren;damenuhren;tissot,uhren,,,,Tissot,325,,,,,,180.4,2,false,,,130541,T156.410.11.091.00,,,,,,,,,,,,,,,,,,,,,,,,,,,,,,,,,,,,,,,,,,,,,,,,,,,,,,,,,,,,,,,,,,,,,
ds-130541,MEDIA,,,,,,6673aa_bd79c35b539249febc27f4944c5a1482~mv2.png,,,,,,,,,,,,,,,,,,,,,,,,,,,,,,,,,,,,,,,,,,,,,,,,,,,,,,,,,,,,,,,,,,,,,,,,,,,,,,,,,,,,,
ds-130541,MEDIA,,,,,,6673aa_062fc0ba984c4e31bb82c0aeee00cd59~mv2.jpg,,,,,,,,,,,,,,,,,,,,,,,,,,,,,,,,,,,,,,,,,,,,,,,,,,,,,,,,,,,,,,,,,,,,,,,,,,,,,,,,,,,,,
ds-130541,MEDIA,,,,,,6673aa_8d0b294ee36c438e94c3ac9f8499c1c3~mv2.jpg,,,,,,,,,,,,,,,,,,,,,,,,,,,,,,,,,,,,,,,,,,,,,,,,,,,,,,,,,,,,,,,,,,,,,,,,,,,,,,,,,,,,,
ds-130541,MEDIA,,,,,,6673aa_222eb4062983435a9032cc2f84aedfab~mv2.jpg,,,,,,,,,,,,,,,,,,,,,,,,,,,,,,,,,,,,,,,,,,,,,,,,,,,,,,,,,,,,,,,,,,,,,,,,,,,,,,,,,,,,,
ds-130541,MEDIA,,,,,,6673aa_1153550002cc450197a104ac394b1034~mv2.jpg,,,,,,,,,,,,,,,,,,,,,,,,,,,,,,,,,,,,,,,,,,,,,,,,,,,,,,,,,,,,,,,,,,,,,,,,,,,,,,,,,,,,,
ds-130537,PRODUCT,Tissot Ballade,true,"<p>Gehäuse und Band aus Edelstahl PVD rosé, Oberfläche: matt / poliert, Quarzwerk, EOL, Zifferblatt dunkelblau mit Index und Datumsanzeige, Saphirglas, Durchmesser: 34mm, Wasserdicht bis 10bar, 2 Jahre GarantieReferenz: T156.210.22.041.00Verfügbar in der Bijouterie am Bogen in Bremgarten AG</p>",uhren;damenuhren;tissot,uhren,,,,Tissot,365,,,,,,180.4,1,false,,,130537,T156.210.22.041.00,,,,,,,,,,,,,,,,,,,,,,,,,,,,,,,,,,,,,,,,,,,,,,,,,,,,,,,,,,,,,,,,,,,,,
ds-130537,MEDIA,,,,,,6673aa_84b528fcc5ec4f549aa5eb3317f936f8~mv2.png,,,,,,,,,,,,,,,,,,,,,,,,,,,,,,,,,,,,,,,,,,,,,,,,,,,,,,,,,,,,,,,,,,,,,,,,,,,,,,,,,,,,,
ds-130537,MEDIA,,,,,,6673aa_f35d62d9bfbc441c9f5333bd09c3016f~mv2.jpg,,,,,,,,,,,,,,,,,,,,,,,,,,,,,,,,,,,,,,,,,,,,,,,,,,,,,,,,,,,,,,,,,,,,,,,,,,,,,,,,,,,,,
ds-130537,MEDIA,,,,,,6673aa_e8c6116dc9ca453bb2cbb382f74b9d72~mv2.jpg,,,,,,,,,,,,,,,,,,,,,,,,,,,,,,,,,,,,,,,,,,,,,,,,,,,,,,,,,,,,,,,,,,,,,,,,,,,,,,,,,,,,,
ds-130537,MEDIA,,,,,,6673aa_04f07ad3c2bc4caca46a68bb1fd1acb5~mv2.jpg,,,,,,,,,,,,,,,,,,,,,,,,,,,,,,,,,,,,,,,,,,,,,,,,,,,,,,,,,,,,,,,,,,,,,,,,,,,,,,,,,,,,,
ds-130536,PRODUCT,Tissot Ballade,true,"<p>Gehäuse und Band aus Edelstahl, Oberfläche: matt / poliert, Quarzwerk, EOL, Zifferblatt mint mit Index und Datumsanzeige, Saphirglas, Durchmesser: 34mm, Wasserdicht bis 10bar, 2 Jahre GarantieReferenz: T156.210.11.091.00Verfügbar in der Bijouterie am Bogen in Bremgarten AG</p>",uhren;damenuhren;tissot,,,,,Tissot,325,,,,,,180.4,1,false,,,130536,T156.210.11.091.00,,,,,,,,,,,,,,,,,,,,,,,,,,,,,,,,,,,,,,,,,,,,,,,,,,,,,,,,,,,,,,,,,,,,,
ds-130536,MEDIA,,,,,,6673aa_3dcb32e4320441a2b72c8748daba9c6c~mv2.png,,,,,,,,,,,,,,,,,,,,,,,,,,,,,,,,,,,,,,,,,,,,,,,,,,,,,,,,,,,,,,,,,,,,,,,,,,,,,,,,,,,,,
ds-130536,MEDIA,,,,,,6673aa_71469c26cdb5480f93cd68432e45ea9d~mv2.jpg,,,,,,,,,,,,,,,,,,,,,,,,,,,,,,,,,,,,,,,,,,,,,,,,,,,,,,,,,,,,,,,,,,,,,,,,,,,,,,,,,,,,,
ds-130536,MEDIA,,,,,,6673aa_8deec4fc5ab249f9aa645ece94119f9b~mv2.jpg,,,,,,,,,,,,,,,,,,,,,,,,,,,,,,,,,,,,,,,,,,,,,,,,,,,,,,,,,,,,,,,,,,,,,,,,,,,,,,,,,,,,,
ds-130536,MEDIA,,,,,,6673aa_472141590e5b435e8ec57ea2a5e7e5a2~mv2.jpg,,,,,,,,,,,,,,,,,,,,,,,,,,,,,,,,,,,,,,,,,,,,,,,,,,,,,,,,,,,,,,,,,,,,,,,,,,,,,,,,,,,,,
ds-124294,PRODUCT,Tissot Ballade,true,"<p>Edelstahlgehäuse und -band PVD Gelb, silbernes Zifferblatt, Datum, Automat, 80h Gangreserve, zertifizierter Chronometer, Silicium Spirale, 5bar Wasserdicht, zwei Jahre GarantieReferenz: T108.408.22.278.01Verfügbar in der Bijouterie am Bogen in Bremgarten AG</p>",uhren;herrenuhren;tissot,uhren,,,,Tissot,1045,,,,,,554.3,1,false,,,124294,T108.408.22.278.01,,,,,,,,,,,,,,,,,,,,,,,,,,,,,,,,,,,,,,,,,,,,,,,,,,,,,,,,,,,,,,,,,,,,,
ds-124294,MEDIA,,,,,,6673aa_af8e3455c0894d59a11e5f414da72acd~mv2.png,,,,,,,,,,,,,,,,,,,,,,,,,,,,,,,,,,,,,,,,,,,,,,,,,,,,,,,,,,,,,,,,,,,,,,,,,,,,,,,,,,,,,
ds-124294,MEDIA,,,,,,6673aa_35a2e5d0f9b74366a49013c4277fcea2~mv2.jpg,,,,,,,,,,,,,,,,,,,,,,,,,,,,,,,,,,,,,,,,,,,,,,,,,,,,,,,,,,,,,,,,,,,,,,,,,,,,,,,,,,,,,
ds-124294,MEDIA,,,,,,6673aa_49da4d5420ca4c7296b04847ed304d44~mv2.jpg,,,,,,,,,,,,,,,,,,,,,,,,,,,,,,,,,,,,,,,,,,,,,,,,,,,,,,,,,,,,,,,,,,,,,,,,,,,,,,,,,,,,,
ds-126083,PRODUCT,Tissot T Pocket Taschenuhr,true,"<p>Gehäuse und Kette in Edelstahl, Handaufzug, Savonette, weisses Zifferblatt mit römischen Ziffern, 2 Jahre GarantieReferenz: T83.6.401.13Verfügbar in der Bijouterie am Bogen in Bremgarten AG</p>",uhren;taschenuhren;tissot,,,,,Tissot,795,,,,,,442.9,1,false,,,126083,T83.6.401.13,,,,,,,,,,,,,,,,,,,,,,,,,,,,,,,,,,,,,,,,,,,,,,,,,,,,,,,,,,,,,,,,,,,,,
ds-126083,MEDIA,,,,,,6673aa_a3c26bbac2064c91b3240d681b985dcf~mv2.png,,,,,,,,,,,,,,,,,,,,,,,,,,,,,,,,,,,,,,,,,,,,,,,,,,,,,,,,,,,,,,,,,,,,,,,,,,,,,,,,,,,,,
ds-126083,MEDIA,,,,,,6673aa_b3931675b6e14649afccd48954f3efd2~mv2.png,,,,,,,,,,,,,,,,,,,,,,,,,,,,,,,,,,,,,,,,,,,,,,,,,,,,,,,,,,,,,,,,,,,,,,,,,,,,,,,,,,,,,
ds-126083,MEDIA,,,,,,6673aa_7b73bc349160429e9b71212438afd183~mv2.png,,,,,,,,,,,,,,,,,,,,,,,,,,,,,,,,,,,,,,,,,,,,,,,,,,,,,,,,,,,,,,,,,,,,,,,,,,,,,,,,,,,,,
ds-128776,PRODUCT,Thomas Sabo Charm Buchstaben J,true,"<p>gearbeitet in 925 Sterlingsilber, Oberfläche: poliert, mit weissen Zirkonia, Buchstaben J, Karabinerverschluss, 2 Jahre GarantieReferenz: 1949-051-14Verfügbar in der Bijouterie am Bogen in Bremgarten AG</p>",schmuck;beads-charms;thomas-sabo,schmuck,,,,Thomas Sabo,45,,,,,,18.75,1,false,,,128776,1949-051-14,,,,,,,,,,,,,,,,,,,,,,,,,,,,,,,,,,,,,,,,,,,,,,,,,,,,,,,,,,,,,,,,,,,,,
ds-128776,MEDIA,,,,,,6673aa_6654ebe76a3b457f8ecaeefcc1ecfca7~mv2.jpg,,,,,,,,,,,,,,,,,,,,,,,,,,,,,,,,,,,,,,,,,,,,,,,,,,,,,,,,,,,,,,,,,,,,,,,,,,,,,,,,,,,,,
ds-111746,PRODUCT,Thomas Sabo Sterling,true,"<p>gearbeitet in 925 Silber, Fuchsschwanzcollier, Länge: 45cm, Karabinerverschluss, zwei Jahre Garantie</p><p>Referenz: KE1350-001-12-L45</p><p>Verfügbar in der Bijouterie am Bogen in Bremgarten AG</p>",schmuck;colliers;thomas-sabo,schmuck,,,,Thomas Sabo,98,,,,,,42.4,1,false,,,111746,KE1350-001-12-L45,,,,,,,,,,,,,,,,,,,,,,,,,,,,,,,,,,,,,,,,,,,,,,,,,,,,,,,,,,,,,,,,,,,,,
ds-111746,MEDIA,,,,,,6673aa_35fff19de8e549f7baba5fb9976fb38b~mv2.jpg,,,,,,,,,,,,,,,,,,,,,,,,,,,,,,,,,,,,,,,,,,,,,,,,,,,,,,,,,,,,,,,,,,,,,,,,,,,,,,,,,,,,,
ds-126720,PRODUCT,Aerowatch Milan GMT,false,"<p>Gehäuse aus Stahl matt mit Lederband schwarz, Faltschliesse, Quarzwerk, Zifferblatt schwarz mit Index, GMT, Saphirglas, Wasserdicht bis 10bar, zwei Jahre GarantieReferenz: A44999 AA01Verfügbar in der Bijouterie Droz in Zofingen AG</p>",uhren;herrenuhren;aerowatch,uhren,,,,Aerowatch,698,,,,,,349,1,false,,,126720,A44999 AA01,,,,,,,,,,,,,,,,,,,,,,,,,,,,,,,,,,,,,,,,,,,,,,,,,,,,,,,,,,,,,,,,,,,,,
ds-129116,PRODUCT,Tissot PRS 516,true,"<p>Gehäuse und Band aus Edelstahl, Oberfläche: matt / poliert, Quarzwerk mit Chronograph, EOL, Saphirglas, Zifferblatt blau mit Index, Durchmesser 41mm, Wasserdicht bis 10bar, zwei Jahre GarantieReferenz: T149.417.11.041.00Verfügbar in der Bijouterie Droz in Zofingen AG</p>",uhren;herrenuhren;tissot,uhren,,,,Tissot,475,,,,,,263.65,1,false,,,129116,T149.417.11.041.00,,,,,,,,,,,,,,,,,,,,,,,,,,,,,,,,,,,,,,,,,,,,,,,,,,,,,,,,,,,,,,,,,,,,,
ds-129116,MEDIA,,,,,,6673aa_44f2d052a9a5424eab2dc0f1fb726695~mv2.png,,,,,,,,,,,,,,,,,,,,,,,,,,,,,,,,,,,,,,,,,,,,,,,,,,,,,,,,,,,,,,,,,,,,,,,,,,,,,,,,,,,,,
ds-129116,MEDIA,,,,,,6673aa_e16aeae6c96e4fe6bbe2c62023428162~mv2.png,,,,,,,,,,,,,,,,,,,,,,,,,,,,,,,,,,,,,,,,,,,,,,,,,,,,,,,,,,,,,,,,,,,,,,,,,,,,,,,,,,,,,
ds-129116,MEDIA,,,,,,6673aa_b0d0cee4a39f4fcbae63ec6883b13fdf~mv2.png,,,,,,,,,,,,,,,,,,,,,,,,,,,,,,,,,,,,,,,,,,,,,,,,,,,,,,,,,,,,,,,,,,,,,,,,,,,,,,,,,,,,,
ds-131965,PRODUCT,Tissot PRX,true,"<p>Gehäuse aus Damaszener Stahl mit einem Lederband schwarz, automatisches Werk, Saphirglas, Zifferblatt Damaszener Stahl mit Index und Datum, Durchmesser 37mm, Wasserdicht bis 10bar, 2 Jahre Garantie</p><p>Referenz: T137.807.96.081.00</p><p>Verfügbar in der Bijouterie Droz in Zofingen AG</p>",uhren;herrenuhren;tissot,uhren,,,,Tissot,965,,,,,,535.6,1,false,,,131965,T137.807.96.081.00,,,,,,,,,,,,,,,,,,,,,,,,,,,,,,,,,,,,,,,,,,,,,,,,,,,,,,,,,,,,,,,,,,,,,
ds-131965,MEDIA,,,,,,6673aa_7d7bd234a8c2497881344f76a4ee64b1~mv2.png,,,,,,,,,,,,,,,,,,,,,,,,,,,,,,,,,,,,,,,,,,,,,,,,,,,,,,,,,,,,,,,,,,,,,,,,,,,,,,,,,,,,,
ds-128575,PRODUCT,Tissot Seastar,true,"<p>Gehäuse und Band aus Edelstahl, Oberfläche: matt/poliert, Quarzwerk, Saphirglas, Zifferblatt schwarz mit Datumsanzeige, Durchmesser: 40mm, Wasserdicht bis 30bar, zwei Jahre GarantieReferenz: T120.410.11.051.00Verfügbar in der Bijouterie Droz in Zofingen AG</p>",uhren;herrenuhren;tissot,,,,,Tissot,425,,,,,,236.75,1,false,,,128575,T120.410.11.051.00,,,,,,,,,,,,,,,,,,,,,,,,,,,,,,,,,,,,,,,,,,,,,,,,,,,,,,,,,,,,,,,,,,,,,
ds-128575,MEDIA,,,,,,6673aa_0f3b44f793654d17bef35bc364b08e08~mv2.png,,,,,,,,,,,,,,,,,,,,,,,,,,,,,,,,,,,,,,,,,,,,,,,,,,,,,,,,,,,,,,,,,,,,,,,,,,,,,,,,,,,,,
ds-128575,MEDIA,,,,,,6673aa_d07819acfffc411ab533b15a46764c1d~mv2.jpg,,,,,,,,,,,,,,,,,,,,,,,,,,,,,,,,,,,,,,,,,,,,,,,,,,,,,,,,,,,,,,,,,,,,,,,,,,,,,,,,,,,,,
ds-131888,PRODUCT,Tissot Seastar,true,"<p>Gehäuse und Band aus Edelstahl, Quartzwerk Chrono, Saphirglas, Zifferblatt schwarz/grau im Verlauf, Durchmesser 38mm, Wasserdicht bis 30bar, 2 Jahre Garantie</p><p>Referenz: T120.217.11.061.00</p><p>Verfügbar in der Bijouterie Droz in Zofingen AG</p>",uhren;herrenuhren;damenuhren;tissot,,,,,Tissot,525,,,,,,291.4,1,false,,,131888,T120.217.11.061.00,,,,,,,,,,,,,,,,,,,,,,,,,,,,,,,,,,,,,,,,,,,,,,,,,,,,,,,,,,,,,,,,,,,,,
ds-131888,MEDIA,,,,,,6673aa_e73519283999465c8bb919842f440c65~mv2.png,,,,,,,,,,,,,,,,,,,,,,,,,,,,,,,,,,,,,,,,,,,,,,,,,,,,,,,,,,,,,,,,,,,,,,,,,,,,,,,,,,,,,
ds-131888,MEDIA,,,,,,6673aa_c056223025074722af36035594414755~mv2.jpg,,,,,,,,,,,,,,,,,,,,,,,,,,,,,,,,,,,,,,,,,,,,,,,,,,,,,,,,,,,,,,,,,,,,,,,,,,,,,,,,,,,,,
ds-128596,PRODUCT,Tissot Heritage 1938,true,"<p>Gehäuse aus Edelstahl mit einem Lederband braun, automatisches Werk Chronometer, Saphirglas, Zifferblatt grau/arabisch, Durchmesser 39mm, Wasserdicht bis 5bar, zwei Jahre Garnatie</p><p>Referenz: T142.464.16.062.00</p><p>Verfügbar in der Bijouterie Droz in Zofingen AG</p>",uhren;herrenuhren;tissot,uhren,,,,Tissot,775,,,,,,431.75,1,false,,,128596,T142.464.16.062.00,,,,,,,,,,,,,,,,,,,,,,,,,,,,,,,,,,,,,,,,,,,,,,,,,,,,,,,,,,,,,,,,,,,,,
ds-128596,MEDIA,,,,,,6673aa_a51e8ede6ac4476790959950b27f1058~mv2.png,,,,,,,,,,,,,,,,,,,,,,,,,,,,,,,,,,,,,,,,,,,,,,,,,,,,,,,,,,,,,,,,,,,,,,,,,,,,,,,,,,,,,
ds-130830,PRODUCT,Tissot PR 516,true,"<p>Gehäuse und Band aus Edelstahl, Oberfläche: matt/poliert, automatisches Werk, Saphirglas, Zifferblatt schwarz mit Datum und Index, Durchmesser 38mm, Wasserdicht bis 10bar, zwei Jahre Garantie</p><p>Referenz: T149.407.11.051.00</p><p>Verfügbar in der Bijouterie Droz in Zofingen AG</p>",uhren;herrenuhren;tissot,,,,,Tissot,685,,,,,,380.2,1,false,,,130830,T149.407.11.051.00,,,,,,,,,,,,,,,,,,,,,,,,,,,,,,,,,,,,,,,,,,,,,,,,,,,,,,,,,,,,,,,,,,,,,
ds-130830,MEDIA,,,,,,6673aa_33ad6852c7c5498795eedd25c4fc2518~mv2.png,,,,,,,,,,,,,,,,,,,,,,,,,,,,,,,,,,,,,,,,,,,,,,,,,,,,,,,,,,,,,,,,,,,,,,,,,,,,,,,,,,,,,
ds-130830,MEDIA,,,,,,6673aa_3d23dd758a954b858889c9d7027cd481~mv2.jpg,,,,,,,,,,,,,,,,,,,,,,,,,,,,,,,,,,,,,,,,,,,,,,,,,,,,,,,,,,,,,,,,,,,,,,,,,,,,,,,,,,,,,
ds-130830,MEDIA,,,,,,6673aa_def4598809ce42d3b12984da3b6ebf4a~mv2.jpg,,,,,,,,,,,,,,,,,,,,,,,,,,,,,,,,,,,,,,,,,,,,,,,,,,,,,,,,,,,,,,,,,,,,,,,,,,,,,,,,,,,,,
ds-130945,PRODUCT,Tissot PR 516,true,"<p>Gehäuse und Band aus Edelstahl, Oberfläche: matt/poliert, automatisches Werk Valjoux A05.231, Chrono, Saphirglas, Zifferblatt weiss mit Index, Durchmesser 41mm, Wasserdicht bis 10bar, zwei Jahre Garantie</p><p>Referenz: T149.462.11.011.00</p><p>Verfügbar in der Bijouterie Droz in Zofingen AG</p>",uhren;herrenuhren;tissot,uhren,,,,Tissot,1725,,,,,,957.45,1,false,,,130945,T149.462.11.011.00,,,,,,,,,,,,,,,,,,,,,,,,,,,,,,,,,,,,,,,,,,,,,,,,,,,,,,,,,,,,,,,,,,,,,
ds-130945,MEDIA,,,,,,6673aa_330ef1079dc34d078646570c06cc82db~mv2.png,,,,,,,,,,,,,,,,,,,,,,,,,,,,,,,,,,,,,,,,,,,,,,,,,,,,,,,,,,,,,,,,,,,,,,,,,,,,,,,,,,,,,
ds-130945,MEDIA,,,,,,6673aa_38edf9099a484c60bd3f9a0bec11a6b4~mv2.jpg,,,,,,,,,,,,,,,,,,,,,,,,,,,,,,,,,,,,,,,,,,,,,,,,,,,,,,,,,,,,,,,,,,,,,,,,,,,,,,,,,,,,,
ds-130945,MEDIA,,,,,,6673aa_aaf571f7079e4f879270eafd5af43134~mv2.jpg,,,,,,,,,,,,,,,,,,,,,,,,,,,,,,,,,,,,,,,,,,,,,,,,,,,,,,,,,,,,,,,,,,,,,,,,,,,,,,,,,,,,,
ds-130945,MEDIA,,,,,,6673aa_28247e92be10429ab5d6aa4a96fdcfab~mv2.jpg,,,,,,,,,,,,,,,,,,,,,,,,,,,,,,,,,,,,,,,,,,,,,,,,,,,,,,,,,,,,,,,,,,,,,,,,,,,,,,,,,,,,,
ds-131832,PRODUCT,Tissot SRV,true,"<p>Gehäuse und Band aus Edelstahl poliert, Quarzwerk, Zifferblatt silber, Durchmesser 30x22mm, Wasserdicht bis 5bar, zwei Jahre GarantieReferenz: T160.110.11.033.00Verfügbar in der Bijouterie Droz in Zofingen AG</p>",uhren;damenuhren;tissot,,,,,Tissot,375,,,,,,208.15,1,false,,,131832,T160.110.11.033.00,,,,,,,,,,,,,,,,,,,,,,,,,,,,,,,,,,,,,,,,,,,,,,,,,,,,,,,,,,,,,,,,,,,,,
ds-131832,MEDIA,,,,,,6673aa_32f50125a7b94bf58d2f79e166428f52~mv2.jpg,,,,,,,,,,,,,,,,,,,,,,,,,,,,,,,,,,,,,,,,,,,,,,,,,,,,,,,,,,,,,,,,,,,,,,,,,,,,,,,,,,,,,
ds-132274,PRODUCT,Tissot SRV,true,"<p>Gehäuse aus Edelstahl PVD rosé, Milanaise Uhreband aus Edelstahl PVD rosé, Oberfläche: poliert, Quarzwerk, Zifferblatt Perlmutt, Saphirglas, Wasserdicht bis 5bar, zwei Jahre GarantieReferenz: T160.110.33.033.00Verfügbar in der Bijouterie Droz in Zofingen AG</p>",uhren;damenuhren;tissot,,,,,Tissot,425,,,,,,235.9,1,false,,,132274,T160.110.33.033.00,,,,,,,,,,,,,,,,,,,,,,,,,,,,,,,,,,,,,,,,,,,,,,,,,,,,,,,,,,,,,,,,,,,,,
ds-132274,MEDIA,,,,,,6673aa_e836e78ca5b24411aedef570b6bea3a6~mv2.jpg,,,,,,,,,,,,,,,,,,,,,,,,,,,,,,,,,,,,,,,,,,,,,,,,,,,,,,,,,,,,,,,,,,,,,,,,,,,,,,,,,,,,,
ds-110079,PRODUCT,ICE Watch Glam,true,"<p>Kunststoffgehäuse und -band rosa, Quarzwerk, Size: Unisex, 100m Wasserdicht, zwei Jahre Garantie</p><p>Referenz: 001 069</p><p>Verfügbar in der Bijouterie Droz in Zofingen AG</p>",uhren;damenuhren;ice-watch,,,,,ICE Watch,119,,,,,,54.5,1,false,,,110079,001 069,,,,,,,,,,,,,,,,,,,,,,,,,,,,,,,,,,,,,,,,,,,,,,,,,,,,,,,,,,,,,,,,,,,,,
ds-110079,MEDIA,,,,,,6673aa_4efe5d9562c24f70a2a8777bdf23f002~mv2.png,,,,,,,,,,,,,,,,,,,,,,,,,,,,,,,,,,,,,,,,,,,,,,,,,,,,,,,,,,,,,,,,,,,,,,,,,,,,,,,,,,,,,
ds-124287,PRODUCT,ICE Watch Glam,true,"<p>Silikonband beige, Size: Medium, Quarzwerk, Gehäusedurchmesser: 40mm, 10bar Wasserdicht, zwei Jahre GarantieReferenz: 019 530Verfügbar in der Bijouterie Droz in Zofingen AG</p>",uhren;damenuhren;ice-watch,uhren,,,,ICE Watch,119,,,,,,59.5,1,false,,,124287,019 530,,,,,,,,,,,,,,,,,,,,,,,,,,,,,,,,,,,,,,,,,,,,,,,,,,,,,,,,,,,,,,,,,,,,,
ds-124287,MEDIA,,,,,,6673aa_42730bc68e49432599864f96018f9a05~mv2.png,,,,,,,,,,,,,,,,,,,,,,,,,,,,,,,,,,,,,,,,,,,,,,,,,,,,,,,,,,,,,,,,,,,,,,,,,,,,,,,,,,,,,
ds-124290,PRODUCT,ICE Watch Glam Brushed Wind,true,"<p>Ice Glam Brushed Wind, Size: Unisex, Quarzwerk, Gehäusedurchmesser: 40mm, 10bar Wasserdicht, zwei Jahre GarantieReferenz: 019 532Verfügbar in der Bijouterie Droz in Zofingen AG</p>",uhren;damenuhren;ice-watch,uhren,,,,ICE Watch,119,,,,,,56.5,1,false,,,124290,019 532,,,,,,,,,,,,,,,,,,,,,,,,,,,,,,,,,,,,,,,,,,,,,,,,,,,,,,,,,,,,,,,,,,,,,
ds-124290,MEDIA,,,,,,6673aa_f79ca5afa4324b02a60435e25089d6c4~mv2.png,,,,,,,,,,,,,,,,,,,,,,,,,,,,,,,,,,,,,,,,,,,,,,,,,,,,,,,,,,,,,,,,,,,,,,,,,,,,,,,,,,,,,
ds-114215,PRODUCT,ICE Watch duo S,true,"<p>Pink/Mint Silikonband, Quarzwerk, Size: Small, 10bar Wasserdicht, zwei Jahre GarantieReferenz: 001 493Verfügbar in der Bijouterie Droz in Zofingen AG</p>",uhren;damenuhren;ice-watch,uhren,,,,ICE Watch,119,,,,,,54.5,1,false,,,114215,001 493,,,,,,,,,,,,,,,,,,,,,,,,,,,,,,,,,,,,,,,,,,,,,,,,,,,,,,,,,,,,,,,,,,,,,
ds-114215,MEDIA,,,,,,6673aa_31f0a3ce3f8343d9baa6f4281bbf16a9~mv2.jpg,,,,,,,,,,,,,,,,,,,,,,,,,,,,,,,,,,,,,,,,,,,,,,,,,,,,,,,,,,,,,,,,,,,,,,,,,,,,,,,,,,,,,
ds-131358,PRODUCT,ICE Watch duo chic,true,"<p>Gehäuse und Band aus Kunststoff dunkelgrün/gelb, Quarzwerk, Zifferblatt dunkelgrün arabisch, Durchmesser 37mm, Wasserdicht bis 10bar, zwei Jahre GarantieReferenz: 023 280Verfügbar in der Bijouterie Droz in Zofingen AG</p>",uhren;herrenuhren;damenuhren;ice-watch,uhren,,,,ICE Watch,119,,,,,,47.6,1,false,,,131358,023 280,,,,,,,,,,,,,,,,,,,,,,,,,,,,,,,,,,,,,,,,,,,,,,,,,,,,,,,,,,,,,,,,,,,,,
ds-131358,MEDIA,,,,,,6673aa_0f52747711594cb09d4f969c212fe3f9~mv2.png,,,,,,,,,,,,,,,,,,,,,,,,,,,,,,,,,,,,,,,,,,,,,,,,,,,,,,,,,,,,,,,,,,,,,,,,,,,,,,,,,,,,,
ds-131358,MEDIA,,,,,,6673aa_18b3a4c198304581a7e10facfa316b06~mv2.png,,,,,,,,,,,,,,,,,,,,,,,,,,,,,,,,,,,,,,,,,,,,,,,,,,,,,,,,,,,,,,,,,,,,,,,,,,,,,,,,,,,,,
ds-131358,MEDIA,,,,,,6673aa_daab1522b1cc4d6d9ef8d3f7dc017533~mv2.png,,,,,,,,,,,,,,,,,,,,,,,,,,,,,,,,,,,,,,,,,,,,,,,,,,,,,,,,,,,,,,,,,,,,,,,,,,,,,,,,,,,,,
ds-131358,MEDIA,,,,,,6673aa_9c93b2640ce941299d4db0bce6f87fa8~mv2.png,,,,,,,,,,,,,,,,,,,,,,,,,,,,,,,,,,,,,,,,,,,,,,,,,,,,,,,,,,,,,,,,,,,,,,,,,,,,,,,,,,,,,
ds-131357,PRODUCT,ICE Watch Ola Kids,true,"<p>Gehäuse und Band aus Kunststoff pink/orange, Quarzwerk, Zifferblatt pink arabisch, Wasserdicht bis 10bar, zwei Jahre GarantieReferenz: 022 744Verfügbar in der Bijouterie Droz in Zofingen AG</p>",uhren;kinderuhren;ice-watch,uhren,,,,ICE Watch,79,,,,,,31.6,1,false,,,131357,022 744,,,,,,,,,,,,,,,,,,,,,,,,,,,,,,,,,,,,,,,,,,,,,,,,,,,,,,,,,,,,,,,,,,,,,
ds-131357,MEDIA,,,,,,6673aa_95e602ae189b4710bb50e365328bb379~mv2.png,,,,,,,,,,,,,,,,,,,,,,,,,,,,,,,,,,,,,,,,,,,,,,,,,,,,,,,,,,,,,,,,,,,,,,,,,,,,,,,,,,,,,
ds-131357,MEDIA,,,,,,6673aa_b25cf81398664543bf267e5558bfa1b9~mv2.png,,,,,,,,,,,,,,,,,,,,,,,,,,,,,,,,,,,,,,,,,,,,,,,,,,,,,,,,,,,,,,,,,,,,,,,,,,,,,,,,,,,,,
ds-131357,MEDIA,,,,,,6673aa_343e243599844ce7963f1a1ba9f712b9~mv2.png,,,,,,,,,,,,,,,,,,,,,,,,,,,,,,,,,,,,,,,,,,,,,,,,,,,,,,,,,,,,,,,,,,,,,,,,,,,,,,,,,,,,,
ds-131357,MEDIA,,,,,,6673aa_c6e2c19a454f4bcabbdef4af4f9b6209~mv2.png,,,,,,,,,,,,,,,,,,,,,,,,,,,,,,,,,,,,,,,,,,,,,,,,,,,,,,,,,,,,,,,,,,,,,,,,,,,,,,,,,,,,,
ds-128769,PRODUCT,ICE Watch Sunset,true,"<p>aus Kunstoff rosa, Quartzwerk, Durchmesser 40mm, Zifferblatt rosé/gelb, Wasserdicht bis 10bar, zwei Jahre Garantie</p><p>Referenz: 020 638</p><p>Verfügbar in der Bijouterie Droz in Zofingen AG</p>",uhren;damenuhren;ice-watch,uhren,,,,ICE Watch,119,,,,,,59.5,1,false,,,128769,020 638,,,,,,,,,,,,,,,,,,,,,,,,,,,,,,,,,,,,,,,,,,,,,,,,,,,,,,,,,,,,,,,,,,,,,
ds-128769,MEDIA,,,,,,6673aa_d53e2bff12b74367aeb80c2a40ad1c54~mv2.png,,,,,,,,,,,,,,,,,,,,,,,,,,,,,,,,,,,,,,,,,,,,,,,,,,,,,,,,,,,,,,,,,,,,,,,,,,,,,,,,,,,,,
ds-128769,MEDIA,,,,,,6673aa_d63e769cfd174524857afccca86297de~mv2.png,,,,,,,,,,,,,,,,,,,,,,,,,,,,,,,,,,,,,,,,,,,,,,,,,,,,,,,,,,,,,,,,,,,,,,,,,,,,,,,,,,,,,
ds-128769,MEDIA,,,,,,6673aa_8157798d116d4c85bd36847dd1180d62~mv2.png,,,,,,,,,,,,,,,,,,,,,,,,,,,,,,,,,,,,,,,,,,,,,,,,,,,,,,,,,,,,,,,,,,,,,,,,,,,,,,,,,,,,,
ds-128769,MEDIA,,,,,,6673aa_6921d19e46714b7bb65733353f82bbc7~mv2.png,,,,,,,,,,,,,,,,,,,,,,,,,,,,,,,,,,,,,,,,,,,,,,,,,,,,,,,,,,,,,,,,,,,,,,,,,,,,,,,,,,,,,
ds-125367,PRODUCT,ICE Watch Cartoon,true,"<p>ICE Watch XS pink, Gehäuse aus Kunststoff mit Silikonband, Quartzwerk, Wasserdicht bis 10bar, zwei Jahre Garantie</p><p> Referenz: 018 934</p><p>Verfügbar in der Bijouterie Droz in Zofingen AG</p>",uhren;kinderuhren;ice-watch,uhren,,,,ICE Watch,89,,,,,,44.5,1,false,,,125367,018 934,,,,,,,,,,,,,,,,,,,,,,,,,,,,,,,,,,,,,,,,,,,,,,,,,,,,,,,,,,,,,,,,,,,,,
ds-125367,MEDIA,,,,,,6673aa_2f304a1d224441bc85f90daf02191a06~mv2.png,,,,,,,,,,,,,,,,,,,,,,,,,,,,,,,,,,,,,,,,,,,,,,,,,,,,,,,,,,,,,,,,,,,,,,,,,,,,,,,,,,,,,
ds-123374,PRODUCT,ICE Watch Generation S hellblau,true,"<p>ICE Generation, Gehäuse aus Kunststoff hellblau mit Silikonband hellblau, Quartzwerk, Zifferblatt blau, Durchmesser 35mm, Wasserdicht bis 10bar, zwei Jahre Garantie, 019 146Referenz: 019 146Verfügbar in der Bijouterie Droz in Zofingen AG</p>",uhren;damenuhren;ice-watch,uhren,,,,ICE Watch,129,,,,,,59.5,1,false,,,123374,019 146,,,,,,,,,,,,,,,,,,,,,,,,,,,,,,,,,,,,,,,,,,,,,,,,,,,,,,,,,,,,,,,,,,,,,
ds-123374,MEDIA,,,,,,6673aa_e645bb60b7b2414a880915596abcb691~mv2.png,,,,,,,,,,,,,,,,,,,,,,,,,,,,,,,,,,,,,,,,,,,,,,,,,,,,,,,,,,,,,,,,,,,,,,,,,,,,,,,,,,,,,
ds-126175,PRODUCT,ICE Watch Hero,true,"<p>Gehäuse und Band aus Silikon rot, Quartzwerk, Zifferblatt rot/blau, Durchmesser 30mm, Wasserdicht bis 10bar, zwei Jahre GarantieReferenz: 020 325Verfügbar in der Bijouterie Droz in Zofingen AG</p>",uhren;kinderuhren;ice-watch,,,,,ICE Watch,79,,,,,,39.5,1,false,,,126175,020 325,,,,,,,,,,,,,,,,,,,,,,,,,,,,,,,,,,,,,,,,,,,,,,,,,,,,,,,,,,,,,,,,,,,,,
ds-126175,MEDIA,,,,,,6673aa_a1f71cb03f9346afbed6e27349e8768b~mv2.png,,,,,,,,,,,,,,,,,,,,,,,,,,,,,,,,,,,,,,,,,,,,,,,,,,,,,,,,,,,,,,,,,,,,,,,,,,,,,,,,,,,,,
ds-126176,PRODUCT,ICE Watch Hero,true,"<p>Gehäuse und Band aus Silikon gelb, Quartzwerk, Zifferblatt weiss, Durchmesser 30mm, Wasserdicht bis 10bar, zwei Jahre GarantieReferenz: 020 324Verfügbar in der Bijouterie Droz in Zofingen AG</p>",uhren;kinderuhren;ice-watch,,,,,ICE Watch,79,,,,,,39.5,1,false,,,126176,020 324,,,,,,,,,,,,,,,,,,,,,,,,,,,,,,,,,,,,,,,,,,,,,,,,,,,,,,,,,,,,,,,,,,,,,
ds-126176,MEDIA,,,,,,6673aa_d29d43b075bd4d26ae2bfebb3fb55ed7~mv2.png,,,,,,,,,,,,,,,,,,,,,,,,,,,,,,,,,,,,,,,,,,,,,,,,,,,,,,,,,,,,,,,,,,,,,,,,,,,,,,,,,,,,,
ds-126249,PRODUCT,ICE Watch Hero,true,"<p>Gehäuse und Band aus Silikon blau/orange, Quartzwerk, Durchmesser 30mm, Zifferblatt weiss/orange, Wasserdicht bis 10bar, zwei Jahre GarantieReferenz: 020 322Verfügbar in der Bijouterie Droz in Zofingen AG</p>",uhren;kinderuhren;ice-watch,uhren,,,,ICE Watch,79,,,,,,39.5,1,false,,,126249,020 322,,,,,,,,,,,,,,,,,,,,,,,,,,,,,,,,,,,,,,,,,,,,,,,,,,,,,,,,,,,,,,,,,,,,,
ds-126249,MEDIA,,,,,,6673aa_1c0714e12f9d471ab2a842c6e63a477c~mv2.png,,,,,,,,,,,,,,,,,,,,,,,,,,,,,,,,,,,,,,,,,,,,,,,,,,,,,,,,,,,,,,,,,,,,,,,,,,,,,,,,,,,,,
ds-131679,PRODUCT,ICE Watch Glam Leopard,true,"<p>Gehäuse aus Edelstahl PVD gelb mit Silikonband schwarz, Quarzwerk, Zifferblatt Leopard, Durchmesser 37mm, Wasserdicht bis 10bar, zwei Jahre Garantie</p><p>Referenz: 021 728</p><p>Verfügbar in der Bijouterie Droz in Zofingen AG</p>",uhren;damenuhren;ice-watch,uhren,,,,ICE Watch,119,,,,,,47.6,1,false,,,131679,021 728,,,,,,,,,,,,,,,,,,,,,,,,,,,,,,,,,,,,,,,,,,,,,,,,,,,,,,,,,,,,,,,,,,,,,
ds-131679,MEDIA,,,,,,6673aa_a2c31429ddb74a3b8ec9bf3851748818~mv2.jpg,,,,,,,,,,,,,,,,,,,,,,,,,,,,,,,,,,,,,,,,,,,,,,,,,,,,,,,,,,,,,,,,,,,,,,,,,,,,,,,,,,,,,
ds-131360,PRODUCT,ICE Watch Digit digital explorer,true,"<p>Gehäuse aus Kunststoff weiss/hellblau mit Silikonband weiss, Quarzwerk digital Multi, Durchmesser 39mm, Wasserdicht bis 10bar, zwei Jahre GarantieReferenz: 024 003Verfügbar in der Bijouterie Droz in Zofingen AG</p>",uhren;kinderuhren;ice-watch,uhren,,,,ICE Watch,59,,,,,,23.6,1,false,,,131360,024 003,,,,,,,,,,,,,,,,,,,,,,,,,,,,,,,,,,,,,,,,,,,,,,,,,,,,,,,,,,,,,,,,,,,,,
ds-131360,MEDIA,,,,,,6673aa_b5fadfc6023c467dac2d9577bf262131~mv2.png,,,,,,,,,,,,,,,,,,,,,,,,,,,,,,,,,,,,,,,,,,,,,,,,,,,,,,,,,,,,,,,,,,,,,,,,,,,,,,,,,,,,,
ds-131360,MEDIA,,,,,,6673aa_36e67b0dbe9c426193d612a20d23753e~mv2.png,,,,,,,,,,,,,,,,,,,,,,,,,,,,,,,,,,,,,,,,,,,,,,,,,,,,,,,,,,,,,,,,,,,,,,,,,,,,,,,,,,,,,
ds-131360,MEDIA,,,,,,6673aa_df6f364d692b445591c500d5ec7c21ad~mv2.png,,,,,,,,,,,,,,,,,,,,,,,,,,,,,,,,,,,,,,,,,,,,,,,,,,,,,,,,,,,,,,,,,,,,,,,,,,,,,,,,,,,,,
ds-131360,MEDIA,,,,,,6673aa_fd318dce273e4f11b61c3f79c721e92a~mv2.png,,,,,,,,,,,,,,,,,,,,,,,,,,,,,,,,,,,,,,,,,,,,,,,,,,,,,,,,,,,,,,,,,,,,,,,,,,,,,,,,,,,,,
ds-131361,PRODUCT,ICE Watch Digit explorer,true,"<p>Gehäuse aus Kunststoff weiss/rosa mit Silikonband weiss, Quarzwerk digital/Multi, Durchmesser 39mm, Wasserdicht bis 10bar, zwei Jahre GarantieReferenz: 024 001Verfügbar in der Bijouterie Droz in Zofingen AG</p>",uhren;kinderuhren;ice-watch,,,,,ICE Watch,59,,,,,,23.6,1,false,,,131361,024 001,,,,,,,,,,,,,,,,,,,,,,,,,,,,,,,,,,,,,,,,,,,,,,,,,,,,,,,,,,,,,,,,,,,,,
ds-131361,MEDIA,,,,,,6673aa_55aa6459129a4f06a0c0027d2a2f7024~mv2.jpg,,,,,,,,,,,,,,,,,,,,,,,,,,,,,,,,,,,,,,,,,,,,,,,,,,,,,,,,,,,,,,,,,,,,,,,,,,,,,,,,,,,,,
ds-129943,PRODUCT,ICE Watch Boliday,true,"<p>Gehäuse aus Aluminium und Band aus Silikon beige, Quarzwerk, Zifferblatt beige, Durchmesser 34.5mm, Wasserdicht bis 5bar, 2 Jahre GarantieReferenz: 022 861Verfügbar in der Bijouterie Droz in Zofingen AG</p>",uhren;damenuhren;ice-watch,uhren,,,,ICE Watch,179,,,,,,71.6,1,false,,,129943,022 861,,,,,,,,,,,,,,,,,,,,,,,,,,,,,,,,,,,,,,,,,,,,,,,,,,,,,,,,,,,,,,,,,,,,,
ds-129943,MEDIA,,,,,,6673aa_0e4334beb90c46159d0c2f82f9155594~mv2.jpg,,,,,,,,,,,,,,,,,,,,,,,,,,,,,,,,,,,,,,,,,,,,,,,,,,,,,,,,,,,,,,,,,,,,,,,,,,,,,,,,,,,,,
ds-129944,PRODUCT,ICE Watch Boliday,true,"<p>Gehäuse aus Aluminium und Band aus Silikon blau, Quarzwerk, Zifferblatt blau, Durchmesser 34.5mm, Wasserdicht bis 5bar, 2 Jahre GarantieReferenz: 022 867Verfügbar in der Bijouterie Droz in Zofingen AG</p>",uhren;damenuhren;ice-watch,uhren,,,,ICE Watch,179,,,,,,71.6,1,false,,,129944,022 867,,,,,,,,,,,,,,,,,,,,,,,,,,,,,,,,,,,,,,,,,,,,,,,,,,,,,,,,,,,,,,,,,,,,,
ds-129944,MEDIA,,,,,,6673aa_73d25676982e4ef296d148391b3e7615~mv2.jpg,,,,,,,,,,,,,,,,,,,,,,,,,,,,,,,,,,,,,,,,,,,,,,,,,,,,,,,,,,,,,,,,,,,,,,,,,,,,,,,,,,,,,
ds-131359,PRODUCT,ICE Watch Boliday,true,"<p>Gehäuse aus Edelstahl mit Silikonband schwarz, Quarzwerk, Chrono, Zifferblatt dunkelblau, Wasserdicht bis 10bar, zwei Jahre Garantie</p><p>Referenz: 024 364</p><p>Verfügbar in der Bijouterie Droz in Zofingen AG</p>",uhren;herrenuhren;ice-watch,uhren,,,,ICE Watch,259,,,,,,103.6,1,false,,,131359,024 364,,,,,,,,,,,,,,,,,,,,,,,,,,,,,,,,,,,,,,,,,,,,,,,,,,,,,,,,,,,,,,,,,,,,,
ds-131359,MEDIA,,,,,,6673aa_504051908f484c349a68fffbe6dc3c64~mv2.jpg,,,,,,,,,,,,,,,,,,,,,,,,,,,,,,,,,,,,,,,,,,,,,,,,,,,,,,,,,,,,,,,,,,,,,,,,,,,,,,,,,,,,,
ds-131517,PRODUCT,ICE Watch Boliday,true,"<p>Gehäuse aus Kunststoff schwarz mit Silikonand schwarz, Quarzwerk, Zifferblatt rosé, Durchmesser 35mm, Wasserdicht bis 3bar, zwei Jahre GarantieReferenz: 024 032Verfügbar in der Bijouterie Droz in Zofingen AG</p>",uhren;damenuhren;ice-watch,,,,,ICE Watch,119,,,,,,47.6,1,false,,,131517,024 032,,,,,,,,,,,,,,,,,,,,,,,,,,,,,,,,,,,,,,,,,,,,,,,,,,,,,,,,,,,,,,,,,,,,,
ds-131517,MEDIA,,,,,,6673aa_9ef0584545cf4a53ae6e12b5e8c80ffa~mv2.jpg,,,,,,,,,,,,,,,,,,,,,,,,,,,,,,,,,,,,,,,,,,,,,,,,,,,,,,,,,,,,,,,,,,,,,,,,,,,,,,,,,,,,,
ds-131826,PRODUCT,ICE Watch learning,true,"<p>Gehäuse aus Kunststoff lila, Stoffband lila, Quartzwerk, Zifferblatt weiss mit farbigen Zahlen, Durchmesser 32mm, Wasserdicht bis 3bar, 2 Jahre GarantieReferenz: 024 499Verfügbar in der Bijouterie Droz in Zofingen AG</p>",uhren;kinderuhren;ice-watch,uhren,,,,ICE Watch,49,,,,,,19.6,1,false,,,131826,024 499,,,,,,,,,,,,,,,,,,,,,,,,,,,,,,,,,,,,,,,,,,,,,,,,,,,,,,,,,,,,,,,,,,,,,
ds-131826,MEDIA,,,,,,6673aa_aa6cbd5528c64c9eb6e9a49b861da72d~mv2.png,,,,,,,,,,,,,,,,,,,,,,,,,,,,,,,,,,,,,,,,,,,,,,,,,,,,,,,,,,,,,,,,,,,,,,,,,,,,,,,,,,,,,
ds-131826,MEDIA,,,,,,6673aa_e19ec01660d64357a75a3127f2fab21b~mv2.png,,,,,,,,,,,,,,,,,,,,,,,,,,,,,,,,,,,,,,,,,,,,,,,,,,,,,,,,,,,,,,,,,,,,,,,,,,,,,,,,,,,,,
ds-131826,MEDIA,,,,,,6673aa_b8225c4c88bb41799090f60d8fc2351b~mv2.png,,,,,,,,,,,,,,,,,,,,,,,,,,,,,,,,,,,,,,,,,,,,,,,,,,,,,,,,,,,,,,,,,,,,,,,,,,,,,,,,,,,,,
ds-131826,MEDIA,,,,,,6673aa_9fdc0cfa47d44ee3aff90bbb04818689~mv2.png,,,,,,,,,,,,,,,,,,,,,,,,,,,,,,,,,,,,,,,,,,,,,,,,,,,,,,,,,,,,,,,,,,,,,,,,,,,,,,,,,,,,,
ds-131660,PRODUCT,ICE Watch Power PW1,true,"<p>Gehäuse aus Kunstoff rosa mit einem Silikonband rosa, Quarzwerk, Zifferblatt rosa mit Index, mit einer Lünette Edelstahl PVD gelb, Durchmesser 36mm, Wasserdicht bis 10bar, zwei Jahre GarantieReferenz: 024 760Verfügbar in der Bijouterie Droz in Zofingen AG</p>",uhren;damenuhren;ice-watch,,,,,ICE Watch,119,,,,,,47.6,1,false,,,131660,024 760,,,,,,,,,,,,,,,,,,,,,,,,,,,,,,,,,,,,,,,,,,,,,,,,,,,,,,,,,,,,,,,,,,,,,
ds-131660,MEDIA,,,,,,6673aa_76963beb80f5424ba369d49469e8f20a~mv2.jpg,,,,,,,,,,,,,,,,,,,,,,,,,,,,,,,,,,,,,,,,,,,,,,,,,,,,,,,,,,,,,,,,,,,,,,,,,,,,,,,,,,,,,
ds-131823,PRODUCT,ICE Watch Smart SQ 2 0 3,true,"<p>Smartwatch aus Edelstahl PVD rosé mit Milaneseband rosé Durchmesser: 37mm Fuktionen: Aktivität, Telefonieren, Schlaf, Herzfrequenzmessung, Blutdruckmessung, Sportarten, Wetter, Benachrichtigungen, Sprachassistent, Kamerasteuerung, Musiksteuerung, Timer, Wecker, Stoppuhr, Taschenlampe, Rechner und Telefonsuche 2 Jahre Garantie</p><p>Referenz: 025 233</p><p>Verfügbar in der Bijouterie Droz in Zofingen AG</p>",uhren;damenuhren;ice-watch,uhren,,,,ICE Watch,119,,,,,,47.6,1,false,,,131823,025 233,,,,,,,,,,,,,,,,,,,,,,,,,,,,,,,,,,,,,,,,,,,,,,,,,,,,,,,,,,,,,,,,,,,,,
ds-131823,MEDIA,,,,,,6673aa_32fc16a506d84a789731d97fde1703a5~mv2.jpg,,,,,,,,,,,,,,,,,,,,,,,,,,,,,,,,,,,,,,,,,,,,,,,,,,,,,,,,,,,,,,,,,,,,,,,,,,,,,,,,,,,,,
ds-131824,PRODUCT,ICE Watch Smart SQ 2 0 3,true,"<p>Smartwatch aus Edelstahl PVD gelb mit Milaneseband gelb Durchmesser: 37mm Fuktionen: Aktivität, Telefonieren, Schlaf, Herzfrequenzmessung, Blutdruckmessung, Sportarten, Wetter, Benachrichtigungen, Sprachassistent, Kamerasteuerung, Musiksteuerung, Timer, Wecker, Stoppuhr, Taschenlampe, Rechner und Telefonsuche 2 Jahre Garantie</p><p>Referenz: 025 234</p><p>Verfügbar in der Bijouterie Droz in Zofingen AG</p>",uhren;damenuhren;ice-watch,,,,,ICE Watch,119,,,,,,47.6,1,false,,,131824,025 234,,,,,,,,,,,,,,,,,,,,,,,,,,,,,,,,,,,,,,,,,,,,,,,,,,,,,,,,,,,,,,,,,,,,,
ds-131824,MEDIA,,,,,,6673aa_9e9e12e0d9a74f7aa6edb7d629003e87~mv2.jpg,,,,,,,,,,,,,,,,,,,,,,,,,,,,,,,,,,,,,,,,,,,,,,,,,,,,,,,,,,,,,,,,,,,,,,,,,,,,,,,,,,,,,
ds-132453,PRODUCT,ICE Watch smart TK 2 0,true,"<p>Smartwatch aus Edelstahl Durchmesser: 32mm Fuktionen: Aktivität, Telefonieren, Schlaf, Herzfrequenzmessung, Blutdruckmessung, Sportarten, Wetter, Benachrichtigungen, Sprachassistent, Kamerasteuerung, Musiksteuerung, Timer, Wecker, Stoppuhr, Taschenlampe, Rechner und Telefonsuche 2 Jahre Garantie</p><p>Referenz: 025 381</p><p>Verfügbar in der Bijouterie Droz in Zofingen AG</p>",uhren;damenuhren;ice-watch,uhren,,,,ICE Watch,219,,,,,,87.6,1,false,,,132453,025 381,,,,,,,,,,,,,,,,,,,,,,,,,,,,,,,,,,,,,,,,,,,,,,,,,,,,,,,,,,,,,,,,,,,,,
ds-132453,MEDIA,,,,,,6673aa_536d989a8d6b4cb5aac7c69e24d6e677~mv2.jpg,,,,,,,,,,,,,,,,,,,,,,,,,,,,,,,,,,,,,,,,,,,,,,,,,,,,,,,,,,,,,,,,,,,,,,,,,,,,,,,,,,,,,
ds-110342,PRODUCT,Ti Sento Kette,false,"<p>aus Silber 925 rhodiniert, Länge 90cm, KarabinerverschlussReferenz: 3771SI/90Verfügbar in der Bijouterie Droz in Zofingen AG</p>",schmuck;colliers;ti-sento,schmuck,,,,Ti Sento,125,,,,,,54.35,1,false,,,110342,3771SI/90,,,,,,,,,,,,,,,,,,,,,,,,,,,,,,,,,,,,,,,,,,,,,,,,,,,,,,,,,,,,,,,,,,,,,
ds-120494,PRODUCT,Ti Sento Collier Silber mit Ankerkette,false,"<p>aus Silber 925 poliert, mit Zirkonia weiss, Ankertte 38-48cm, KarabinerverschlussReferenz: 3915ZIVerfügbar in der Bijouterie Droz in Zofingen AG</p>",schmuck;colliers;ti-sento,schmuck,,,,Ti Sento,119,,,,,,54.1,1,false,,,120494,3915ZI,,,,,,,,,,,,,,,,,,,,,,,,,,,,,,,,,,,,,,,,,,,,,,,,,,,,,,,,,,,,,,,,,,,,,
ds-121186,PRODUCT,Ti Sento Armband mit grünem Stein,false,"<p>Armband aus Silber 925 rhodiniert, Ankerkette, 16-20cm, Karabinerverschluss, grüner SteinReferenz: 2934GGVerfügbar in der Bijouterie Droz in Zofingen AG</p>",schmuck;bracelets;ti-sento,schmuck,,,,Ti Sento,115,,,,,,50,1,false,,,121186,2934GG,,,,,,,,,,,,,,,,,,,,,,,,,,,,,,,,,,,,,,,,,,,,,,,,,,,,,,,,,,,,,,,,,,,,,
ds-121342,PRODUCT,Ti Sento Anhänger Schlange gelb,false,"<p>Silber 925 gelb, Ankerkette 38-48cm, Karabinerverschluss, SchlangeReferenz: 3923SYVerfügbar in der Bijouterie Droz in Zofingen AG</p>",schmuck;anhaenger;ti-sento,schmuck,,,,Ti Sento,125,,,,,,54.35,1,false,,,121342,3923SY,,,,,,,,,,,,,,,,,,,,,,,,,,,,,,,,,,,,,,,,,,,,,,,,,,,,,,,,,,,,,,,,,,,,,
ds-123307,PRODUCT,Ti Sento Amulett Silber vergoldet,false,"<p>Anhänger aus Silber poliert/vergoldet, mit Zirkonia weiss, Ankerkette 45cm, KarabinerverschlussReferenz: 6797ZYVerfügbar in der Bijouterie Droz in Zofingen AG</p>",schmuck;anhaenger;ti-sento,,,,,Ti Sento,229,,,,,,99.55,1,false,,,123307,6797ZY,,,,,,,,,,,,,,,,,,,,,,,,,,,,,,,,,,,,,,,,,,,,,,,,,,,,,,,,,,,,,,,,,,,,,
ds-124738,PRODUCT,Ti Sento Damenring Silber vergoldet,false,"<p>Damenring aus Silber 925 PVD gelb poliert, Gr.54Referenz: 12239SYVerfügbar in der Bijouterie Droz in Zofingen AG</p>",schmuck;ringe;ti-sento,,,,,Ti Sento,159,,,,,,69.15,1,false,,,124738,12239SY,,,,,,,,,,,,,,,,,,,,,,,,,,,,,,,,,,,,,,,,,,,,,,,,,,,,,,,,,,,,,,,,,,,,,
ds-124776,PRODUCT,Ti Sento Collier,false,"<p>aus Silber 925, mit Zirkonia eckig, 4-Griff-Fassung, Ankerkette 38-48cm, KarabinerverschlussReferenz: 3977ZYVerfügbar in der Bijouterie Droz in Zofingen AG</p>",schmuck;colliers;ti-sento,schmuck,,,,Ti Sento,125,,,,,,54.35,1,false,,,124776,3977ZY,,,,,,,,,,,,,,,,,,,,,,,,,,,,,,,,,,,,,,,,,,,,,,,,,,,,,,,,,,,,,,,,,,,,,
ds-125986,PRODUCT,Ti Sento Collier mit Mittelteil,false,"<p>aus Silber 925 rhodiniert mit Zirkonia weiss, Mittelteil PVD gelb, Ankerkette 38-48cm mit KarabinerverschlussReferenz: 3986ZYVerfügbar in der Bijouterie Droz in Zofingen AG</p>",schmuck;colliers;ti-sento,schmuck,,,,Ti Sento,239,,,,,,103.9,1,false,,,125986,3986ZY,,,,,,,,,,,,,,,,,,,,,,,,,,,,,,,,,,,,,,,,,,,,,,,,,,,,,,,,,,,,,,,,,,,,,
ds-126690,PRODUCT,Ti Sento Damenring,false,"<p>aus Silber 925 poliert/vergoldet, Gr.52Referenz: 12276SYVerfügbar in der Bijouterie Droz in Zofingen AG</p>",schmuck;ringe;ti-sento,schmuck,,,,Ti Sento,95,,,,,,41.3,1,false,,,126690,12276SY,,,,,,,,,,,,,,,,,,,,,,,,,,,,,,,,,,,,,,,,,,,,,,,,,,,,,,,,,,,,,,,,,,,,,
ds-126691,PRODUCT,Ti Sento Damenring,false,"<p>aus Silber 925 poliert/rosévergoldet, Gr.56Referenz: 12104SRVerfügbar in der Bijouterie Droz in Zofingen AG</p>",schmuck;ringe;ti-sento,schmuck,,,,Ti Sento,85,,,,,,36.95,1,false,,,126691,12104SR,,,,,,,,,,,,,,,,,,,,,,,,,,,,,,,,,,,,,,,,,,,,,,,,,,,,,,,,,,,,,,,,,,,,,
ds-127547,PRODUCT,Ti Sento Damenring,false,"<p>aus Silber 925 rhodiniert/poliert mit Zirkonia weiss, Herz, Gr.52Referenz: 12291ZIVerfügbar in der Bijouterie Droz in Zofingen AG</p>",schmuck;ringe;ti-sento,schmuck,,,,Ti Sento,149,,,,,,64.8,1,false,,,127547,12291ZI,,,,,,,,,,,,,,,,,,,,,,,,,,,,,,,,,,,,,,,,,,,,,,,,,,,,,,,,,,,,,,,,,,,,,
ds-128405,PRODUCT,Ti Sento Collier,false,"<p>aus Silber 925 poliert/rhodiniert mit Zirkonia rosa, Fassung vergoldet, Ankerkette 38-48cm, KarabinerverschlussReferenz: 34041NUVerfügbar in der Bijouterie Droz in Zofingen AG</p>",schmuck;colliers;ti-sento,schmuck,,,,Ti Sento,125,,,,,,54.35,1,false,,,128405,34041NU,,,,,,,,,,,,,,,,,,,,,,,,,,,,,,,,,,,,,,,,,,,,,,,,,,,,,,,,,,,,,,,,,,,,,
ds-128822,PRODUCT,Ti Sento Ring,false,"<p>aus Silber 925 poliert/rhodiniert, Zofpmuster, Gr.54Referenz: 12263SIVerfügbar in der Bijouterie Droz in Zofingen AG</p>",schmuck;ringe;ti-sento,schmuck,,,,Ti Sento,139,,,,,,60.45,1,false,,,128822,12263SI,,,,,,,,,,,,,,,,,,,,,,,,,,,,,,,,,,,,,,,,,,,,,,,,,,,,,,,,,,,,,,,,,,,,,
ds-129817,PRODUCT,Ti Sento Ring,false,"<p>aus Silber 925 poliert/PVD gelb mit Zirkonia und Türkis, Gr.58Referenz: 12335TQVerfügbar in der Bijouterie Droz in Zofingen AG</p>",schmuck;ringe;ti-sento,schmuck,,,,Ti Sento,179,,,,,,77.85,2,false,,,129817,12335TQ,,,,,,,,,,,,,,,,,,,,,,,,,,,,,,,,,,,,,,,,,,,,,,,,,,,,,,,,,,,,,,,,,,,,,
ds-129858,PRODUCT,Ti Sento Ring Knopf,false,"<p>aus Silber 925 poliert/rhodiniert, Gr.58Referenz: 12323SIVerfügbar in der Bijouterie Droz in Zofingen AG</p>",schmuck;ringe;ti-sento,schmuck,,,,Ti Sento,125,,,,,,54.35,1,false,,,129858,12323SI,,,,,,,,,,,,,,,,,,,,,,,,,,,,,,,,,,,,,,,,,,,,,,,,,,,,,,,,,,,,,,,,,,,,,
ds-129859,PRODUCT,Ti Sento Armband,false,"<p>aus Silber 925 poliert/rhodiniert, Herz mit Zirkonia, Ankerkette 16-18cm, KarabinerverschlussReferenz: 2885ZIVerfügbar in der Bijouterie Droz in Zofingen AG</p>",schmuck;bracelets;ti-sento,schmuck,,,,Ti Sento,129,,,,,,58.65,1,false,,,129859,2885ZI,,,,,,,,,,,,,,,,,,,,,,,,,,,,,,,,,,,,,,,,,,,,,,,,,,,,,,,,,,,,,,,,,,,,,
ds-130361,PRODUCT,Ti Sento Ring,false,"<p>aus Silber 925 poliert, PVG gelb/rhodiniert, mit Zirkonia, Gr.52Referenz: 12256ZYVerfügbar in der Bijouterie Droz in Zofingen AG</p>",schmuck;ringe;ti-sento,schmuck,,,,Ti Sento,125,,,,,,54.35,1,false,,,130361,12256ZY,,,,,,,,,,,,,,,,,,,,,,,,,,,,,,,,,,,,,,,,,,,,,,,,,,,,,,,,,,,,,,,,,,,,,
ds-130366,PRODUCT,Ti Sento Anhänger,false,"<p>aus Silber 925 poliert rhodiniert und vergoldet mit Zirkonia weiss, Ankerkette mit Karabinerverschluss, Länge 45cmReferenz: 6837ZYVerfügbar in der Bijouterie Droz in Zofingen AG</p>",schmuck;anhaenger;ti-sento,schmuck,,,,Ti Sento,135,,,,,,58.7,1,false,,,130366,6837ZY,,,,,,,,,,,,,,,,,,,,,,,,,,,,,,,,,,,,,,,,,,,,,,,,,,,,,,,,,,,,,,,,,,,,,
ds-130423,PRODUCT,Ti Sento Anhänger,false,"<p>aus Silber 925 poliert/PVD gelb mit einem Glasstein in grün, Ankerkette mit Karabinerverschluss, Länge 45cmReferenz: 6836KAVerfügbar in der Bijouterie Droz in Zofingen AG</p>",schmuck;anhaenger;ti-sento,schmuck,,,,Ti Sento,135,,,,,,58.7,1,false,,,130423,6836KA,,,,,,,,,,,,,,,,,,,,,,,,,,,,,,,,,,,,,,,,,,,,,,,,,,,,,,,,,,,,,,,,,,,,,
ds-130427,PRODUCT,Ti Sento Ring,false,"<p>aus Gelbgold 750 poliert mit Millgriff, 3 Brillanten 0.066ct H/si, Gr.51Referenz: GA162OA.11Verfügbar in der Bijouterie Droz in Zofingen AG</p>",schmuck;ringe;ti-sento,schmuck,,,,Ti Sento,529,,,,,,199.55,1,false,,,130427,GA162OA.11,,,,,,,,,,,,,,,,,,,,,,,,,,,,,,,,,,,,,,,,,,,,,,,,,,,,,,,,,,,,,,,,,,,,,
ds-131084,PRODUCT,Ti Sento Collier,false,"<p>aus Silber 925 poliert, vergoldet, Venezianermuster, Durchmesser 2mm, Länge 55cm, KarabinerverschlussReferenz: 34083SYVerfügbar in der Bijouterie Droz in Zofingen AG</p>",schmuck;colliers;ti-sento,schmuck,,,,Ti Sento,289,,,,,,125.65,1,false,,,131084,34083SY,,,,,,,,,,,,,,,,,,,,,,,,,,,,,,,,,,,,,,,,,,,,,,,,,,,,,,,,,,,,,,,,,,,,,
ds-131088,PRODUCT,Ti Sento Ring,false,"<p>aus Silber 925 poliert, vergoldet mit Zirkonia und Perlmutt, Gr.56Referenz: 12330MWVerfügbar in der Bijouterie Droz in Zofingen AG</p>",schmuck;ringe;ti-sento,schmuck,,,,Ti Sento,195,,,,,,84.8,1,false,,,131088,12330MW,,,,,,,,,,,,,,,,,,,,,,,,,,,,,,,,,,,,,,,,,,,,,,,,,,,,,,,,,,,,,,,,,,,,,
ds-131095,PRODUCT,Ti Sento Collier,false,"<p>aus Silber 925 poliert vergoldet, mit Zirkonia, Länge 39-49cm, KarabinerverschlussReferenz: 34088ZYVerfügbar in der Bijouterie Droz in Zofingen AG</p>",schmuck;colliers;ti-sento,schmuck,,,,Ti Sento,389,,,,,,176.8,1,false,,,131095,34088ZY,,,,,,,,,,,,,,,,,,,,,,,,,,,,,,,,,,,,,,,,,,,,,,,,,,,,,,,,,,,,,,,,,,,,,
ds-131097,PRODUCT,Ti Sento Ohrhänger,false,<p>aus Silber 925 poliert vergoldet mit Zirkonia weissReferenz: 78018ZYVerfügbar in der Bijouterie Droz in Zofingen AG</p>,schmuck;ohrschmuck;ti-sento,,,,,Ti Sento,169,,,,,,73.5,1,false,,,131097,78018ZY,,,,,,,,,,,,,,,,,,,,,,,,,,,,,,,,,,,,,,,,,,,,,,,,,,,,,,,,,,,,,,,,,,,,,
ds-131346,PRODUCT,Ti Sento Creolen,false,"<p>aus Silber 925 poliert/bicolor, Durchmesser 15mmReferenz: 78021SYVerfügbar in der Bijouterie Droz in Zofingen AG</p>",schmuck;ohrschmuck;ti-sento,schmuck,,,,Ti Sento,95,,,,,,41.3,1,false,,,131346,78021SY,,,,,,,,,,,,,,,,,,,,,,,,,,,,,,,,,,,,,,,,,,,,,,,,,,,,,,,,,,,,,,,,,,,,,
ds-131348,PRODUCT,Ti Sento Ring,false,"<p>aus Silber 925 poliert/rhodiniert mit Zirkonia weiss, Gr.54Referenz: 12362ZIVerfügbar in der Bijouterie Droz in Zofingen AG</p>",schmuck;ringe;ti-sento,schmuck,,,,Ti Sento,85,,,,,,36.95,1,false,,,131348,12362ZI,,,,,,,,,,,,,,,,,,,,,,,,,,,,,,,,,,,,,,,,,,,,,,,,,,,,,,,,,,,,,,,,,,,,,
ds-131363,PRODUCT,Ti Sento Ring,false,"<p>aus Silber 925 bicolor poliert, gedreht, Gr.54Referenz: 12378SYVerfügbar in der Bijouterie Droz in Zofingen AG</p>",schmuck;ringe;ti-sento,schmuck,,,,Ti Sento,85,,,,,,36.95,1,false,,,131363,12378SY,,,,,,,,,,,,,,,,,,,,,,,,,,,,,,,,,,,,,,,,,,,,,,,,,,,,,,,,,,,,,,,,,,,,,
ds-131364,PRODUCT,Ti Sento Collier,false,"<p>aus Silber 925 bicolor, poliert, Ankerkette mit Karabinerverschluss, Zwischenelemente mit Zirkonia, Länge 80cmReferenz: 34060ZYVerfügbar in der Bijouterie Droz in Zofingen AG</p>",schmuck;colliers;ti-sento,schmuck,,,,Ti Sento,249,,,,,,108.25,1,false,,,131364,34060ZY,,,,,,,,,,,,,,,,,,,,,,,,,,,,,,,,,,,,,,,,,,,,,,,,,,,,,,,,,,,,,,,,,,,,,
ds-131862,PRODUCT,Ti Sento Ohrstecker,false,"<p>aus Silber 925 poliert/rhodiniert mit Zirkonia weiss, 4-Griff-FassungReferenz: 78029ZIVerfügbar in der Bijouterie Droz in Zofingen AG</p>",schmuck;ohrschmuck;ti-sento,schmuck,,,,Ti Sento,105,,,,,,45.65,1,false,,,131862,78029ZI,,,,,,,,,,,,,,,,,,,,,,,,,,,,,,,,,,,,,,,,,,,,,,,,,,,,,,,,,,,,,,,,,,,,,
ds-131868,PRODUCT,Ti Sento Ohrhänger,false,"<p>aus Silber 925 poliert, rhodiniert und vergoldet, mit Zirkonia weiss und grauReferenz: 78042GGVerfügbar in der Bijouterie Droz in Zofingen AG</p>",schmuck;ohrschmuck;ti-sento,,,,,Ti Sento,165,,,,,,71.75,1,false,,,131868,78042GG,,,,,,,,,,,,,,,,,,,,,,,,,,,,,,,,,,,,,,,,,,,,,,,,,,,,,,,,,,,,,,,,,,,,,
ds-131872,PRODUCT,Ti Sento Ring,false,"<p>aus Silber 925 poliert, vergoldet/rhodiniert, mit Zirkonia weiss/braun, Gr.52Referenz: 12398SQVerfügbar in der Bijouterie Droz in Zofingen AG</p>",schmuck;ringe;ti-sento,schmuck,,,,Ti Sento,135,,,,,,58.7,1,false,,,131872,12398SQ,,,,,,,,,,,,,,,,,,,,,,,,,,,,,,,,,,,,,,,,,,,,,,,,,,,,,,,,,,,,,,,,,,,,,
ds-131874,PRODUCT,Ti Sento Anhänger,false,"<p>aus Silber 925 poliert, rhodiniert und vergoldet, mit Zirkonia weiss und braun, Ankerkette mit Karabinerverschluss, Länge 45cmReferenz: 6852SQVerfügbar in der Bijouterie Droz in Zofingen AG</p>",schmuck;anhaenger;ti-sento,schmuck,,,,Ti Sento,149,,,,,,67.75,1,false,,,131874,6852SQ,,,,,,,,,,,,,,,,,,,,,,,,,,,,,,,,,,,,,,,,,,,,,,,,,,,,,,,,,,,,,,,,,,,,,
ds-132118,PRODUCT,Ti Sento Ohrhänger,false,"<p>aus Silber 925 vergoldet/poliert mit Zirkonia und Steinen braun, BügelverschlussReferenz: 78041SQVerfügbar in der Bijouterie Droz in Zofingen AG</p>",schmuck;ohrschmuck;ti-sento,schmuck,,,,Ti Sento,169,,,,,,73.5,1,false,,,132118,78041SQ,,,,,,,,,,,,,,,,,,,,,,,,,,,,,,,,,,,,,,,,,,,,,,,,,,,,,,,,,,,,,,,,,,,,,
ds-133271,PRODUCT,Ti Sento Ohrstecker,false,"<p>aus Silber 925 poliert/vergoldet mit Zirkonia weiss, Zargenfassung, Durchmesser 4mmReferenz: 78057ZYVerfügbar in der Bijouterie Droz in Zofingen AG</p>",schmuck;ohrschmuck;ti-sento,schmuck,,,,Ti Sento,65,,,,,,28.25,1,false,,,133271,78057ZY,,,,,,,,,,,,,,,,,,,,,,,,,,,,,,,,,,,,,,,,,,,,,,,,,,,,,,,,,,,,,,,,,,,,,
ds-133273,PRODUCT,Ti Sento Ohrhänger,false,"<p>aus Silber 925 poliert/vergoldet mit Zirkonia blau, 4-Griff-FassungReferenz: 78064TYVerfügbar in der Bijouterie Droz in Zofingen AG</p>",schmuck;ohrschmuck;ti-sento,schmuck,,,,Ti Sento,139,,,,,,60.45,1,false,,,133273,78064TY,,,,,,,,,,,,,,,,,,,,,,,,,,,,,,,,,,,,,,,,,,,,,,,,,,,,,,,,,,,,,,,,,,,,,
ds-133274,PRODUCT,Ti Sento Ohrhänger,false,<p>aus Silber 925 vergoldet/rhodiniert mit Zirkonia weiss und PerlmuttReferenz: 7969MWVerfügbar in der Bijouterie Droz in Zofingen AG</p>,schmuck;ohrschmuck;ti-sento,schmuck,,,,Ti Sento,169,,,,,,73.5,1,false,,,133274,7969MW,,,,,,,,,,,,,,,,,,,,,,,,,,,,,,,,,,,,,,,,,,,,,,,,,,,,,,,,,,,,,,,,,,,,,
ds-133275,PRODUCT,Ti Sento Ohrhänger,false,<p>aus Silber 925 poliert/rosé vergoldet mit Zirkonia blau/grünReferenz: 78055GRVerfügbar in der Bijouterie Droz in Zofingen AG</p>,schmuck;ohrschmuck;ti-sento,schmuck,,,,Ti Sento,189,,,,,,82.15,1,false,,,133275,78055GR,,,,,,,,,,,,,,,,,,,,,,,,,,,,,,,,,,,,,,,,,,,,,,,,,,,,,,,,,,,,,,,,,,,,,
ds-133276,PRODUCT,Ti Sento Ohrhänger,false,<p>aus Silber 925 poliert/rhodiniert mit Zirkoni weissReferenz: 78056ZIVerfügbar in der Bijouterie Droz in Zofingen AG</p>,schmuck;ohrschmuck;ti-sento,schmuck,,,,Ti Sento,139,,,,,,60.45,1,false,,,133276,78056ZI,,,,,,,,,,,,,,,,,,,,,,,,,,,,,,,,,,,,,,,,,,,,,,,,,,,,,,,,,,,,,,,,,,,,,
ds-133279,PRODUCT,Ti Sento Creolen,false,"<p>aus Silber 925 poliert/rhodiniert, Durchmesser 12mmReferenz: 7811SIVerfügbar in der Bijouterie Droz in Zofingen AG</p>",schmuck;ohrschmuck;ti-sento,schmuck,,,,Ti Sento,55,,,,,,23.9,1,false,,,133279,7811SI,,,,,,,,,,,,,,,,,,,,,,,,,,,,,,,,,,,,,,,,,,,,,,,,,,,,,,,,,,,,,,,,,,,,,
ds-133282,PRODUCT,Ti Sento Anhänger,false,<p>Muschel aus Silber 925 vergoldet/rhodiniert mit Zirkonia weissReferenz: 6863ZYVerfügbar in der Bijouterie Droz in Zofingen AG</p>,schmuck;anhaenger;ti-sento,schmuck,,,,Ti Sento,159,,,,,,72.25,1,false,,,133282,6863ZY,,,,,,,,,,,,,,,,,,,,,,,,,,,,,,,,,,,,,,,,,,,,,,,,,,,,,,,,,,,,,,,,,,,,,
ds-133283,PRODUCT,Ti Sento Ankerkette,false,"<p>aus Silber 925 vergoldet mit Karabinerverschluss, Länge 60cmReferenz: 3933SYVerfügbar in der Bijouterie Droz in Zofingen AG</p>",schmuck;colliers;ti-sento,schmuck,,,,Ti Sento,119,,,,,,54.1,1,false,,,133283,3933SY,,,,,,,,,,,,,,,,,,,,,,,,,,,,,,,,,,,,,,,,,,,,,,,,,,,,,,,,,,,,,,,,,,,,,
ds-133286,PRODUCT,Ti Sento Anhänger,false,"<p>aus Silber 925 vergoldet/rhodiniert mit Zirkonia und grünem Stein, Ankerkette mit Karabinerverschluss, Länge 45cmReferenz: 6853GGVerfügbar in der Bijouterie Droz in Zofingen AG</p>",schmuck;anhaenger;ti-sento,schmuck,,,,Ti Sento,149,,,,,,67.75,1,false,,,133286,6853GG,,,,,,,,,,,,,,,,,,,,,,,,,,,,,,,,,,,,,,,,,,,,,,,,,,,,,,,,,,,,,,,,,,,,,
ds-133287,PRODUCT,Ti Sento Collier,false,"<p>aus Silber 925 rhodiniert/vergoldet, Herz mit Zirkonia weiss, Ankerkette 42-52cm, KarabinerverschlussReferenz: 3899ZYVerfügbar in der Bijouterie Droz in Zofingen AG</p>",schmuck;colliers;ti-sento,schmuck,,,,Ti Sento,139,,,,,,63.2,1,false,,,133287,3899ZY,,,,,,,,,,,,,,,,,,,,,,,,,,,,,,,,,,,,,,,,,,,,,,,,,,,,,,,,,,,,,,,,,,,,,
ds-133288,PRODUCT,Ti Sento Collier,false,"<p>aus Silber 925 poliert/rhodiniert mit Zirkonia weiss, Durchmesser 9mm, Ankerkette mit Karabinerverschluss, Länge 38-48cmReferenz: 34123ZIVerfügbar in der Bijouterie Droz in Zofingen AG</p>",schmuck;colliers;ti-sento,schmuck,,,,Ti Sento,105,,,,,,47.75,1,false,,,133288,34123ZI,,,,,,,,,,,,,,,,,,,,,,,,,,,,,,,,,,,,,,,,,,,,,,,,,,,,,,,,,,,,,,,,,,,,,
ds-133290,PRODUCT,Ti Sento Collier,false,"<p>aus Silber 925 rhodiniert/vergoldet mit Zirkonia und Perlmutt, Ankerkette mit Karabinerverschluss, Länge 38-48cmReferenz: 34080MWVerfügbar in der Bijouterie Droz in Zofingen AG</p>",schmuck;colliers;ti-sento,schmuck,,,,Ti Sento,285,,,,,,129.55,1,false,,,133290,34080MW,,,,,,,,,,,,,,,,,,,,,,,,,,,,,,,,,,,,,,,,,,,,,,,,,,,,,,,,,,,,,,,,,,,,,
ds-133291,PRODUCT,Ti Sento Armband,false,"<p>aus Silber 925 rhodiniert und vergoldet mit Zirkonia und Perlmutt, Ankerkette mit Karabinerverschluss, Länge 16-20cmReferenz: 23053MWVerfügbar in der Bijouterie Droz in Zofingen AG</p>",schmuck;bracelets;ti-sento,schmuck,,,,Ti Sento,209,,,,,,95,1,false,,,133291,23053MW,,,,,,,,,,,,,,,,,,,,,,,,,,,,,,,,,,,,,,,,,,,,,,,,,,,,,,,,,,,,,,,,,,,,,
ds-133293,PRODUCT,Ti Sento Ring,false,"<p>aus Silber 925 poliert/rhodiniert mit Zirkonia weiss, Gr.52Referenz: 12422ZIVerfügbar in der Bijouterie Droz in Zofingen AG</p>",schmuck;ringe;ti-sento,schmuck,,,,Ti Sento,159,,,,,,69.15,1,false,,,133293,12422ZI,,,,,,,,,,,,,,,,,,,,,,,,,,,,,,,,,,,,,,,,,,,,,,,,,,,,,,,,,,,,,,,,,,,,,
ds-133294,PRODUCT,Ti Sento Ring,false,"<p>aus Silber 925 rhodiniert und rosé vergoldet, Stein grün/blau, Gr.52Referenz: 12415GRVerfügbar in der Bijouterie Droz in Zofingen AG</p>",schmuck;ringe;ti-sento,schmuck,,,,Ti Sento,149,,,,,,64.8,1,false,,,133294,12415GR,,,,,,,,,,,,,,,,,,,,,,,,,,,,,,,,,,,,,,,,,,,,,,,,,,,,,,,,,,,,,,,,,,,,,
ds-133295,PRODUCT,Ti Sento Ring,false,"<p>aus Silber 925 rhodiniert/vergoldet, Stein hellblau, Gr.54Referenz: 12420TYVerfügbar in der Bijouterie Droz in Zofingen AG</p>",schmuck;ringe;ti-sento,schmuck,,,,Ti Sento,99,,,,,,43.05,1,false,,,133295,12420TY,,,,,,,,,,,,,,,,,,,,,,,,,,,,,,,,,,,,,,,,,,,,,,,,,,,,,,,,,,,,,,,,,,,,,
ds-133347,PRODUCT,Ti Sento Ankerkette,false,<p>Verfügbar in der Bijouterie Droz in Zofingen AG</p>,schmuck;colliers;ti-sento,schmuck,,,,Ti Sento,35,,,,,,0,1,false,,,133347,,,,,,,,,,,,,,,,,,,,,,,,,,,,,,,,,,,,,,,,,,,,,,,,,,,,,,,,,,,,,,,,,,,,,,
ds-133633,PRODUCT,Ti Sento Ring,false,"<p>aus Silber 925 poliert, rhodiniert und vergoldet, mit Zirkonia weiss und grau, Gr.54Referenz: 12399GGVerfügbar in der Bijouterie Droz in Zofingen AG</p>",schmuck;ringe;ti-sento,schmuck,,,,Ti Sento,149,,,,,,64.8,1,false,,,133633,12399GG,,,,,,,,,,,,,,,,,,,,,,,,,,,,,,,,,,,,,,,,,,,,,,,,,,,,,,,,,,,,,,,,,,,,,
ds-133634,PRODUCT,Ti Sento Creolen,false,"<p>aus Silber 925 poliert, Durchmesser 20mmReferenz: 7215SIVerfügbar in der Bijouterie Droz in Zofingen AG</p>",schmuck;ohrschmuck;ti-sento,schmuck,,,,Ti Sento,95,,,,,,41.3,1,false,,,133634,7215SI,,,,,,,,,,,,,,,,,,,,,,,,,,,,,,,,,,,,,,,,,,,,,,,,,,,,,,,,,,,,,,,,,,,,,
ds-133636,PRODUCT,Ti Sento Solitär Anhänger,false,"<p>aus Silber 925 poliert/rhodiniert mit einem Zirkonia weiss, Zargenfassung, Ankerkette mit Karabinerverschluss, Länge 38-48cmReferenz: 34124ZIVerfügbar in der Bijouterie Droz in Zofingen AG</p>",schmuck;colliers;ti-sento,schmuck,,,,Ti Sento,85,,,,,,38.65,1,false,,,133636,34124ZI,,,,,,,,,,,,,,,,,,,,,,,,,,,,,,,,,,,,,,,,,,,,,,,,,,,,,,,,,,,,,,,,,,,,,
ds-133639,PRODUCT,Ti Sento Anhänger,false,"<p>aus Silber 925 poliert/rhodiniert, Kreuz mit Zirkonia weiss, Ankerkette mit Karabinerverschluss, Länge 38-48cmReferenz: 34130ZIVerfügbar in der Bijouterie Droz in Zofingen AG</p>",schmuck;anhaenger;ti-sento,schmuck,,,,Ti Sento,129,,,,,,58.65,1,false,,,133639,34130ZI,,,,,,,,,,,,,,,,,,,,,,,,,,,,,,,,,,,,,,,,,,,,,,,,,,,,,,,,,,,,,,,,,,,,,
ds-133640,PRODUCT,Ti Sento Creolen,false,"<p>aus Silber 925 poliert/rhodiniert mit Zirkonia weiss, Durchmesser 15mm, ovalReferenz: 7759ZIVerfügbar in der Bijouterie Droz in Zofingen AG</p>",schmuck;ohrschmuck;ti-sento,schmuck,,,,Ti Sento,85,,,,,,36.95,1,false,,,133640,7759ZI,,,,,,,,,,,,,,,,,,,,,,,,,,,,,,,,,,,,,,,,,,,,,,,,,,,,,,,,,,,,,,,,,,,,,
ds-133641,PRODUCT,Ti Sento Halbcreolen,false,<p>aus Silber 925 poliert/rhodiniert mit Zirkonia weissReferenz: 78068ZIVerfügbar in der Bijouterie Droz in Zofingen AG</p>,schmuck;ohrschmuck;ti-sento,schmuck,,,,Ti Sento,149,,,,,,64.8,1,false,,,133641,78068ZI,,,,,,,,,,,,,,,,,,,,,,,,,,,,,,,,,,,,,,,,,,,,,,,,,,,,,,,,,,,,,,,,,,,,,
ds-133642,PRODUCT,Ti Sento Creolen,false,"<p>aus Silber 925 poliert, vergoldet/rhodiniert, mit Zirkonia weiss, Durchmesser 15mmReferenz: 78033ZYVerfügbar in der Bijouterie Droz in Zofingen AG</p>",schmuck;ohrschmuck;ti-sento,schmuck,,,,Ti Sento,189,,,,,,82.15,1,false,,,133642,78033ZY,,,,,,,,,,,,,,,,,,,,,,,,,,,,,,,,,,,,,,,,,,,,,,,,,,,,,,,,,,,,,,,,,,,,,
ds-133645,PRODUCT,Ti Sento Ring,false,"<p>aus Silber 925 poliert/rhodiniert mit Zirkonia weiss, Gr.54Referenz: 12416ZIVerfügbar in der Bijouterie Droz in Zofingen AG</p>",schmuck;ringe;ti-sento,,,,,Ti Sento,99,,,,,,43.05,1,false,,,133645,12416ZI,,,,,,,,,,,,,,,,,,,,,,,,,,,,,,,,,,,,,,,,,,,,,,,,,,,,,,,,,,,,,,,,,,,,,
ds-130055,PRODUCT,Rado Florence,true,"<p>Gehäuse und Band aus Edelstahl bicolor/poliert, Quarzwerk, Saphirglas, Zifferblatt Silber mit Index gelb, Durchmesser 38mm, Wasserdicht bis 5bar, 5 Jahre Garantie</p><p>Referenz: R48912023</p><p>Verfügbar in der Bijouterie Droz in Zofingen AG</p>",uhren;herrenuhren;damenuhren;rado,uhren,,,,Rado,950,,,,,,532,1,false,,,130055,R48912023,,,,,,,,,,,,,,,,,,,,,,,,,,,,,,,,,,,,,,,,,,,,,,,,,,,,,,,,,,,,,,,,,,,,,
ds-130055,MEDIA,,,,,,6673aa_394edd9f3e004a3588e01a7e13f4f749~mv2.png,,,,,,,,,,,,,,,,,,,,,,,,,,,,,,,,,,,,,,,,,,,,,,,,,,,,,,,,,,,,,,,,,,,,,,,,,,,,,,,,,,,,,
ds-122329,PRODUCT,Aerowatch Heritage Héritage Slim Stahl,false,"<p>Aerowatch Héritage Slim, Gehäuse und Band aus Stahl, Quartzwerk, Saphirglas, Zifferblatt silber, Durchmesser 40mm, zwei Jahre Garantie, A21976 AA08 MReferenz: A21976 AA08 MVerfügbar in der Bijouterie Droz in Zofingen AG</p>",uhren;herrenuhren;aerowatch,uhren,,,,Aerowatch,490,,,,,,245,1,false,,,122329,A21976 AA08 M,,,,,,,,,,,,,,,,,,,,,,,,,,,,,,,,,,,,,,,,,,,,,,,,,,,,,,,,,,,,,,,,,,,,,
ds-119300,PRODUCT,Aerowatch 1942 Floral PVD rosé,false,"<p>Aerowatch Floral, Gehäuse aus Stahl PVD rosé poliert mit Lederband weiss, Saphirglas, Quartzwerk, Zifferblatt Perlmutt mit Blumen, Wasserdicht bis 5bar, Durchmesser 34mm, zwei Jahre Garantie, A44960RO16Referenz: A44960 RO16Verfügbar in der Bijouterie Droz in Zofingen AG</p>",uhren;damenuhren;aerowatch,uhren,,,,Aerowatch,640,,,,,,320,1,false,,,119300,A44960 RO16,,,,,,,,,,,,,,,,,,,,,,,,,,,,,,,,,,,,,,,,,,,,,,,,,,,,,,,,,,,,,,,,,,,,,
ds-125634,PRODUCT,Aerowatch 1942,false,"<p>Gehäuse und Band aus Stahl poliert, Quarzwerk, Saphirglas, Zifferblatt silber/römisch mit Mondphase, Wasserdicht bis 5bar, zwei Jahre GarantieReferenz: A 43960 AA03 MVerfügbar in der Bijouterie Droz in Zofingen AG</p>",uhren;damenuhren;aerowatch,uhren,,,,Aerowatch,680,,,,,,310,1,false,,,125634,A 43960 AA03 M,,,,,,,,,,,,,,,,,,,,,,,,,,,,,,,,,,,,,,,,,,,,,,,,,,,,,,,,,,,,,,,,,,,,,
ds-126432,PRODUCT,Aerowatch 1942,false,"<p>Gehäuse aus Stahl poliert mit Lederband dunkelgrau, automatisches Werk, Saphirglas, Zifferblatt Perlmutt mit 4 Brillanten, Durchmesser 35mm, 5bar Wasserdicht, zwei Jahre GarantieReferenz: A68922AA04Verfügbar in der Bijouterie Droz in Zofingen AG</p>",uhren;damenuhren;aerowatch,uhren,,,,Aerowatch,1350,,,,,,675,1,false,,,126432,A68922AA04,,,,,,,,,,,,,,,,,,,,,,,,,,,,,,,,,,,,,,,,,,,,,,,,,,,,,,,,,,,,,,,,,,,,,
ds-127542,PRODUCT,Aerowatch 1942,false,"<p>Gehäuse aus Stahl mit Lederband dunkelblau, automatisches Werk, Saphirglas, Zifferblatt silber/römisch, Durchmesser 39mm, Wasserdicht bis 5bar, zwei Jahre GarantieReferenz: A60900 AA26Verfügbar in der Bijouterie Droz in Zofingen AG</p>",uhren;herrenuhren;damenuhren;aerowatch,uhren,,,,Aerowatch,990,,,,,,475,1,false,,,127542,A60900 AA26,,,,,,,,,,,,,,,,,,,,,,,,,,,,,,,,,,,,,,,,,,,,,,,,,,,,,,,,,,,,,,,,,,,,,
ds-129263,PRODUCT,Aerowatch 1942 Chrono,false,"<p>Gehäuse aus Stahl poliert mit Lederband grau, Quartzwerk Chrono, Saphirglas, Zifferblatt blau mit Index und Datum, Durchmesser 42cm, Wasserdicht bis 5bar, zwei Jahre GarnatieReferenz: A79100 AA01Verfügbar in der Bijouterie Droz in Zofingen AG</p>",uhren;herrenuhren;damenuhren;aerowatch,uhren,,,,Aerowatch,760,,,,,,370,1,false,,,129263,A79100 AA01,,,,,,,,,,,,,,,,,,,,,,,,,,,,,,,,,,,,,,,,,,,,,,,,,,,,,,,,,,,,,,,,,,,,,
ds-129266,PRODUCT,Aerowatch 1942 Chrono,false,"<p>Gehäuse aus Stahl poliert mit Lederband mint, Quartzwerk Chrono, Saphirglas, Zifferblatt silber mit 6 Brillanten 0.014ct G/vs1, Durchmesser 42mm, Wassericht bis 5bar, zwei Jahre GarantieReferenz: A83926 AA08Verfügbar in der Bijouterie Droz in Zofingen AG</p>",uhren;damenuhren;aerowatch,uhren,,,,Aerowatch,795,,,,,,398,1,false,,,129266,A83926 AA08,,,,,,,,,,,,,,,,,,,,,,,,,,,,,,,,,,,,,,,,,,,,,,,,,,,,,,,,,,,,,,,,,,,,,
ds-129267,PRODUCT,Aerowatch 1942 Regulator Limited Edition,false,"<p>Gehäuse aus Stahl poliert mit Lederband dunkelbraun, automatisches Werk, Regulator, Saphirglas, Zifferblatt silber, Durchmesser 41mm, Wasserdicht bis 5bar, zwei Jahre Garantie, Limited Edition 037/100Referenz: A76983 AA03Verfügbar in der Bijouterie Droz in Zofingen AG</p>",uhren;herrenuhren;aerowatch,uhren,,,,Aerowatch,1590,,,,,,795,1,false,,,129267,A76983 AA03,,,,,,,,,,,,,,,,,,,,,,,,,,,,,,,,,,,,,,,,,,,,,,,,,,,,,,,,,,,,,,,,,,,,,
ds-123379,PRODUCT,Aerowatch Sensual Stahl blau,false,"<p>Aerowatch Sensual Collection, Gehäuse aus Stahl poliert mit Lederband dunkeblau, Quartzwerk, Saphirglas, Zifferblatt silber/Wellen, Durchmesser 30mm, Wasserdicht bis 5bar, zwei Jahre Garantie, A07977AA003Referenz: A07977 AA03Verfügbar in der Bijouterie Droz in Zofingen AG</p>",uhren;damenuhren;aerowatch,uhren,,,,Aerowatch,540,,,,,,270,1,false,,,123379,A07977 AA03,,,,,,,,,,,,,,,,,,,,,,,,,,,,,,,,,,,,,,,,,,,,,,,,,,,,,,,,,,,,,,,,,,,,,
ds-123380,PRODUCT,Aerowatch Sensual Stahl braun,false,"<p>Aerowatch Sensual, Gehäuse aus Stahl mit Lederband hellbraun, Quartzwerk, Saphirglas, Zifferblatt Perlmutt mit Blätter, Durchmesser 30mm, Wasserdicht bis 5bar, zwei Jahre Garantie, A07977BI02Referenz: A07977 BI02Verfügbar in der Bijouterie Droz in Zofingen AG</p>",uhren;damenuhren;aerowatch,uhren,,,,Aerowatch,595,,,,,,298,1,false,,,123380,A07977 BI02,,,,,,,,,,,,,,,,,,,,,,,,,,,,,,,,,,,,,,,,,,,,,,,,,,,,,,,,,,,,,,,,,,,,,
ds-120447,PRODUCT,Aerowatch Butterfly 1942 weiss,false,"<p>Aerowatch 1942 Butterfly A44960 AA01, Gehäuse aus Stahl poliert mit Lederband weiss, Quartzwerk, Zifferblatt Perlmutt, Saphirglas, Durchmesser 34mm, Wasserdicht bis 5bar, zwei Jahre GarantieReferenz: A44960 AA01Verfügbar in der Bijouterie Droz in Zofingen AG</p>",uhren;damenuhren;aerowatch,,,,,Aerowatch,530,,,,,,245,1,false,,,120447,A44960 AA01,,,,,,,,,,,,,,,,,,,,,,,,,,,,,,,,,,,,,,,,,,,,,,,,,,,,,,,,,,,,,,,,,,,,,
ds-127540,PRODUCT,Aerowatch Les Grandes Classiques Classques,false,"<p>Gehäuse aus Stahl mit Lederband dunkelbraun, automatisches Werk, Saphirglas, Zifferblatt dunkelblau, Durchmesser 40mm, Wasserdicht bis 5bar, zwei Jahre GarantieReferenz: A60996 AA04Verfügbar in der Bijouterie Droz in Zofingen AG</p>",uhren;herrenuhren;aerowatch,uhren,,,,Aerowatch,990,,,,,,495,1,false,,,127540,A60996 AA04,,,,,,,,,,,,,,,,,,,,,,,,,,,,,,,,,,,,,,,,,,,,,,,,,,,,,,,,,,,,,,,,,,,,,
ds-127545,PRODUCT,Aerowatch Les Grandes Classiques,false,"<p>Gehäuse und Band aus Stahl poliert, Quarzwerk, Saphirglas, Zifferblatt weiss, Durchmesser 40mm, Wasserdicht bis 5bar, zwei Jahre Garantie, Swiss EditionReferenz: A42972 AA10MVerfügbar in der Bijouterie Droz in Zofingen AG</p>",uhren;herrenuhren;aerowatch,uhren,,,,Aerowatch,390,,,,,,195,1,false,,,127545,A42972 AA10M,,,,,,,,,,,,,,,,,,,,,,,,,,,,,,,,,,,,,,,,,,,,,,,,,,,,,,,,,,,,,,,,,,,,,
ds-128411,PRODUCT,Aerowatch Les Grandes Classiques,false,"<p>Gehäuse aus Stahl poliert mit Lederband hellbraun, Quartzwerk, Saphirglas, Zifferblatt anthrazit, Durchmesser 39mm, Wasserdicht bis 5bar, zwei Jahre GarantieReferenz: A42991 AA06Verfügbar in der Bijouterie Droz in Zofingen AG</p>",uhren;herrenuhren;aerowatch,uhren,,,,Aerowatch,340,,,,,,170,1,false,,,128411,A42991 AA06,,,,,,,,,,,,,,,,,,,,,,,,,,,,,,,,,,,,,,,,,,,,,,,,,,,,,,,,,,,,,,,,,,,,,
ds-133588,PRODUCT,Aerowatch Les Grandes Classiques,false,"<p>Gehäuse und Band aus Stahl, Quartzwerk, Saphirglas, Zifferblatt silber mit arabischen Zahlen blau, Durchmesser 40mm, Wasserdicht bis 5bar - 2 Jahre GarantieReferenz: A42102 AA05 MVerfügbar in der Bijouterie Droz in Zofingen AG</p>",uhren;herrenuhren;aerowatch,uhren,,,,Aerowatch,440,,,,,,220,1,false,,,133588,A42102 AA05 M,,,,,,,,,,,,,,,,,,,,,,,,,,,,,,,,,,,,,,,,,,,,,,,,,,,,,,,,,,,,,,,,,,,,,
ds-133593,PRODUCT,Aerowatch Les Grandes Classiques,false,"<p>Gehäuse und Band aus Stahl matt/poliert, Quartzwerk Chrono, Saphirglas, Zifferblatt anthrazit, Durchmesser 42mm, Wasserdicht bis 5bar, 2 Jahre GarantieReferenz: 79990AA09MVerfügbar in der Bijouterie Droz in Zofingen AG</p>",uhren;herrenuhren;aerowatch,,,,,Aerowatch,790,,,,,,395,1,false,,,133593,79990AA09M,,,,,,,,,,,,,,,,,,,,,,,,,,,,,,,,,,,,,,,,,,,,,,,,,,,,,,,,,,,,,,,,,,,,,
ds-122334,PRODUCT,Aerowatch Pocket Watches Taschenuhr Savonnette,false,"<p>Aerowatch Taschenuhr, versilbert, mechanisches Werk, Zifferblatt silber/gelb, mit Deckel, Durchmesser 48mm, 55645 AG03Referenz: 55645 AG03Verfügbar in der Bijouterie Droz in Zofingen AG</p>",uhren;taschenuhren;aerowatch,uhren,,,,Aerowatch,898,,,,,,395,1,false,,,122334,55645 AG03,,,,,,,,,,,,,,,,,,,,,,,,,,,,,,,,,,,,,,,,,,,,,,,,,,,,,,,,,,,,,,,,,,,,,
ds-125635,PRODUCT,Aerowatch Intuition,false,"<p>Gehäuse und Band aus Stahl matt/poliert, eckig, Quartzerk, Saphirglas, Zifferblatt Perlmutt mit 3 Brillanten, 27x37mm, Wasserdicht bis 5bar, zwei Jahre GarantieReferenz: A 49988 AA03 MVerfügbar in der Bijouterie Droz in Zofingen AG</p>",uhren;damenuhren;aerowatch,uhren,,,,Aerowatch,750,,,,,,375,1,false,,,125635,A 49988 AA03 M,,,,,,,,,,,,,,,,,,,,,,,,,,,,,,,,,,,,,,,,,,,,,,,,,,,,,,,,,,,,,,,,,,,,,
ds-133589,PRODUCT,Aerowatch Intuition,false,"<p>Gehäuse und Band aus Stahl vergoldet, Quartzwerk, Saphirglas, Zifferblatt weiss/römisch mit kleiner Sekunde, Durchmesser 33x21mm, Wasserdicht bis 3barReferenz: 31104JA01MVerfügbar in der Bijouterie Droz in Zofingen AG</p>",uhren;damenuhren;aerowatch,,,,,Aerowatch,690,,,,,,345,1,false,,,133589,31104JA01M,,,,,,,,,,,,,,,,,,,,,,,,,,,,,,,,,,,,,,,,,,,,,,,,,,,,,,,,,,,,,,,,,,,,,
ds-133591,PRODUCT,Aerowatch Streamline,false,"<p>Gehäuse aus Stahl mit Lederband schwarz, Quartzwerk, Saphirglas, Zifferblatt weiss mit Mondphase, Durchmesser 35x37mm, Wasserdicht bis 5bar, zwei Jahre GarantieReferenz: 43958AA11Verfügbar in der Bijouterie Droz in Zofingen AG</p>",uhren;damenuhren;aerowatch,uhren,,,,Aerowatch,595,,,,,,298,1,false,,,133591,43958AA11,,,,,,,,,,,,,,,,,,,,,,,,,,,,,,,,,,,,,,,,,,,,,,,,,,,,,,,,,,,,,,,,,,,,,
ds-129272,PRODUCT,Aerowatch Savonnettes Taschenuhr Kette,false,"<p>aus Stahl matt, Panzerkette 6mm, Länge 30cmReferenz: CH102.005.829 SVerfügbar in der Bijouterie Droz in Zofingen AG</p>",schmuck;diverses;aerowatch,schmuck,,,,Aerowatch,75,,,,,,30,1,false,,,129272,CH102.005.829 S,,,,,,,,,,,,,,,,,,,,,,,,,,,,,,,,,,,,,,,,,,,,,,,,,,,,,,,,,,,,,,,,,,,,,
ds-133595,PRODUCT,Aerowatch Lépines Taschenuhr Lepine,false,"<p>aus Messing PVD grau, Handaufzug, Zifferblatt schwarz/arabisch, SuperluminovaReferenz: 50685CH06Verfügbar in der Bijouterie Droz in Zofingen AG</p>",uhren;taschenuhren;aerowatch,uhren,,,,Aerowatch,950,,,,,,475,1,false,,,133595,50685CH06,,,,,,,,,,,,,,,,,,,,,,,,,,,,,,,,,,,,,,,,,,,,,,,,,,,,,,,,,,,,,,,,,,,,,
ds-133590,PRODUCT,Aerowatch Les Grandes Classiques,false,"<p>Gehäuse aus Stahl vergoldet poliert mit Lederband weiss, Quartzwerk, Saphirglas, Durchmesser 31mm, Zifferblatt Perlmutt, Wasserdicht bis 5barReferenz: 49101JA06Verfügbar in der Bijouterie Droz in Zofingen AG</p>",uhren;damenuhren;aerowatch,,,,,Aerowatch,370,,,,,,185,1,false,,,133590,49101JA06,,,,,,,,,,,,,,,,,,,,,,,,,,,,,,,,,,,,,,,,,,,,,,,,,,,,,,,,,,,,,,,,,,,,,
ds-133638,PRODUCT,Ti Sento Collier,false,"<p>aus Silber 925 vergoldet mit Zirkonia weiss und hellblau, Ankerkette mit Karabinerverschluss, Länge 49-59cmReferenz: 34122TYVerfügbar in der Bijouterie Droz in Zofingen AG</p>",schmuck;colliers;ti-sento,schmuck,,,,Ti Sento,315,,,,,,143.2,1,false,,,133638,34122TY,,,,,,,,,,,,,,,,,,,,,,,,,,,,,,,,,,,,,,,,,,,,,,,,,,,,,,,,,,,,,,,,,,,,,
ds-133292,PRODUCT,Ti Sento Ring,false,"<p>aus Silber 925 poliert/rhodinert mit Zirkonia weiss, Gr.56Referenz: 12421ZIVerfügbar in der Bijouterie Droz in Zofingen AG</p>",schmuck;ringe;ti-sento,,,,,Ti Sento,179,,,,,,77.85,1,false,,,133292,12421ZI,,,,,,,,,,,,,,,,,,,,,,,,,,,,,,,,,,,,,,,,,,,,,,,,,,,,,,,,,,,,,,,,,,,,,
ds-133280,PRODUCT,Ti Sento Creolen,false,"<p>aus Silber 925 poliert/rhodiniert mit Zirkonia weiss, Durchmesser 14mmReferenz: 7718ZIVerfügbar in der Bijouterie Droz in Zofingen AG</p>",schmuck;ohrschmuck;ti-sento,schmuck,,,,Ti Sento,95,,,,,,41.3,1,false,,,133280,7718ZI,,,,,,,,,,,,,,,,,,,,,,,,,,,,,,,,,,,,,,,,,,,,,,,,,,,,,,,,,,,,,,,,,,,,,
ds-131877,PRODUCT,Ti Sento Anhänger,false,"<p>aus Silber 925 poliert/rhodiniert mit Zirkonia weiss, Ankerkette mit Karabinerverschluss, Länge 38-48cmReferenz: 34103ZYVerfügbar in der Bijouterie Droz in Zofingen AG</p>",schmuck;anhaenger;ti-sento,,,,,Ti Sento,105,,,,,,47.75,1,false,,,131877,34103ZY,,,,,,,,,,,,,,,,,,,,,,,,,,,,,,,,,,,,,,,,,,,,,,,,,,,,,,,,,,,,,,,,,,,,,
ds-131347,PRODUCT,Ti Sento Ohrhänger,false,<p>aus Silber 925 poliert/rhodiniert mit Zirkonia weissReferenz: 78003ZIVerfügbar in der Bijouterie Droz in Zofingen AG</p>,schmuck;ohrschmuck;ti-sento,schmuck,,,,Ti Sento,85,,,,,,36.95,1,false,,,131347,78003ZI,,,,,,,,,,,,,,,,,,,,,,,,,,,,,,,,,,,,,,,,,,,,,,,,,,,,,,,,,,,,,,,,,,,,,
ds-130407,PRODUCT,Ti Sento Collier,false,"<p>aus Silber 925 poliert/rhodiniert, Herz mit Zirkonia weiss, Ankerkette 38-48cm, KarabinerverschlussReferenz: 3899ZIVerfügbar in der Bijouterie Droz in Zofingen AG</p>",schmuck;colliers;ti-sento,,,,,Ti Sento,129,,,,,,58.65,1,false,,,130407,3899ZI,,,,,,,,,,,,,,,,,,,,,,,,,,,,,,,,,,,,,,,,,,,,,,,,,,,,,,,,,,,,,,,,,,,,,
ds-127549,PRODUCT,Ti Sento Armband,false,"<p>aus Silber 925 rhodiniert/vergoldet, mit Zirkonia weiss, Ankerkette 16-20cm, KarabinerverschlussReferenz: 23022ZYVerfügbar in der Bijouterie Droz in Zofingen AG</p>",schmuck;bracelets;ti-sento,,,,,Ti Sento,289,,,,,,125.65,1,false,,,127549,23022ZY,,,,,,,,,,,,,,,,,,,,,,,,,,,,,,,,,,,,,,,,,,,,,,,,,,,,,,,,,,,,,,,,,,,,,
ds-131672,PRODUCT,ICE Watch smart 3 0,true,"<p>Smartwatch mit GPS, aus Aluminium PVD geschwärzt mit Silikonband schwarz Durchmesser: 40mm Fuktionen: Aktivität, Telefonieren, Schlaf, Herzfrequenzmessung, Blutdruckmessung, Sportarten, Wetter, Benachrichtigungen, Sprachassistent, Kamerasteuerung, Musiksteuerung, Timer, Wecker, Stoppuhr, Taschenlampe, Rechner und Telefonsuche 2 Jahre GarantieReferenz: 025 105Verfügbar in der Bijouterie Droz in Zofingen AG</p>",uhren;herrenuhren;ice-watch,,,,,ICE Watch,129,,,,,,51.6,1,false,,,131672,025 105,,,,,,,,,,,,,,,,,,,,,,,,,,,,,,,,,,,,,,,,,,,,,,,,,,,,,,,,,,,,,,,,,,,,,
ds-131672,MEDIA,,,,,,6673aa_00e005734b7b4f559c133cf1305f28d2~mv2.jpg,,,,,,,,,,,,,,,,,,,,,,,,,,,,,,,,,,,,,,,,,,,,,,,,,,,,,,,,,,,,,,,,,,,,,,,,,,,,,,,,,,,,,
ds-131518,PRODUCT,ICE Watch Boliday,true,"<p>Gehäuse und Band aus Edelstahl PVD gelb, Quarzwerk, Zifferblatt weiss/römisch, Wasserdicht bis 5bar, zwei Jahre Garantie</p><p>Referenz: 024 487</p><p>Verfügbar in der Bijouterie Droz in Zofingen AG</p>",uhren;damenuhren;ice-watch,uhren,,,,ICE Watch,159,,,,,,63.6,1,false,,,131518,024 487,,,,,,,,,,,,,,,,,,,,,,,,,,,,,,,,,,,,,,,,,,,,,,,,,,,,,,,,,,,,,,,,,,,,,
ds-131518,MEDIA,,,,,,6673aa_8e320ed6fec347edbea1dcd372747ad4~mv2.png,,,,,,,,,,,,,,,,,,,,,,,,,,,,,,,,,,,,,,,,,,,,,,,,,,,,,,,,,,,,,,,,,,,,,,,,,,,,,,,,,,,,,
ds-131518,MEDIA,,,,,,6673aa_ea61a20fcdbf4cc8b1573288a9a247d5~mv2.png,,,,,,,,,,,,,,,,,,,,,,,,,,,,,,,,,,,,,,,,,,,,,,,,,,,,,,,,,,,,,,,,,,,,,,,,,,,,,,,,,,,,,
ds-131518,MEDIA,,,,,,6673aa_7b436892699846499b570de421d3315d~mv2.png,,,,,,,,,,,,,,,,,,,,,,,,,,,,,,,,,,,,,,,,,,,,,,,,,,,,,,,,,,,,,,,,,,,,,,,,,,,,,,,,,,,,,
ds-131518,MEDIA,,,,,,6673aa_818be0c117d34008b3728f243d8832ee~mv2.png,,,,,,,,,,,,,,,,,,,,,,,,,,,,,,,,,,,,,,,,,,,,,,,,,,,,,,,,,,,,,,,,,,,,,,,,,,,,,,,,,,,,,
ds-129941,PRODUCT,ICE Watch cosmos,true,"<p>Gehäuse und Band aus Silikon blau, Quarzwerk, Zifferblatt blau, Durchmesser 37mm, Wasserdicht bis 10bar, 2 Jahre GarantieReferenz: 022 360Verfügbar in der Bijouterie Droz in Zofingen AG</p>",uhren;damenuhren;ice-watch,,,,,ICE Watch,119,,,,,,47.6,1,false,,,129941,022 360,,,,,,,,,,,,,,,,,,,,,,,,,,,,,,,,,,,,,,,,,,,,,,,,,,,,,,,,,,,,,,,,,,,,,
ds-129941,MEDIA,,,,,,6673aa_9131585c16b44f24934269adc84e3c40~mv2.jpg,,,,,,,,,,,,,,,,,,,,,,,,,,,,,,,,,,,,,,,,,,,,,,,,,,,,,,,,,,,,,,,,,,,,,,,,,,,,,,,,,,,,,
ds-129907,PRODUCT,Tissot Seastar,true,"<p>Gehäuse aus Edelstahl PVD schwarz, mit einem schwarz Silikonband, automatsiches Uhrwerk, Zifferblatt blau, Saphirglas, Durchmesser 40mm, Wasserdicht bis 30bar, zwei Jahre Garanatie</p><p>Referenz: T120.807.37.041.00</p><p>Verfügbar in der Bijouterie Droz in Zofingen AG</p>",uhren;herrenuhren;tissot,uhren,,,,Tissot,695,,,,,,385.75,1,false,,,129907,T120.807.37.041.00,,,,,,,,,,,,,,,,,,,,,,,,,,,,,,,,,,,,,,,,,,,,,,,,,,,,,,,,,,,,,,,,,,,,,
ds-129907,MEDIA,,,,,,6673aa_e6632a8bcf4047319acacd670ec9bef5~mv2.png,,,,,,,,,,,,,,,,,,,,,,,,,,,,,,,,,,,,,,,,,,,,,,,,,,,,,,,,,,,,,,,,,,,,,,,,,,,,,,,,,,,,,
ds-129907,MEDIA,,,,,,6673aa_7bcb1e781a91495a9d738592a5c1c26e~mv2.png,,,,,,,,,,,,,,,,,,,,,,,,,,,,,,,,,,,,,,,,,,,,,,,,,,,,,,,,,,,,,,,,,,,,,,,,,,,,,,,,,,,,,
ds-129907,MEDIA,,,,,,6673aa_4e4269deb6dc4128a6284754c97125da~mv2.png,,,,,,,,,,,,,,,,,,,,,,,,,,,,,,,,,,,,,,,,,,,,,,,,,,,,,,,,,,,,,,,,,,,,,,,,,,,,,,,,,,,,,
ds-129907,MEDIA,,,,,,6673aa_377177ce76c14c34ba8c2f683380b4ef~mv2.png,,,,,,,,,,,,,,,,,,,,,,,,,,,,,,,,,,,,,,,,,,,,,,,,,,,,,,,,,,,,,,,,,,,,,,,,,,,,,,,,,,,,,
ds-129907,MEDIA,,,,,,6673aa_7072e61ba41b4b6180c863a8f86cfaa7~mv2.png,,,,,,,,,,,,,,,,,,,,,,,,,,,,,,,,,,,,,,,,,,,,,,,,,,,,,,,,,,,,,,,,,,,,,,,,,,,,,,,,,,,,,
ds-129738,PRODUCT,Rado HyperChrome Openheart,true,"<p>Gehäuse und Band aus Plasma Hightech Keramik rosévergoldet, Oberfläche: poliert, automatisches Uhrwerk mit 80h Gangreserve, Saphirglas, Skeleton, mit 64 Diamanten im Brillantschliff 0.953ct Top Wesselton vs-si, Durchmesser 42mm, Faltschliesse aus Titan, Wasserdicht bis 5bar, fünf Jahre GarantieReferenz: R32158102Verfügbar in der Bijouterie Droz in Zofingen AG</p>",uhren;herrenuhren;damenuhren;rado,uhren,,,,Rado,5300,,,,,,2968,1,false,,,129738,R32158102,,,,,,,,,,,,,,,,,,,,,,,,,,,,,,,,,,,,,,,,,,,,,,,,,,,,,,,,,,,,,,,,,,,,,
ds-129738,MEDIA,,,,,,6673aa_c6827c9d9ce74f6093ec690d6b340ee0~mv2.png,,,,,,,,,,,,,,,,,,,,,,,,,,,,,,,,,,,,,,,,,,,,,,,,,,,,,,,,,,,,,,,,,,,,,,,,,,,,,,,,,,,,,
ds-129738,MEDIA,,,,,,6673aa_0d49019499da4453969aaadce0463772~mv2.png,,,,,,,,,,,,,,,,,,,,,,,,,,,,,,,,,,,,,,,,,,,,,,,,,,,,,,,,,,,,,,,,,,,,,,,,,,,,,,,,,,,,,
ds-129738,MEDIA,,,,,,6673aa_3a84dd4c70994b2581f068dc6238537c~mv2.png,,,,,,,,,,,,,,,,,,,,,,,,,,,,,,,,,,,,,,,,,,,,,,,,,,,,,,,,,,,,,,,,,,,,,,,,,,,,,,,,,,,,,
ds-129738,MEDIA,,,,,,6673aa_b97e04337a2f4297ba4512136462e16b~mv2.png,,,,,,,,,,,,,,,,,,,,,,,,,,,,,,,,,,,,,,,,,,,,,,,,,,,,,,,,,,,,,,,,,,,,,,,,,,,,,,,,,,,,,
ds-129738,MEDIA,,,,,,6673aa_5ee8f0e9c5274ed29872cac450f4827b~mv2.png,,,,,,,,,,,,,,,,,,,,,,,,,,,,,,,,,,,,,,,,,,,,,,,,,,,,,,,,,,,,,,,,,,,,,,,,,,,,,,,,,,,,,
ds-121589,PRODUCT,Rado Captain Cook grau Stahl,true,"<p>Rado Captain Cook, Gehäuse und Band aus Edelstahl, Lunette aus Keramik, automatisches Werk, Saphirglas, Zifferblatt grau, Durchmesser 42mm, Wasserdicht bis 30bar, fünf Jahre Garantie Referenz: R32105153</p><p>Verfügbar in der Bijouterie Droz in Zofingen AG</p>",uhren;rado;herrenuhren,uhren,,,,Rado,2200,,,,,,1176,1,false,,,121589,R32105153,,,,,,,,,,,,,,,,,,,,,,,,,,,,,,,,,,,,,,,,,,,,,,,,,,,,,,,,,,,,,,,,,,,,,
ds-121589,MEDIA,,,,,,6673aa_32147b41e21e42ecbfc712c4f7c61867~mv2.png,,,,,,,,,,,,,,,,,,,,,,,,,,,,,,,,,,,,,,,,,,,,,,,,,,,,,,,,,,,,,,,,,,,,,,,,,,,,,,,,,,,,,
ds-121589,MEDIA,,,,,,6673aa_1549fb5deb4e4c09bdee7b82b28dccf6~mv2.jpg,,,,,,,,,,,,,,,,,,,,,,,,,,,,,,,,,,,,,,,,,,,,,,,,,,,,,,,,,,,,,,,,,,,,,,,,,,,,,,,,,,,,,
ds-124983,PRODUCT,Rado Captain Cook,true,"<p>Gehäuse und Band aus Edelstahl matt/poliert, automatisches Uhrwerk mit 80h Gangreserve, Zifferblatt rot, Durchmesser 42mm, Saphirglas, Wasserdicht bis 30bar, fünf Jahre GarantieReferenz: R32105353Verfügbar in der Bijouterie Droz in Zofingen AG</p>",uhren;herrenuhren;rado,uhren,,,,Rado,2200,,,,,,1176,1,false,,,124983,R32105353,,,,,,,,,,,,,,,,,,,,,,,,,,,,,,,,,,,,,,,,,,,,,,,,,,,,,,,,,,,,,,,,,,,,,
ds-124983,MEDIA,,,,,,6673aa_17c76621774f4211af5ba3357650eee6~mv2.png,,,,,,,,,,,,,,,,,,,,,,,,,,,,,,,,,,,,,,,,,,,,,,,,,,,,,,,,,,,,,,,,,,,,,,,,,,,,,,,,,,,,,
ds-130061,PRODUCT,Rado Captain Cook,true,"<p>Gehäuse und Band aus Edelstahl, Oberfläche: matt / poliert, automatisches Uhrwerk mit 80h Gangreserve, Saphirglas, Zifferblatt blau, mit einer blauen Keramiklünette Durchmesser 42mm, Faltschliesse aus Titan, inkl. Lederband blau mit einer Faltschliesse und einem blau weissen Nato Textisband, Wasserdicht bis 30bar, fünf Jahre GarantieReferenz: R32154208Verfügbar in der Bijouterie Droz in Zofingen AG</p>",uhren;herrenuhren;rado,uhren,,,,Rado,2550,,,,,,1428,1,false,,,130061,R32154208,,,,,,,,,,,,,,,,,,,,,,,,,,,,,,,,,,,,,,,,,,,,,,,,,,,,,,,,,,,,,,,,,,,,,
ds-130061,MEDIA,,,,,,6673aa_286497ba56d145fe9e9e8b7478461e41~mv2.png,,,,,,,,,,,,,,,,,,,,,,,,,,,,,,,,,,,,,,,,,,,,,,,,,,,,,,,,,,,,,,,,,,,,,,,,,,,,,,,,,,,,,
ds-130061,MEDIA,,,,,,6673aa_8100d68e76d24b8b8c8c9cbc6c1eeb64~mv2.png,,,,,,,,,,,,,,,,,,,,,,,,,,,,,,,,,,,,,,,,,,,,,,,,,,,,,,,,,,,,,,,,,,,,,,,,,,,,,,,,,,,,,
ds-130061,MEDIA,,,,,,6673aa_eaea9d8b99f5483086031fedf8365842~mv2.png,,,,,,,,,,,,,,,,,,,,,,,,,,,,,,,,,,,,,,,,,,,,,,,,,,,,,,,,,,,,,,,,,,,,,,,,,,,,,,,,,,,,,
ds-130061,MEDIA,,,,,,6673aa_53679d072abb4967b1df03b74673010a~mv2.png,,,,,,,,,,,,,,,,,,,,,,,,,,,,,,,,,,,,,,,,,,,,,,,,,,,,,,,,,,,,,,,,,,,,,,,,,,,,,,,,,,,,,
ds-130982,PRODUCT,Rado Captain Cook Chrono,true,"<p>Gehäuse und Band aus Keramik schwarz, Lunette und Drücker PVD rosé, automatisches Werk, Chrono, Saphirglas, Zifferblatt schwarz mit Index und Datum, Durchmesser 43mm, Wasserdicht bis 30bar, 5 Jahre GarantieReferenz: R32190153Verfügbar in der Bijouterie Droz in Zofingen AG</p>",uhren;herrenuhren;rado,,,,,Rado,5700,,,,,,3192,1,false,,,130982,R32190153,,,,,,,,,,,,,,,,,,,,,,,,,,,,,,,,,,,,,,,,,,,,,,,,,,,,,,,,,,,,,,,,,,,,,
ds-130982,MEDIA,,,,,,6673aa_ffbd157bf1f7406388789f9d881809ce~mv2.png,,,,,,,,,,,,,,,,,,,,,,,,,,,,,,,,,,,,,,,,,,,,,,,,,,,,,,,,,,,,,,,,,,,,,,,,,,,,,,,,,,,,,
ds-131867,PRODUCT,Rado Captain Cook,true,"<p>Gehäuse und Band aus Edelstahl /PVD rosé, automatisches Werk, Saphirglas, Zifferblatt blau mit Datum, Lünette aus Keramik blau, Durchmesser 39mm, Wasserdicht bis 30bar, 5 Jahre Garantie Referenz: R32224203</p><p>Verfügbar in der Bijouterie Droz in Zofingen AG</p>",uhren;herrenuhren;rado,uhren,,,,Rado,2300,,,,,,1288,1,false,,,131867,R32224203,,,,,,,,,,,,,,,,,,,,,,,,,,,,,,,,,,,,,,,,,,,,,,,,,,,,,,,,,,,,,,,,,,,,,
ds-131867,MEDIA,,,,,,6673aa_8c8e2244244e4707a343a8b505d8f882~mv2.png,,,,,,,,,,,,,,,,,,,,,,,,,,,,,,,,,,,,,,,,,,,,,,,,,,,,,,,,,,,,,,,,,,,,,,,,,,,,,,,,,,,,,
ds-133654,PRODUCT,Rado Captain Cook,true,"<p>Gehäuse und Band aus Edelstahl, Oberfläche: matt/poliert, automatisches Werk, Saphirglas, Zifferblatt grün mit Datum, Durchmesser 39mm, Wasserdicht bis 30bar, 5 Jahre Garantie </p><p>Referenz: R32223313</p><p>Verfügbar in der Bijouterie Droz in Zofingen AG</p>",uhren;herrenuhren;rado,uhren,,,,Rado,2200,,,,,,1232,1,false,,,133654,R32223313,,,,,,,,,,,,,,,,,,,,,,,,,,,,,,,,,,,,,,,,,,,,,,,,,,,,,,,,,,,,,,,,,,,,,
ds-133654,MEDIA,,,,,,6673aa_c992fc43433342b78a9fb89182c2fe86~mv2.png,,,,,,,,,,,,,,,,,,,,,,,,,,,,,,,,,,,,,,,,,,,,,,,,,,,,,,,,,,,,,,,,,,,,,,,,,,,,,,,,,,,,,
ds-124729,PRODUCT,Rado Florence,true,"<p>Edelstahlgehäuse und -band, Quarzwerk, Datum, schwarzes Zifferblatt mit vier Diamanten, Saphirglas, 5bar Wasserdicht, fünf Jahre GarantieReferenz: R48913713Verfügbar in der Bijouterie Droz in Zofingen AG</p>",uhren;damenuhren;rado,,,,,Rado,1100,,,,,,616,1,false,,,124729,R48913713,,,,,,,,,,,,,,,,,,,,,,,,,,,,,,,,,,,,,,,,,,,,,,,,,,,,,,,,,,,,,,,,,,,,,
ds-124729,MEDIA,,,,,,6673aa_46da59e21ece43b69727da4195ceeb49~mv2.png,,,,,,,,,,,,,,,,,,,,,,,,,,,,,,,,,,,,,,,,,,,,,,,,,,,,,,,,,,,,,,,,,,,,,,,,,,,,,,,,,,,,,
ds-130183,PRODUCT,Rado Anatom,true,"<p>Gehäuse aus Keramik, Band aus Keramik und Edelstahl PVD gelb, automatisches Werk, Saphirglas, Zifferblatt schwarz mit gelben Index und Datum, Durchmesser 32.5mm, Wasserdicht bis 5bar, 5 Jahre Garantie</p><p>Referenz: R10200152</p><p>Verfügbar in der Bijouterie Droz in Zofingen AG</p>",uhren;herrenuhren;rado,,,,,Rado,4300,,,,,,2408,1,false,,,130183,R10200152,,,,,,,,,,,,,,,,,,,,,,,,,,,,,,,,,,,,,,,,,,,,,,,,,,,,,,,,,,,,,,,,,,,,,
ds-130183,MEDIA,,,,,,6673aa_de9afed49a404c9bad2b9e984d139abc~mv2.png,,,,,,,,,,,,,,,,,,,,,,,,,,,,,,,,,,,,,,,,,,,,,,,,,,,,,,,,,,,,,,,,,,,,,,,,,,,,,,,,,,,,,
ds-130224,PRODUCT,Rado Anatom,true,"<p>Gehäuse und Band aus Plasmakeramik und Edelstahl PVD rosé, automatisches Werk mit 72 Std. Gangreserve, Saphirglas, Zifferblatt grau mit Index und Datum, Durchmesser 32.5mm, Wasserdicht bis 5bar, 5 Jahre Garantie</p><p>Referenz: R10203102</p><p>Verfügbar in der Bijouterie Droz in Zofingen AG</p>",uhren;herrenuhren;rado,,,,,Rado,4300,,,,,,2408,1,false,,,130224,130224,,,,,,,,,,,,,,,,,,,,,,,,,,,,,,,,,,,,,,,,,,,,,,,,,,,,,,,,,,,,,,,,,,,,,
ds-130224,MEDIA,,,,,,6673aa_9eed1be3da1d4392b42e382db16f08d9~mv2.png,,,,,,,,,,,,,,,,,,,,,,,,,,,,,,,,,,,,,,,,,,,,,,,,,,,,,,,,,,,,,,,,,,,,,,,,,,,,,,,,,,,,,
ds-130224,MEDIA,,,,,,6673aa_f81261d1f8a445a8afcbc672b2c9926d~mv2.png,,,,,,,,,,,,,,,,,,,,,,,,,,,,,,,,,,,,,,,,,,,,,,,,,,,,,,,,,,,,,,,,,,,,,,,,,,,,,,,,,,,,,
ds-130224,MEDIA,,,,,,6673aa_e5fdfed0a4c04a3d82108beca042acd5~mv2.png,,,,,,,,,,,,,,,,,,,,,,,,,,,,,,,,,,,,,,,,,,,,,,,,,,,,,,,,,,,,,,,,,,,,,,,,,,,,,,,,,,,,,
ds-131274,PRODUCT,Rado Anatom,true,"<p>Gehäuse und Band aus Keramik schwarz und Edelstahl poliert, automatisches Werk mit 72Std. Gangreserve, Saphirglas, Durchmesser: 32.5mm, Zifferblatt schwarz jubilé, Wasserdicht bis 5bar, 5 Jahre GarantieReferenz: R10201712Verfügbar in der Bijouterie Droz in Zofingen AG</p>",uhren;herrenuhren;rado,uhren,,,,Rado,4450,,,,,,2492,1,false,,,131274,R10201712,,,,,,,,,,,,,,,,,,,,,,,,,,,,,,,,,,,,,,,,,,,,,,,,,,,,,,,,,,,,,,,,,,,,,
ds-131274,MEDIA,,,,,,6673aa_418011f2984c4f6f81f54ed2ffe9df88~mv2.png,,,,,,,,,,,,,,,,,,,,,,,,,,,,,,,,,,,,,,,,,,,,,,,,,,,,,,,,,,,,,,,,,,,,,,,,,,,,,,,,,,,,,
ds-125372,PRODUCT,Hamilton American Classic PSR Digital,true,"<p>1970 revolutionierte Hamilton mit der Hamilton Pulsar die Zeitmessung. Fünfzig Jahre später feiert die Hamilton PSR die Einführung dieser wegweisenden ersten Digitaluhr. Heute überführen ein Hybrid-Display und ein Edelstahlgehäuse diese innovative Erfindung in die Zukunft. AA1LJNH7Y Edelstahlgehäuse und -band PVD geschwärzt, Quarzwerk, Faltschliesse, Digitalanzeige, 10bar Wasserdicht, zwei Jahre GarantieReferenz: H52404130Verfügbar in der Bijouterie Droz in Zofingen AG</p>",uhren;hamilton;herrenuhren;sale,uhren,,,,Hamilton,597,995,,,,,554.3,1,false,,,125372,H52404130,,,,,,,,,,,,,,,,,,,,,,,,,,,,,,,,,,,,,,,,,,,,,,,,,,,,,,,,,,,,,,,,,,,,,
ds-125372,MEDIA,,,,,,6673aa_45c8412b405047a0b1391fb7bfdd6a59~mv2.jpg,,,,,,,,,,,,,,,,,,,,,,,,,,,,,,,,,,,,,,,,,,,,,,,,,,,,,,,,,,,,,,,,,,,,,,,,,,,,,,,,,,,,,
ds-131063,PRODUCT,Tissot Ballade,true,"<p>Gehäuse und Band aus Edelstahl/bicolor, Quartzwerk, Saphirglas, Zifferblatt silber mit Index und Datum, Durchmesser: 34mm, Wasserdicht bis 10bar, 2 Jahre Garantie</p><p>Referenz: T156.210.22.031.00</p><p>Verfügbar in der Bijouterie Droz in Zofingen AG</p>",uhren;damenuhren;tissot,uhren,,,,Tissot,365,,,,,,202.6,1,false,,,131063,T156.210.22.031.00,,,,,,,,,,,,,,,,,,,,,,,,,,,,,,,,,,,,,,,,,,,,,,,,,,,,,,,,,,,,,,,,,,,,,
ds-131063,MEDIA,,,,,,6673aa_bed63052b5c74b349820e2a19f10c1a8~mv2.png,,,,,,,,,,,,,,,,,,,,,,,,,,,,,,,,,,,,,,,,,,,,,,,,,,,,,,,,,,,,,,,,,,,,,,,,,,,,,,,,,,,,,
ds-114892,PRODUCT,Tissot Le Locle,true,"<p>Gehäuse aus Edelstahl, Oberfläche: poliert, mit einem Lederband schwarz, automatisches Werk Powermatic 80, Saphirglas, Durchmesser 39mm, Zifferblatt schwarz römisch, Wasserdicht bis 3bar, zwei Jahre Garantie</p><p>Referenz: T006.407.16.053.00</p><p>Verfügbar in der Bijouterie Droz in Zofingen AG</p>",uhren;herrenuhren;tissot,uhren,,,,Tissot,575,,,,,,319.15,1,false,,,114892,T006.407.16.053.00,,,,,,,,,,,,,,,,,,,,,,,,,,,,,,,,,,,,,,,,,,,,,,,,,,,,,,,,,,,,,,,,,,,,,
ds-114892,MEDIA,,,,,,6673aa_6420fccd2ac84345ac8fea324bc48228~mv2.png,,,,,,,,,,,,,,,,,,,,,,,,,,,,,,,,,,,,,,,,,,,,,,,,,,,,,,,,,,,,,,,,,,,,,,,,,,,,,,,,,,,,,
ds-124611,PRODUCT,Tissot Lovely,true,"<p>Gehäuse aus Edelstahl PVD rosé mit gemustertem Lederband, Quarzwerk, 12 Diamanten im 8/8 Schliff auf dem Zifferblatt, 3 bar Wasserdicht, 2 Jahre GarantieReferenz: T058.109.37.036.00Verfügbar in der Bijouterie Droz in Zofingen AG</p>",uhren;damenuhren;tissot,uhren,,,,Tissot,365,,,,,,192.2,1,false,,,124611,T058.109.37.036.00,,,,,,,,,,,,,,,,,,,,,,,,,,,,,,,,,,,,,,,,,,,,,,,,,,,,,,,,,,,,,,,,,,,,,
ds-124611,MEDIA,,,,,,6673aa_7e2525718a0248c28a65b2434cce4860~mv2.png,,,,,,,,,,,,,,,,,,,,,,,,,,,,,,,,,,,,,,,,,,,,,,,,,,,,,,,,,,,,,,,,,,,,,,,,,,,,,,,,,,,,,
ds-124611,MEDIA,,,,,,6673aa_9745470e3f44439d9c4ac2b9788e254f~mv2.jpg,,,,,,,,,,,,,,,,,,,,,,,,,,,,,,,,,,,,,,,,,,,,,,,,,,,,,,,,,,,,,,,,,,,,,,,,,,,,,,,,,,,,,
ds-124611,MEDIA,,,,,,6673aa_30b6b1c3aea3485fbbdd91d9500883e9~mv2.jpg,,,,,,,,,,,,,,,,,,,,,,,,,,,,,,,,,,,,,,,,,,,,,,,,,,,,,,,,,,,,,,,,,,,,,,,,,,,,,,,,,,,,,
ds-124611,MEDIA,,,,,,6673aa_7d82fcf05da045f1b6483fecc2bd5c76~mv2.jpg,,,,,,,,,,,,,,,,,,,,,,,,,,,,,,,,,,,,,,,,,,,,,,,,,,,,,,,,,,,,,,,,,,,,,,,,,,,,,,,,,,,,,
ds-130059,PRODUCT,Tissot Every Time,true,"<p>Gehäuse aus Edelstahl poliert, mit einem Lederband schwarz, Quarzwerk, Saphirglas, Zifferblatt silber, Durchmesser: 34mm, Wasserdicht bis 5bar, 2 Jahre GarantieReferenz: T143.210.16.033.00Verfügbar in der Bijouterie Droz in Zofingen AG</p>",uhren;damenuhren;tissot,uhren,,,,Tissot,245,,,,,,136.5,1,false,,,130059,T143.210.16.033.00,,,,,,,,,,,,,,,,,,,,,,,,,,,,,,,,,,,,,,,,,,,,,,,,,,,,,,,,,,,,,,,,,,,,,
ds-130059,MEDIA,,,,,,6673aa_ae3d3081978f466d9e5b5d69309c499f~mv2.png,,,,,,,,,,,,,,,,,,,,,,,,,,,,,,,,,,,,,,,,,,,,,,,,,,,,,,,,,,,,,,,,,,,,,,,,,,,,,,,,,,,,,
ds-126082,PRODUCT,Tissot Carson,true,"<p>Edelstahlgehäuse rosé PVD, mit einem braunen Lederband, Quarzwerk, Chronograph, Zifferblatt weiss mit Datumsanzeige, Saphirglas, Gehäusedurchmesser: 41mm, 5bar Wasserdicht, zwei Jahre GarantieReferenz: T122.417.36.033.00Verfügbar in der Bijouterie Droz in Zofingen AG</p>",uhren;herrenuhren;tissot,uhren,,,,Tissot,495,,,,,,275.75,1,false,,,126082,T122.417.36.033.00,,,,,,,,,,,,,,,,,,,,,,,,,,,,,,,,,,,,,,,,,,,,,,,,,,,,,,,,,,,,,,,,,,,,,
ds-126082,MEDIA,,,,,,6673aa_456312c0219c4030ba6791ec39987d41~mv2.png,,,,,,,,,,,,,,,,,,,,,,,,,,,,,,,,,,,,,,,,,,,,,,,,,,,,,,,,,,,,,,,,,,,,,,,,,,,,,,,,,,,,,
ds-126082,MEDIA,,,,,,6673aa_8937fd87b9334f9d8732356905d01e16~mv2.jpg,,,,,,,,,,,,,,,,,,,,,,,,,,,,,,,,,,,,,,,,,,,,,,,,,,,,,,,,,,,,,,,,,,,,,,,,,,,,,,,,,,,,,
ds-124707,PRODUCT,Tissot Classic Dream,true,"<p>Edelstahlgehäuse mit einem Lederband braun, weisses Zifferblatt römisch, Datum, Saphirglas, 5bar Wasserdicht, zwei Jahre Garantie</p><p>Referenz: T129.410.16.013.00</p><p>Verfügbar in der Bijouterie Droz in Zofingen AG</p>",uhren;herrenuhren;tissot,uhren,,,,Tissot,250,,,,,,138.75,1,false,,,124707,T129.410.16.013.00,,,,,,,,,,,,,,,,,,,,,,,,,,,,,,,,,,,,,,,,,,,,,,,,,,,,,,,,,,,,,,,,,,,,,
ds-124707,MEDIA,,,,,,6673aa_9b6e2046e7894284a581db2ef7c785e2~mv2.png,,,,,,,,,,,,,,,,,,,,,,,,,,,,,,,,,,,,,,,,,,,,,,,,,,,,,,,,,,,,,,,,,,,,,,,,,,,,,,,,,,,,,
ds-132034,PRODUCT,Tissot Classic Dream,true,"<p>Gehäuse aus Edelstahl PVD gelb, Oberfläche: poliert mit einem Lederband dunkelbraun, automatisch Werk Powermatic 80, Saphirglas, Zifferblatt silber mit Index und Datum, Durchmesser 40mm, 2 Jahre Garantie</p><p>Referenz: T158.407.36.261.00</p><p>Verfügbar in der Bijouterie Droz in Zofingen AG</p>",uhren;herrenuhren;damenuhren;tissot,uhren,,,,Tissot,435,,,,,,241.45,1,false,,,132034,T158.407.36.261.00,,,,,,,,,,,,,,,,,,,,,,,,,,,,,,,,,,,,,,,,,,,,,,,,,,,,,,,,,,,,,,,,,,,,,
ds-132034,MEDIA,,,,,,6673aa_584de48f41a94925aeb73fa94424f73a~mv2.png,,,,,,,,,,,,,,,,,,,,,,,,,,,,,,,,,,,,,,,,,,,,,,,,,,,,,,,,,,,,,,,,,,,,,,,,,,,,,,,,,,,,,
ds-122978,PRODUCT,Tissot PRX,true,"<p>Gehäuse und Band aus Edelstahl, matt, Quarzwerk, Saphirglas, Zifferblatt schwarz mit Datumsanzeige, Wasserdicht bis 10bar, zwei Jahre GarantieReferenz: T137.410.11.051.00Verfügbar in der Bijouterie Droz in Zofingen AG</p>",uhren;herrenuhren;tissot,uhren,,,,Tissot,365,,,,,,202.6,1,false,,,122978,T137.410.11.051.00,,,,,,,,,,,,,,,,,,,,,,,,,,,,,,,,,,,,,,,,,,,,,,,,,,,,,,,,,,,,,,,,,,,,,
ds-122978,MEDIA,,,,,,6673aa_81933de81ca942c48bc3122341f43e58~mv2.png,,,,,,,,,,,,,,,,,,,,,,,,,,,,,,,,,,,,,,,,,,,,,,,,,,,,,,,,,,,,,,,,,,,,,,,,,,,,,,,,,,,,,
ds-122978,MEDIA,,,,,,6673aa_76117134f71d4c469530a170bb6d204a~mv2.jpg,,,,,,,,,,,,,,,,,,,,,,,,,,,,,,,,,,,,,,,,,,,,,,,,,,,,,,,,,,,,,,,,,,,,,,,,,,,,,,,,,,,,,
ds-122978,MEDIA,,,,,,6673aa_53cf0504896f47ac9074c441ba4fbe26~mv2.jpg,,,,,,,,,,,,,,,,,,,,,,,,,,,,,,,,,,,,,,,,,,,,,,,,,,,,,,,,,,,,,,,,,,,,,,,,,,,,,,,,,,,,,
ds-122978,MEDIA,,,,,,6673aa_4015e8f5bedd432194d0eb634b42735d~mv2.jpg,,,,,,,,,,,,,,,,,,,,,,,,,,,,,,,,,,,,,,,,,,,,,,,,,,,,,,,,,,,,,,,,,,,,,,,,,,,,,,,,,,,,,
ds-125941,PRODUCT,Tissot PRX,true,"<p>Gehäuse uns Band aus Edelstahl, Quarzwerk, Saphirglas, Zifferblatt hellblau, Durchmesser 34mm, Wasserdicht bis 10bar, zwei Jahre GarantieReferenz: T137.210.11.351.00Verfügbar in der Bijouterie Droz in Zofingen AG</p>",uhren;damenuhren;tissot,uhren,,,,Tissot,365,,,,,,202.6,1,false,,,125941,T137.210.11.351.00,,,,,,,,,,,,,,,,,,,,,,,,,,,,,,,,,,,,,,,,,,,,,,,,,,,,,,,,,,,,,,,,,,,,,
ds-125941,MEDIA,,,,,,6673aa_739c2d10627a40fe99c769c6c8505bc6~mv2.png,,,,,,,,,,,,,,,,,,,,,,,,,,,,,,,,,,,,,,,,,,,,,,,,,,,,,,,,,,,,,,,,,,,,,,,,,,,,,,,,,,,,,
ds-125941,MEDIA,,,,,,6673aa_36d716e77177416c87920699e835d6c8~mv2.jpg,,,,,,,,,,,,,,,,,,,,,,,,,,,,,,,,,,,,,,,,,,,,,,,,,,,,,,,,,,,,,,,,,,,,,,,,,,,,,,,,,,,,,
ds-125941,MEDIA,,,,,,6673aa_07dd95743429497ab678a1304a2e3612~mv2.jpg,,,,,,,,,,,,,,,,,,,,,,,,,,,,,,,,,,,,,,,,,,,,,,,,,,,,,,,,,,,,,,,,,,,,,,,,,,,,,,,,,,,,,
ds-125941,MEDIA,,,,,,6673aa_78852754a1cc4e61bc13ddc754e2cc09~mv2.jpg,,,,,,,,,,,,,,,,,,,,,,,,,,,,,,,,,,,,,,,,,,,,,,,,,,,,,,,,,,,,,,,,,,,,,,,,,,,,,,,,,,,,,
ds-125941,MEDIA,,,,,,6673aa_c2261168a79a4157b38a600e6ad7e832~mv2.jpg,,,,,,,,,,,,,,,,,,,,,,,,,,,,,,,,,,,,,,,,,,,,,,,,,,,,,,,,,,,,,,,,,,,,,,,,,,,,,,,,,,,,,
ds-131625,PRODUCT,Tissot PRX,true,"<p>Gehäuse und Band aus Edelstahl, Oberfläche: matt, automatisches Werk Powermatic 80, Saphirglas, Zifferblatt grün mit Datum, Durchmesser 40mm, Wasserdicht bis 10bar, 2 Jahre Garantie</p><p>Referenz: T137.407.11.091.00</p><p>Verfügbar in der Bijouterie Droz in Zofingen AG</p>",uhren;herrenuhren;tissot,,,,,Tissot,685,,,,,,380.2,1,false,,,131625,T137.407.11.091.00,,,,,,,,,,,,,,,,,,,,,,,,,,,,,,,,,,,,,,,,,,,,,,,,,,,,,,,,,,,,,,,,,,,,,
ds-131625,MEDIA,,,,,,6673aa_da0ff8e54db84de78ee35b413ce7fd72~mv2.png,,,,,,,,,,,,,,,,,,,,,,,,,,,,,,,,,,,,,,,,,,,,,,,,,,,,,,,,,,,,,,,,,,,,,,,,,,,,,,,,,,,,,
ds-131678,PRODUCT,Tissot PRX,true,"<p>Gehäuse und Band aus Edelstahl PVD gelb, Oberfläche: matt, Quarzwerk, Saphirglas, Durchmesser 25mm, Wasserdicht bis 10bar, 2 Jahre GarantieReferenz: T137.010.33.021.00Verfügbar in der Bijouterie Droz in Zofingen AG</p>",uhren;damenuhren;tissot,uhren,,,,Tissot,375,,,,,,208.15,1,false,,,131678,T137.010.33.021.00,,,,,,,,,,,,,,,,,,,,,,,,,,,,,,,,,,,,,,,,,,,,,,,,,,,,,,,,,,,,,,,,,,,,,
ds-131678,MEDIA,,,,,,6673aa_d76f85cafb204c2184c191efeae68918~mv2.png,,,,,,,,,,,,,,,,,,,,,,,,,,,,,,,,,,,,,,,,,,,,,,,,,,,,,,,,,,,,,,,,,,,,,,,,,,,,,,,,,,,,,
ds-130226,PRODUCT,Tissot Seastar 1000,true,"<p>Gehäuse und Band aus Edelstahl, Quartzwerk, Saphirglas, Zifferblatt schwarz, GMT, Durchmesser 40mm, Wasserdicht bis 30bar, Lünette aus Mineralglas grün, zwei Jahre Garantie</p><p>Referenz: T120.852.11.051.00</p><p>Verfügbar in der Bijouterie Droz in Zofingen AG</p>",uhren;herrenuhren;tissot,uhren,,,,Tissot,465,,,,,,258.1,1,false,,,130226,T120.852.11.051.00,,,,,,,,,,,,,,,,,,,,,,,,,,,,,,,,,,,,,,,,,,,,,,,,,,,,,,,,,,,,,,,,,,,,,
ds-130226,MEDIA,,,,,,6673aa_722242c22b8d43dba52fb1a5792a3a43~mv2.png,,,,,,,,,,,,,,,,,,,,,,,,,,,,,,,,,,,,,,,,,,,,,,,,,,,,,,,,,,,,,,,,,,,,,,,,,,,,,,,,,,,,,
ds-127289,PRODUCT,Tissot Bella Ora,true,"<p>Gehäuse aus Edelstahl mit Lederband schwarz oder rot, Quarzwerk, Saphirglas, Zifferblatt weiss, Durchmesser 38mm, Wasserdicht bis 3bar, zwei Jahre Garantie</p><p>Referenz: T103.210.16.018.00</p><p>Verfügbar in der Bijouterie Droz in Zofingen AG</p>",uhren;damenuhren;tissot,uhren,,,,Tissot,275,,,,,,115,1,false,,,127289,T103.210.16.018.00,,,,,,,,,,,,,,,,,,,,,,,,,,,,,,,,,,,,,,,,,,,,,,,,,,,,,,,,,,,,,,,,,,,,,
ds-127289,MEDIA,,,,,,6673aa_c7925198cc34491189b57fb237a88a51~mv2.png,,,,,,,,,,,,,,,,,,,,,,,,,,,,,,,,,,,,,,,,,,,,,,,,,,,,,,,,,,,,,,,,,,,,,,,,,,,,,,,,,,,,,
ds-127289,MEDIA,,,,,,6673aa_5bbc8892fd674f9186121318ec3f7336~mv2.jpg,,,,,,,,,,,,,,,,,,,,,,,,,,,,,,,,,,,,,,,,,,,,,,,,,,,,,,,,,,,,,,,,,,,,,,,,,,,,,,,,,,,,,
ds-127289,MEDIA,,,,,,6673aa_ee70797c9f2f4d5e8654206e927bfde5~mv2.jpg,,,,,,,,,,,,,,,,,,,,,,,,,,,,,,,,,,,,,,,,,,,,,,,,,,,,,,,,,,,,,,,,,,,,,,,,,,,,,,,,,,,,,
ds-122983,PRODUCT,Tissot Bellissima,true,"<p>Gehäuse aus Edelstahl PVD rosé mit Lederband dunkelbraun, Quartzwerk, Saphirglas, Zifferblatt silber/römisch, Wasserdicht bis 5bar, zwei Jahre GarantieReferenz: T126.010.36.013.00Verfügbar in der Bijouterie Droz in Zofingen AG</p>",uhren;damenuhren;tissot,,,,,Tissot,425,,,,,,235.9,1,false,,,122983,T126.010.36.013.00,,,,,,,,,,,,,,,,,,,,,,,,,,,,,,,,,,,,,,,,,,,,,,,,,,,,,,,,,,,,,,,,,,,,,
ds-122983,MEDIA,,,,,,6673aa_469fc10de2844409b91a67657ac728db~mv2.png,,,,,,,,,,,,,,,,,,,,,,,,,,,,,,,,,,,,,,,,,,,,,,,,,,,,,,,,,,,,,,,,,,,,,,,,,,,,,,,,,,,,,
ds-122983,MEDIA,,,,,,6673aa_f4be0f8449424ab691319d505967e1c3~mv2.jpg,,,,,,,,,,,,,,,,,,,,,,,,,,,,,,,,,,,,,,,,,,,,,,,,,,,,,,,,,,,,,,,,,,,,,,,,,,,,,,,,,,,,,
ds-122983,MEDIA,,,,,,6673aa_187eea87d3b84704ae0a2dcab34a3a88~mv2.jpg,,,,,,,,,,,,,,,,,,,,,,,,,,,,,,,,,,,,,,,,,,,,,,,,,,,,,,,,,,,,,,,,,,,,,,,,,,,,,,,,,,,,,
ds-122983,MEDIA,,,,,,6673aa_8f02190e28d541d2832e8c6b6339a658~mv2.jpg,,,,,,,,,,,,,,,,,,,,,,,,,,,,,,,,,,,,,,,,,,,,,,,,,,,,,,,,,,,,,,,,,,,,,,,,,,,,,,,,,,,,,
ds-128589,PRODUCT,Tissot Classic Dream,true,"<p>Gehäuse und Band aus Edelstahl bicolor matt/poliert, Quarzwerk, Saphirglas, Zifferblatt silber mit Index und Datum, Wasserdicht bis 5bar, Durchmesser 42mm, zwei Jahre Garantie</p><p>Referenz: T129.410.22.031.00</p><p>Verfügbar in der Bijouterie Droz in Zofingen AG</p>",uhren;herrenuhren;tissot,uhren,,,,Tissot,335,,,,,,164.35,1,false,,,128589,T129.410.22.031.00,,,,,,,,,,,,,,,,,,,,,,,,,,,,,,,,,,,,,,,,,,,,,,,,,,,,,,,,,,,,,,,,,,,,,
ds-128589,MEDIA,,,,,,6673aa_4b424a75a4ee4063b5f890d5d2402ecf~mv2.png,,,,,,,,,,,,,,,,,,,,,,,,,,,,,,,,,,,,,,,,,,,,,,,,,,,,,,,,,,,,,,,,,,,,,,,,,,,,,,,,,,,,,
ds-131887,PRODUCT,Tissot Ballade COSC Chronometer,true,"<p>Gehäuse und Band aus Edelstahl bicolor, automatisches Werk Chronometer, Saphirglas, Zifferblatt silber/römisch mit Datum, Durchmesser 39mm, Wasserdicht bis 10bar, 2 Jahre Garantie</p><p>Referenz: T156.408.22.033.00</p><p>Verfügbar in der Bijouterie Droz in Zofingen AG</p>",uhren;herrenuhren;tissot,uhren,,,,Tissot,995,,,,,,552.25,1,false,,,131887,T156.408.22.033.00,,,,,,,,,,,,,,,,,,,,,,,,,,,,,,,,,,,,,,,,,,,,,,,,,,,,,,,,,,,,,,,,,,,,,
ds-131887,MEDIA,,,,,,6673aa_846c8744f80f4aa99cfafd4b570299c8~mv2.png,,,,,,,,,,,,,,,,,,,,,,,,,,,,,,,,,,,,,,,,,,,,,,,,,,,,,,,,,,,,,,,,,,,,,,,,,,,,,,,,,,,,,
ds-127744,PRODUCT,Tissot Chemin des Tourelles,true,"<p>Gehäuse aus Edelstahl mit Lederband dunkelbraun, automatisches Werk, Saphirglas, Zifferblatt gold, Durchmesser 42mm, Wasserdicht bis 5bar, zwei Jahre Garantie</p><p>Referenz: T139.407.16.261.00</p><p>Verfügbar in der Bijouterie Droz in Zofingen AG</p>",uhren;herrenuhren;tissot,uhren,,,,Tissot,725,,,,,,403.9,1,false,,,127744,T139.407.16.261.00,,,,,,,,,,,,,,,,,,,,,,,,,,,,,,,,,,,,,,,,,,,,,,,,,,,,,,,,,,,,,,,,,,,,,
ds-127744,MEDIA,,,,,,6673aa_413e37b4563c42a3a818cff7d139b32b~mv2.png,,,,,,,,,,,,,,,,,,,,,,,,,,,,,,,,,,,,,,,,,,,,,,,,,,,,,,,,,,,,,,,,,,,,,,,,,,,,,,,,,,,,,
ds-127744,MEDIA,,,,,,6673aa_e9370ee6cd31486d9561bf02b6772791~mv2.jpg,,,,,,,,,,,,,,,,,,,,,,,,,,,,,,,,,,,,,,,,,,,,,,,,,,,,,,,,,,,,,,,,,,,,,,,,,,,,,,,,,,,,,
ds-127744,MEDIA,,,,,,6673aa_6d9e72039e3d4cab9f387f15750abeaf~mv2.jpg,,,,,,,,,,,,,,,,,,,,,,,,,,,,,,,,,,,,,,,,,,,,,,,,,,,,,,,,,,,,,,,,,,,,,,,,,,,,,,,,,,,,,
ds-127799,PRODUCT,Tissot Chemin des Tourelles,true,"<p>Gehäuse und Band aus Edelstahl, Oberfläche: matt/poliert, automatisches Werk, Saphirglas, Zifferblatt silber mit Index, Durchmesser 34mm, Wasserdicht bis 5bar, zwei Jahre Garantie</p><p>Referenz: T139.207.11.031.00</p><p>Verfügbar in der Bijouterie Droz in Zofingen AG</p>",uhren;damenuhren;tissot,uhren,,,,Tissot,795,,,,,,442.9,1,false,,,127799,T139.207.11.031.00,,,,,,,,,,,,,,,,,,,,,,,,,,,,,,,,,,,,,,,,,,,,,,,,,,,,,,,,,,,,,,,,,,,,,
ds-127799,MEDIA,,,,,,6673aa_7a3ee50b470d46148828970f7a702784~mv2.png,,,,,,,,,,,,,,,,,,,,,,,,,,,,,,,,,,,,,,,,,,,,,,,,,,,,,,,,,,,,,,,,,,,,,,,,,,,,,,,,,,,,,
ds-127799,MEDIA,,,,,,6673aa_ee78bf6e23534194a71dc8e406f8f325~mv2.jpg,,,,,,,,,,,,,,,,,,,,,,,,,,,,,,,,,,,,,,,,,,,,,,,,,,,,,,,,,,,,,,,,,,,,,,,,,,,,,,,,,,,,,
ds-127799,MEDIA,,,,,,6673aa_330028a760f9433b9ed3f9a092507f12~mv2.jpg,,,,,,,,,,,,,,,,,,,,,,,,,,,,,,,,,,,,,,,,,,,,,,,,,,,,,,,,,,,,,,,,,,,,,,,,,,,,,,,,,,,,,
ds-127844,PRODUCT,Tissot Chemin des Tourelles,true,"<p>Gehäuse und Band aus Edelstahl, automatisches Werk, Saphirglas, Zifferblatt anthrazit mit Index und Datum, Durchmesser 39mm, Wasserdicht bis 5bar, zwei Jahre Garantie</p><p>Referenz: T139.807.11.061.00</p><p>Verfügbar in der Bijouterie Droz in Zofingen AG</p>",uhren;herrenuhren;tissot,uhren,,,,Tissot,795,,,,,,442.9,1,false,,,127844,T139.807.11.061.00,,,,,,,,,,,,,,,,,,,,,,,,,,,,,,,,,,,,,,,,,,,,,,,,,,,,,,,,,,,,,,,,,,,,,
ds-127844,MEDIA,,,,,,6673aa_9dbe37d176164d2e99f5099cf2bb06b5~mv2.png,,,,,,,,,,,,,,,,,,,,,,,,,,,,,,,,,,,,,,,,,,,,,,,,,,,,,,,,,,,,,,,,,,,,,,,,,,,,,,,,,,,,,
ds-130227,PRODUCT,Tissot Chemin des Tourelles,true,"<p>Gehäuse und Band aus Stahl, automatisches Powermatic 80 Werk, Saphirglas, Zifferblatt silber römisch/Index, Durchmesser 42mm, Wasserdicht bis 5bar, zwei Jahre GarantieReferenz: T139.407.11.038.00Verfügbar in der Bijouterie Droz in Zofingen AG</p>",uhren;herrenuhren;tissot,uhren,,,,Tissot,795,,,,,,441.25,1,false,,,130227,T139.407.11.038.00,,,,,,,,,,,,,,,,,,,,,,,,,,,,,,,,,,,,,,,,,,,,,,,,,,,,,,,,,,,,,,,,,,,,,
ds-130227,MEDIA,,,,,,6673aa_7d11fc742f92413ab556c95efec9f236~mv2.png,,,,,,,,,,,,,,,,,,,,,,,,,,,,,,,,,,,,,,,,,,,,,,,,,,,,,,,,,,,,,,,,,,,,,,,,,,,,,,,,,,,,,
ds-128280,PRODUCT,Tissot PR 100,true,"<p>Band und Gehäuse in Edelstahl, Perlmutt Zifferblatt mit 12 Diamanten 0,045ct Top Wesselton vsi, Saphirglas, Durchmesser 36mm, Wasserdicht 10 bar, 2 Jahre GarantieReferenz: T101.910.11.116.00Verfügbar in der Bijouterie Droz in Zofingen AG</p>",uhren;damenuhren;tissot,uhren,,,,Tissot,475,,,,,,264.6,1,false,,,128280,T101.910.11.116.00,,,,,,,,,,,,,,,,,,,,,,,,,,,,,,,,,,,,,,,,,,,,,,,,,,,,,,,,,,,,,,,,,,,,,
ds-128280,MEDIA,,,,,,6673aa_a66baddcef7643d08285761fb77c213b~mv2.png,,,,,,,,,,,,,,,,,,,,,,,,,,,,,,,,,,,,,,,,,,,,,,,,,,,,,,,,,,,,,,,,,,,,,,,,,,,,,,,,,,,,,
ds-128280,MEDIA,,,,,,6673aa_d628907e342848508c5d8c26fd7fa6ea~mv2.jpg,,,,,,,,,,,,,,,,,,,,,,,,,,,,,,,,,,,,,,,,,,,,,,,,,,,,,,,,,,,,,,,,,,,,,,,,,,,,,,,,,,,,,
ds-128280,MEDIA,,,,,,6673aa_a684aa2493904be3a50a4b6e3773a9fd~mv2.jpg,,,,,,,,,,,,,,,,,,,,,,,,,,,,,,,,,,,,,,,,,,,,,,,,,,,,,,,,,,,,,,,,,,,,,,,,,,,,,,,,,,,,,
ds-129541,PRODUCT,Tissot PR100,true,"<p>Edelstahlgehäuse und -band PVD vergoldet, Perlmuttzifferblatt mit 12 Diamanten 8/8 Schliff TW vs/si 0.045ct, Quarzwerk, Saphirglas, 10bar Wasserdicht, zwei Jahre GarantieReferenz: T101.910.22.111.00Verfügbar in der Bijouterie Droz in Zofingen AG</p>",uhren;damenuhren;tissot,uhren,,,,Tissot,425,,,,,,235.9,1,false,,,129541,T101.910.22.111.00,,,,,,,,,,,,,,,,,,,,,,,,,,,,,,,,,,,,,,,,,,,,,,,,,,,,,,,,,,,,,,,,,,,,,
ds-129541,MEDIA,,,,,,6673aa_336533d7bbbc4bc580244e62d44bd65b~mv2.png,,,,,,,,,,,,,,,,,,,,,,,,,,,,,,,,,,,,,,,,,,,,,,,,,,,,,,,,,,,,,,,,,,,,,,,,,,,,,,,,,,,,,
ds-130193,PRODUCT,Tissot PR 100,true,"<p>Gehäuse aus Edelstahl mit Lederband schwarz, Quarzwerk, Saphirglas, Zifferblatt schwarz mit Index und Datum, Durchmesser 40mm, Wasserdicht bis 10bar, zwei Jahre Garantie</p><p>Referenz: T150.410.16.051.00</p><p>Verfügbar in der Bijouterie Droz in Zofingen AG</p>",uhren;herrenuhren;tissot,uhren,,,,Tissot,265,,,,,,147.1,1,false,,,130193,T150.410.16.051.00,,,,,,,,,,,,,,,,,,,,,,,,,,,,,,,,,,,,,,,,,,,,,,,,,,,,,,,,,,,,,,,,,,,,,
ds-130193,MEDIA,,,,,,6673aa_c11ef702be634c2692b983772c2d8dd6~mv2.png,,,,,,,,,,,,,,,,,,,,,,,,,,,,,,,,,,,,,,,,,,,,,,,,,,,,,,,,,,,,,,,,,,,,,,,,,,,,,,,,,,,,,
ds-130230,PRODUCT,Tissot PR 100,true,"<p>Gehäuse und Band aus Edelstahl PVD bicolor gelb, Quarzwerk Chrono, Saphirglas, Zifferblatt silber mit Index und Datum, Durchmesser 40mm, Wasserdicht bis 10bar, zwei Jahre Garantie</p><p>Referenz: T150.417.22.031.00</p><p>Verfügbar in der Bijouterie Droz in Zofingen AG</p>",uhren;herrenuhren;tissot,uhren,,,,Tissot,395,,,,,,219.25,1,false,,,130230,T150.417.22.031.00,,,,,,,,,,,,,,,,,,,,,,,,,,,,,,,,,,,,,,,,,,,,,,,,,,,,,,,,,,,,,,,,,,,,,
ds-130230,MEDIA,,,,,,6673aa_04e3739cc14b4d0985b53bcaed8744c7~mv2.png,,,,,,,,,,,,,,,,,,,,,,,,,,,,,,,,,,,,,,,,,,,,,,,,,,,,,,,,,,,,,,,,,,,,,,,,,,,,,,,,,,,,,
ds-131882,PRODUCT,Tissot PR 100,true,"<p>Gehäuse und Band aus Edelstahl, Oberfläche: matt/poliert, Quartzwerk Chrono, Saphirglas, Zifferblatt silber/blau mit Datum, Durchmesser 40mm, Wasserdicht bis 10bar, 2 Jahre Garantie Referenz: T150.417.11.011.00</p><p>Verfügbar in der Bijouterie Droz in Zofingen AG</p>",uhren;herrenuhren;tissot,uhren,,,,Tissot,365,,,,,,202.6,1,false,,,131882,T150.417.11.011.00,,,,,,,,,,,,,,,,,,,,,,,,,,,,,,,,,,,,,,,,,,,,,,,,,,,,,,,,,,,,,,,,,,,,,
ds-131882,MEDIA,,,,,,6673aa_2f7a68906e9c4106b1f122b7f9cf51e6~mv2.png,,,,,,,,,,,,,,,,,,,,,,,,,,,,,,,,,,,,,,,,,,,,,,,,,,,,,,,,,,,,,,,,,,,,,,,,,,,,,,,,,,,,,
ds-131683,PRODUCT,Tissot PRC 100 Solar,true,"<p>Gehäuse und Band aus Edelstahl PVD gelb, Quartz-Solar Werk, Saphirglas, Zifferblatt gelb mit Index und Datum, Durchmesser 34mm, Wasserdicht bis 10bar - 2 Jahre Garantie </p><p>Referenz: T151.822.33.021.00 </p><p>Verfügbar in der Bijouterie Droz in Zofingen AG</p>",uhren;damenuhren;tissot,uhren,,,,Tissot,545,,,,,,302.5,1,false,,,131683,T151.822.33.021.00,,,,,,,,,,,,,,,,,,,,,,,,,,,,,,,,,,,,,,,,,,,,,,,,,,,,,,,,,,,,,,,,,,,,,
ds-131683,MEDIA,,,,,,6673aa_ff40941cb3dd4b9086144a7ae847a936~mv2.png,,,,,,,,,,,,,,,,,,,,,,,,,,,,,,,,,,,,,,,,,,,,,,,,,,,,,,,,,,,,,,,,,,,,,,,,,,,,,,,,,,,,,
ds-131735,PRODUCT,Tissot PRC 100 Solar,true,"<p>Gehäuse und Band aus Edelstahl PVD schwarz, Solarwerk, Durchmesser 39mm, Saphirglas, Zifferblatt schwarz mit Datum und Index, Wasserdicht bis 10bar, zwei Jahre GarantieReferenz: T151.422.33.051.00Verfügbar in der Bijouterie Droz in Zofingen AG</p>",uhren;herrenuhren;tissot,uhren,,,,Tissot,495,,,,,,274,1,false,,,131735,T151.422.33.051.00,,,,,,,,,,,,,,,,,,,,,,,,,,,,,,,,,,,,,,,,,,,,,,,,,,,,,,,,,,,,,,,,,,,,,
ds-131735,MEDIA,,,,,,6673aa_449fd35894d84257af45c0c95036293b~mv2.png,,,,,,,,,,,,,,,,,,,,,,,,,,,,,,,,,,,,,,,,,,,,,,,,,,,,,,,,,,,,,,,,,,,,,,,,,,,,,,,,,,,,,
ds-133676,PRODUCT,Tissot PR 100,true,"<p>Gehäuse und Band aus Edelstahl schwarz, Quarzwerk, Chrono Saphirglas, Zifferblatt schwarz, Durchmesser 40mm, Wasserdicht bis 10bar, zwei Jahre GarantieReferenz: T101.417.33.051.00Verfügbar in der Bijouterie Droz in Zofingen AG</p>",uhren;herrenuhren;tissot,uhren,,,,Tissot,445,,,,,,247.9,1,false,,,133676,T101.417.33.051.00,,,,,,,,,,,,,,,,,,,,,,,,,,,,,,,,,,,,,,,,,,,,,,,,,,,,,,,,,,,,,,,,,,,,,
ds-133676,MEDIA,,,,,,6673aa_febab3b933e24f0ab4f847c2b67aeca4~mv2.png,,,,,,,,,,,,,,,,,,,,,,,,,,,,,,,,,,,,,,,,,,,,,,,,,,,,,,,,,,,,,,,,,,,,,,,,,,,,,,,,,,,,,
ds-125869,PRODUCT,Tissot Bellissima,true,"<p>Gehäuse aus Edelstahl mit einem Lederband schwarz, Quarzwerk, Saphirglas, Zifferblatt silber/römisch mit Datumsanzeige, Durchmesser: 25mm, Wasserdicht bis 5bar, zwei Jahre GarantieReferenz: T126.010.16.013.00Verfügbar in der Bijouterie Droz in Zofingen AG</p>",uhren;damenuhren;tissot,uhren,,,,Tissot,375,,,,,,208.9,1,false,,,125869,T126.010.16.013.00,,,,,,,,,,,,,,,,,,,,,,,,,,,,,,,,,,,,,,,,,,,,,,,,,,,,,,,,,,,,,,,,,,,,,
ds-125869,MEDIA,,,,,,6673aa_aa03d7d381ca4a828888135307657f78~mv2.png,,,,,,,,,,,,,,,,,,,,,,,,,,,,,,,,,,,,,,,,,,,,,,,,,,,,,,,,,,,,,,,,,,,,,,,,,,,,,,,,,,,,,
ds-125869,MEDIA,,,,,,6673aa_319cd37c191049d2b7efe50fb993ed72~mv2.jpg,,,,,,,,,,,,,,,,,,,,,,,,,,,,,,,,,,,,,,,,,,,,,,,,,,,,,,,,,,,,,,,,,,,,,,,,,,,,,,,,,,,,,
ds-129150,PRODUCT,Rado Captain Cook,true,"<p>Gehäuse und Band aus Keramik olivgrün / rosévergoldet, Oberfläche: matt, automatisches Uhrwerk mit 80h Gangreserve, Saphirglas, Skeleton, Durchmesser 43mm, Faltschliesse aus Titan, Wasserdicht bis 30bar, fünf Jahre GarantieReferenz: R32150162Verfügbar in der Bijouterie Droz in Zofingen AG</p>",uhren;herrenuhren;rado,uhren,,,,Rado,4250,,,,,,2380,1,false,,,129150,R32150162,,,,,,,,,,,,,,,,,,,,,,,,,,,,,,,,,,,,,,,,,,,,,,,,,,,,,,,,,,,,,,,,,,,,,
ds-129150,MEDIA,,,,,,6673aa_3ebe06c5fccf44a7914b770164ac804b~mv2.png,,,,,,,,,,,,,,,,,,,,,,,,,,,,,,,,,,,,,,,,,,,,,,,,,,,,,,,,,,,,,,,,,,,,,,,,,,,,,,,,,,,,,
ds-129150,MEDIA,,,,,,6673aa_2627039c6b8d48d6bd69fcde20d9b84d~mv2.png,,,,,,,,,,,,,,,,,,,,,,,,,,,,,,,,,,,,,,,,,,,,,,,,,,,,,,,,,,,,,,,,,,,,,,,,,,,,,,,,,,,,,
ds-129150,MEDIA,,,,,,6673aa_4762e172354a44b79a415c0cb812348d~mv2.png,,,,,,,,,,,,,,,,,,,,,,,,,,,,,,,,,,,,,,,,,,,,,,,,,,,,,,,,,,,,,,,,,,,,,,,,,,,,,,,,,,,,,
ds-129150,MEDIA,,,,,,6673aa_5269162c52bf4570b1b70e5adf869e95~mv2.png,,,,,,,,,,,,,,,,,,,,,,,,,,,,,,,,,,,,,,,,,,,,,,,,,,,,,,,,,,,,,,,,,,,,,,,,,,,,,,,,,,,,,
ds-129150,MEDIA,,,,,,6673aa_8ba23da4aada4fa29242db090152d671~mv2.png,,,,,,,,,,,,,,,,,,,,,,,,,,,,,,,,,,,,,,,,,,,,,,,,,,,,,,,,,,,,,,,,,,,,,,,,,,,,,,,,,,,,,
ds-111132,PRODUCT,Rado True S,true,"<p>Gehäuse und Band aus Keramik schwarz, Quarzwerk, Saphirglas, Zifferblatt schwarz jubilé, Faltschliesse aus Titan, Wasserdicht bis 5bar, fünf Jahre GarantieReferenz: R27059712Verfügbar in der Bijouterie Droz in Zofingen AG</p>",uhren;damenuhren;rado,uhren,,,,Rado,1700,,,,,,952,1,false,,,111132,R27059712,,,,,,,,,,,,,,,,,,,,,,,,,,,,,,,,,,,,,,,,,,,,,,,,,,,,,,,,,,,,,,,,,,,,,
ds-111132,MEDIA,,,,,,6673aa_aeef265f104c463496bc73fcd1d472f1~mv2.png,,,,,,,,,,,,,,,,,,,,,,,,,,,,,,,,,,,,,,,,,,,,,,,,,,,,,,,,,,,,,,,,,,,,,,,,,,,,,,,,,,,,,
ds-126925,PRODUCT,Rado True Square,true,"<p>Gehäuse und Band aus Keramik weiss, automatisches Werk, Zifferblatt weiss mit 12 Brillanten, Skeleton, Wasserdicht bis 5bar, fünf Jahre GarantieReferenz: R27073702Verfügbar in der Bijouterie Droz in Zofingen AG</p>",uhren;damenuhren;rado,uhren,,,,Rado,3050,,,,,,1623,1,false,,,126925,R27073702,,,,,,,,,,,,,,,,,,,,,,,,,,,,,,,,,,,,,,,,,,,,,,,,,,,,,,,,,,,,,,,,,,,,,
ds-126925,MEDIA,,,,,,6673aa_3f579c49ff2742f7b3bbe14d8fd92416~mv2.png,,,,,,,,,,,,,,,,,,,,,,,,,,,,,,,,,,,,,,,,,,,,,,,,,,,,,,,,,,,,,,,,,,,,,,,,,,,,,,,,,,,,,
ds-126925,MEDIA,,,,,,6673aa_4333ddf644024d7fb9d7f54c59db4a02~mv2.png,,,,,,,,,,,,,,,,,,,,,,,,,,,,,,,,,,,,,,,,,,,,,,,,,,,,,,,,,,,,,,,,,,,,,,,,,,,,,,,,,,,,,
ds-126925,MEDIA,,,,,,6673aa_ab37aa816ccc44b49ea54789c89aaafe~mv2.png,,,,,,,,,,,,,,,,,,,,,,,,,,,,,,,,,,,,,,,,,,,,,,,,,,,,,,,,,,,,,,,,,,,,,,,,,,,,,,,,,,,,,
ds-126925,MEDIA,,,,,,6673aa_a657b4e9e6bc489bba221f3e86f060a2~mv2.png,,,,,,,,,,,,,,,,,,,,,,,,,,,,,,,,,,,,,,,,,,,,,,,,,,,,,,,,,,,,,,,,,,,,,,,,,,,,,,,,,,,,,
ds-129099,PRODUCT,Rado True Square Skeleton,true,"<p>Gehäuse und Band aus Keramik schwarz, automatisches Uhrwerk mit 80h Gangreserve, Saphirglas, Zifferblatt skeletiert, Special Edition Kunihiko Morinaga, Wasserdicht bis 5bar, fünf Jahre GarantieReferenz: R27086172Verfügbar in der Bijouterie Droz in Zofingen AG</p>",uhren;herrenuhren;rado,uhren,,,,Rado,2600,,,,,,1456,1,false,,,129099,R27086172,,,,,,,,,,,,,,,,,,,,,,,,,,,,,,,,,,,,,,,,,,,,,,,,,,,,,,,,,,,,,,,,,,,,,
ds-129099,MEDIA,,,,,,6673aa_ef6b9d8609d042f88fa73ee5fcd41e01~mv2.png,,,,,,,,,,,,,,,,,,,,,,,,,,,,,,,,,,,,,,,,,,,,,,,,,,,,,,,,,,,,,,,,,,,,,,,,,,,,,,,,,,,,,
ds-129099,MEDIA,,,,,,6673aa_eef5ee6454cb4cf9a24052cd79866b58~mv2.png,,,,,,,,,,,,,,,,,,,,,,,,,,,,,,,,,,,,,,,,,,,,,,,,,,,,,,,,,,,,,,,,,,,,,,,,,,,,,,,,,,,,,
ds-129099,MEDIA,,,,,,6673aa_9b538463ed664da49ee991dd55cda3cb~mv2.png,,,,,,,,,,,,,,,,,,,,,,,,,,,,,,,,,,,,,,,,,,,,,,,,,,,,,,,,,,,,,,,,,,,,,,,,,,,,,,,,,,,,,
ds-129099,MEDIA,,,,,,6673aa_82335f2f6efc4d18873f70625a495ede~mv2.png,,,,,,,,,,,,,,,,,,,,,,,,,,,,,,,,,,,,,,,,,,,,,,,,,,,,,,,,,,,,,,,,,,,,,,,,,,,,,,,,,,,,,
ds-129099,MEDIA,,,,,,6673aa_968726fb098f4d33b93e54d354455af3~mv2.png,,,,,,,,,,,,,,,,,,,,,,,,,,,,,,,,,,,,,,,,,,,,,,,,,,,,,,,,,,,,,,,,,,,,,,,,,,,,,,,,,,,,,
ds-130948,PRODUCT,Rado True Square Skeleton,true,"<p>Gehäuse und Band aus Plasma High-Tech Ceramic grau matt, automatisches Werk, Saphirglas mit beidseitiger Antireflektionsbeschichtung, Durchmesser 38mm, Wasserdicht bis 5bar, 5 Jahre GarantieReferenz: R27196152Verfügbar in der Bijouterie Droz in Zofingen AG</p>",uhren;herrenuhren;rado,uhren,,,,Rado,2900,,,,,,1624,1,false,,,130948,R27196152,,,,,,,,,,,,,,,,,,,,,,,,,,,,,,,,,,,,,,,,,,,,,,,,,,,,,,,,,,,,,,,,,,,,,
ds-130948,MEDIA,,,,,,6673aa_3d1e6116d48f40c8a5da54f026b7661d~mv2.png,,,,,,,,,,,,,,,,,,,,,,,,,,,,,,,,,,,,,,,,,,,,,,,,,,,,,,,,,,,,,,,,,,,,,,,,,,,,,,,,,,,,,
ds-130948,MEDIA,,,,,,6673aa_2f5b9ab7c5924298bd1962a95a148525~mv2.png,,,,,,,,,,,,,,,,,,,,,,,,,,,,,,,,,,,,,,,,,,,,,,,,,,,,,,,,,,,,,,,,,,,,,,,,,,,,,,,,,,,,,
ds-130948,MEDIA,,,,,,6673aa_55663e0a49a14574a4f23935aab79992~mv2.png,,,,,,,,,,,,,,,,,,,,,,,,,,,,,,,,,,,,,,,,,,,,,,,,,,,,,,,,,,,,,,,,,,,,,,,,,,,,,,,,,,,,,
ds-130948,MEDIA,,,,,,6673aa_2ddac92c5941437cbc89db3f8c1f4bd0~mv2.png,,,,,,,,,,,,,,,,,,,,,,,,,,,,,,,,,,,,,,,,,,,,,,,,,,,,,,,,,,,,,,,,,,,,,,,,,,,,,,,,,,,,,
ds-130948,MEDIA,,,,,,6673aa_d689e852d87a4641b916b83ec91a6cc6~mv2.png,,,,,,,,,,,,,,,,,,,,,,,,,,,,,,,,,,,,,,,,,,,,,,,,,,,,,,,,,,,,,,,,,,,,,,,,,,,,,,,,,,,,,
ds-133627,PRODUCT,Rado True Square S,true,"<p>Gehäuse und Band aus Keramik rosa mit Titanverschluss und Titanboden, Quartzwerk, Saphirglas, Zifferblatt Perlmutt jubilé, Durchmesser 29mm, Wasserdicht bis 5bar, 5 Jahre GarantieReferenz: R27181902Verfügbar in der Bijouterie Droz in Zofingen AG</p>",uhren;damenuhren;rado,uhren,,,,Rado,1950,,,,,,1092,1,false,,,133627,R27181902,,,,,,,,,,,,,,,,,,,,,,,,,,,,,,,,,,,,,,,,,,,,,,,,,,,,,,,,,,,,,,,,,,,,,
ds-133627,MEDIA,,,,,,6673aa_6e83133a43734d149045a8aeb26e4cc5~mv2.png,,,,,,,,,,,,,,,,,,,,,,,,,,,,,,,,,,,,,,,,,,,,,,,,,,,,,,,,,,,,,,,,,,,,,,,,,,,,,,,,,,,,,
ds-126864,PRODUCT,Rado Original DiaStar 60 Year Anniversary Edition,true,"<p>Gehäuse aus Edelstahl mit einer Ceramos Lünette, Oberfläche: matt, Milanaise Uhrenband aus Edelstahl mit einer Faltschliesse, Oberfläche: matt, automatisches Uhrwerk mit Nivachrom und 80Std. Gangreserve, Saphirglas mit hexagonalen Facetten, Zifferblatt silber mit Datums- und Tagesanzeige, Zeiger und Index mit Super-LumiNova, Durchmesser: 38mm, inkl. Textilarmband grau, Wasserdicht bis 10bar, fünf Jahre Garantie Die DiaStar Original 60-Year Anniversary wurde in Zusammenarbeit mit dem Schweizer Designer Alfredo Häberli kreiert.Referenz: R12163118Verfügbar in der Bijouterie Droz in Zofingen AG</p>",uhren;herrenuhren;rado,,,,,Rado,1950,,,,,,1092,1,false,,,126864,R12163118,,,,,,,,,,,,,,,,,,,,,,,,,,,,,,,,,,,,,,,,,,,,,,,,,,,,,,,,,,,,,,,,,,,,,
ds-126864,MEDIA,,,,,,6673aa_919d976e1ed34f86ad934e9d1af79904~mv2.png,,,,,,,,,,,,,,,,,,,,,,,,,,,,,,,,,,,,,,,,,,,,,,,,,,,,,,,,,,,,,,,,,,,,,,,,,,,,,,,,,,,,,
ds-126864,MEDIA,,,,,,6673aa_b39f5f9179a142fbb552581289204e43~mv2.png,,,,,,,,,,,,,,,,,,,,,,,,,,,,,,,,,,,,,,,,,,,,,,,,,,,,,,,,,,,,,,,,,,,,,,,,,,,,,,,,,,,,,
ds-126864,MEDIA,,,,,,6673aa_6a55e5dd0f3c4cc8bca2b0f017155247~mv2.png,,,,,,,,,,,,,,,,,,,,,,,,,,,,,,,,,,,,,,,,,,,,,,,,,,,,,,,,,,,,,,,,,,,,,,,,,,,,,,,,,,,,,
ds-126864,MEDIA,,,,,,6673aa_c564596b87bc4825ac07807cd0d7dadd~mv2.png,,,,,,,,,,,,,,,,,,,,,,,,,,,,,,,,,,,,,,,,,,,,,,,,,,,,,,,,,,,,,,,,,,,,,,,,,,,,,,,,,,,,,
ds-126864,MEDIA,,,,,,6673aa_8858ef4526d54f909935466ae96432ec~mv2.png,,,,,,,,,,,,,,,,,,,,,,,,,,,,,,,,,,,,,,,,,,,,,,,,,,,,,,,,,,,,,,,,,,,,,,,,,,,,,,,,,,,,,
ds-126864,MEDIA,,,,,,6673aa_54488ff2d5dc4771a6f2fd5a87ee316b~mv2.png,,,,,,,,,,,,,,,,,,,,,,,,,,,,,,,,,,,,,,,,,,,,,,,,,,,,,,,,,,,,,,,,,,,,,,,,,,,,,,,,,,,,,
ds-126864,MEDIA,,,,,,6673aa_87d479b0e6be421296c5b6014dfe31b5~mv2.png,,,,,,,,,,,,,,,,,,,,,,,,,,,,,,,,,,,,,,,,,,,,,,,,,,,,,,,,,,,,,,,,,,,,,,,,,,,,,,,,,,,,,
ds-126864,MEDIA,,,,,,6673aa_346e8381a78b4246953771d03bb80a37~mv2.png,,,,,,,,,,,,,,,,,,,,,,,,,,,,,,,,,,,,,,,,,,,,,,,,,,,,,,,,,,,,,,,,,,,,,,,,,,,,,,,,,,,,,
ds-126864,MEDIA,,,,,,6673aa_36e6a1cb97fc4bd888a19bd1f43b7193~mv2.png,,,,,,,,,,,,,,,,,,,,,,,,,,,,,,,,,,,,,,,,,,,,,,,,,,,,,,,,,,,,,,,,,,,,,,,,,,,,,,,,,,,,,
ds-131691,PRODUCT,Rado La Coupole,true,"<p>Gehäuse und Band aus Keramik schwarz und Edelstahl, Oberfläche: poliert, Durchmesser 31mm, Saphirglas, Zifferblatt schwarze Wellen mit 11 Brillanten, Wasserdicht bis 5bar, 5 Jahre Garantie Referenz: R22243703</p><p>Verfügbar in der Bijouterie Droz in Zofingen AG</p>",uhren;damenuhren;rado,,,,,Rado,2800,,,,,,1568,1,false,,,131691,R22243703,,,,,,,,,,,,,,,,,,,,,,,,,,,,,,,,,,,,,,,,,,,,,,,,,,,,,,,,,,,,,,,,,,,,,
ds-131691,MEDIA,,,,,,6673aa_71d326f3727349f2a24c7b3cffe76895~mv2.png,,,,,,,,,,,,,,,,,,,,,,,,,,,,,,,,,,,,,,,,,,,,,,,,,,,,,,,,,,,,,,,,,,,,,,,,,,,,,,,,,,,,,
ds-115339,PRODUCT,Rado Centrix Skeleton rosé,true,"<p>Rado Centrix Skeleton, Gehäuse und Band aus Edelstahl PVD rosé mit Keramik weiss, automatisches Werk, Zifferblatt Perlmutt mit Brillanten, Wasserdicht bis 3bar, fünf Jahre Garantie</p><p>Referenz: R30248902</p><p>Verfügbar in der Bijouterie Droz in Zofingen AG</p>",uhren;damenuhren;rado,uhren,,,,Rado,2500,,,,,,1315,1,false,,,115339,R30248902,,,,,,,,,,,,,,,,,,,,,,,,,,,,,,,,,,,,,,,,,,,,,,,,,,,,,,,,,,,,,,,,,,,,,
ds-115339,MEDIA,,,,,,6673aa_5498382ef2724d28b3da0f80c39f1f54~mv2.jpg,,,,,,,,,,,,,,,,,,,,,,,,,,,,,,,,,,,,,,,,,,,,,,,,,,,,,,,,,,,,,,,,,,,,,,,,,,,,,,,,,,,,,
ds-128101,PRODUCT,Rado Centrix,true,"<p>Gehäuse aus Edelstahl PVD gelb, Band aus Edelstahl PVD gelb und Keramik schwarz, Quarzwerk, Saphirglas, Zifferblatt schwarz/jubilé, Durchmesser 28mm, Wasserdicht bis 5bar, fünf Jahre Garantie</p><p>Referenz: R30025712</p><p>Verfügbar in der Bijouterie Droz in Zofingen AG</p>",uhren;damenuhren;rado,,,,,Rado,1850,,,,,,1036,1,false,,,128101,R30025712,,,,,,,,,,,,,,,,,,,,,,,,,,,,,,,,,,,,,,,,,,,,,,,,,,,,,,,,,,,,,,,,,,,,,
ds-128101,MEDIA,,,,,,6673aa_7544763dacef4b6fb6a159591c887e8f~mv2.png,,,,,,,,,,,,,,,,,,,,,,,,,,,,,,,,,,,,,,,,,,,,,,,,,,,,,,,,,,,,,,,,,,,,,,,,,,,,,,,,,,,,,
ds-128101,MEDIA,,,,,,6673aa_ceeff39f2c364685ab4f6e73828cd62e~mv2.png,,,,,,,,,,,,,,,,,,,,,,,,,,,,,,,,,,,,,,,,,,,,,,,,,,,,,,,,,,,,,,,,,,,,,,,,,,,,,,,,,,,,,
ds-128101,MEDIA,,,,,,6673aa_63a5449ed1e640c993bf657d0d83f7dd~mv2.png,,,,,,,,,,,,,,,,,,,,,,,,,,,,,,,,,,,,,,,,,,,,,,,,,,,,,,,,,,,,,,,,,,,,,,,,,,,,,,,,,,,,,
ds-128101,MEDIA,,,,,,6673aa_201fa666e6844b789ed8dcc63c4de58d~mv2.png,,,,,,,,,,,,,,,,,,,,,,,,,,,,,,,,,,,,,,,,,,,,,,,,,,,,,,,,,,,,,,,,,,,,,,,,,,,,,,,,,,,,,
ds-128101,MEDIA,,,,,,6673aa_dfa74a13717a476cb1f6c93c8770b9cd~mv2.png,,,,,,,,,,,,,,,,,,,,,,,,,,,,,,,,,,,,,,,,,,,,,,,,,,,,,,,,,,,,,,,,,,,,,,,,,,,,,,,,,,,,,
ds-128169,PRODUCT,Rado Centrix,true,"<p>Edelstahlgehäuse und Band PVD gelb mit Keramik Zwischenteilen schwarz, Quarzwerk, Zifferblatt schwarz mit Index und Datumsanzeige, Saphirglas, Edelstahlverschluss, Durchmesser: 39.5mm, 5bar Wasserdicht, fünf Jahre GarantieReferenz: R30022152Verfügbar in der Bijouterie Droz in Zofingen AG</p>",uhren;rado;herrenuhren,uhren,,,,Rado,1700,,,,,,924,1,false,,,128169,R30022152,,,,,,,,,,,,,,,,,,,,,,,,,,,,,,,,,,,,,,,,,,,,,,,,,,,,,,,,,,,,,,,,,,,,,
ds-128169,MEDIA,,,,,,6673aa_b1ccf142f8ca47c98d075b47c54d2233~mv2.png,,,,,,,,,,,,,,,,,,,,,,,,,,,,,,,,,,,,,,,,,,,,,,,,,,,,,,,,,,,,,,,,,,,,,,,,,,,,,,,,,,,,,
ds-128169,MEDIA,,,,,,6673aa_96f21978f19f430b9347f39811d9ab38~mv2.png,,,,,,,,,,,,,,,,,,,,,,,,,,,,,,,,,,,,,,,,,,,,,,,,,,,,,,,,,,,,,,,,,,,,,,,,,,,,,,,,,,,,,
ds-128169,MEDIA,,,,,,6673aa_f5e71914a49d4547b5ac62e96db4a6bd~mv2.png,,,,,,,,,,,,,,,,,,,,,,,,,,,,,,,,,,,,,,,,,,,,,,,,,,,,,,,,,,,,,,,,,,,,,,,,,,,,,,,,,,,,,
ds-128169,MEDIA,,,,,,6673aa_7da2cd29c094411d95be15648daa974e~mv2.png,,,,,,,,,,,,,,,,,,,,,,,,,,,,,,,,,,,,,,,,,,,,,,,,,,,,,,,,,,,,,,,,,,,,,,,,,,,,,,,,,,,,,
ds-128169,MEDIA,,,,,,6673aa_1b67e3910e7444e3b8a379c06f6f7bee~mv2.png,,,,,,,,,,,,,,,,,,,,,,,,,,,,,,,,,,,,,,,,,,,,,,,,,,,,,,,,,,,,,,,,,,,,,,,,,,,,,,,,,,,,,
ds-129499,PRODUCT,Rado Centrix M Open Heart,true,"<p>Edelstahlgehäuse und Band PVD rosé mit Keramik Zwischenteilen weiss, automatisches Uhrwerk mit 80h Gangreserve, Zifferblatt Perlmutt mit 12 Diamanten im Brillantschliff Top Wesselton vs-si 0.051ct, Saphirglas, Edelstahlverschluss, Durchmesser: 35mm, 5bar Wasserdicht, fünf Jahre GarantieReferenz: R30029922Verfügbar in der Bijouterie Droz in Zofingen AG</p>",damenuhren;uhren;rado,uhren,,,,Rado,3050,,,,,,1708,1,false,,,129499,R30029922,,,,,,,,,,,,,,,,,,,,,,,,,,,,,,,,,,,,,,,,,,,,,,,,,,,,,,,,,,,,,,,,,,,,,
ds-129499,MEDIA,,,,,,6673aa_2b62ce19558f42faaca65448dde59f5f~mv2.png,,,,,,,,,,,,,,,,,,,,,,,,,,,,,,,,,,,,,,,,,,,,,,,,,,,,,,,,,,,,,,,,,,,,,,,,,,,,,,,,,,,,,
ds-129836,PRODUCT,Rado Centrix,true,"<p>Edelstahlgehäuse und Band mit Keramik Zwischenteilen schwarz, Quarzwerk, Zifferblatt schwarz mit vier Diamanten im Brillantschliff Top Wesselton vs-si 0.012ct und Datumsanzeige, Saphirglas, Edelstahlverschluss, Durchmesser: 30.5mm, 5bar Wasserdicht, fünf Jahre GarantieReferenz: R30026712Verfügbar in der Bijouterie Droz in Zofingen AG</p>",damenuhren;uhren;rado,uhren,,,,Rado,1750,,,,,,980,1,false,,,129836,R30026712,,,,,,,,,,,,,,,,,,,,,,,,,,,,,,,,,,,,,,,,,,,,,,,,,,,,,,,,,,,,,,,,,,,,,
ds-129836,MEDIA,,,,,,6673aa_96e2cdde2ff844649b36fda46fbcefb6~mv2.png,,,,,,,,,,,,,,,,,,,,,,,,,,,,,,,,,,,,,,,,,,,,,,,,,,,,,,,,,,,,,,,,,,,,,,,,,,,,,,,,,,,,,
ds-129837,PRODUCT,Rado Centrix L,true,"<p>Gehäuse aus Edelstahl PVD rosé, Band aus Edelstahl PVD rosé mit Keramik braun, automatisches Werk, Saphirglas, Zifferblatt braun mit 12 Brillanten 0.078ct, Durchmesser 40mm, Wasserdicht bis 5bar, 5 Jahre Garantie</p><p>Referenz: R30017732</p><p>Verfügbar in der Bijouterie Droz in Zofingen AG</p>",uhren;herrenuhren;damenuhren;rado,uhren,,,,Rado,2550,,,,,,1428,1,false,,,129837,R30017732,,,,,,,,,,,,,,,,,,,,,,,,,,,,,,,,,,,,,,,,,,,,,,,,,,,,,,,,,,,,,,,,,,,,,
ds-129837,MEDIA,,,,,,6673aa_312a31b3213e479aa9c63857cd5e5088~mv2.png,,,,,,,,,,,,,,,,,,,,,,,,,,,,,,,,,,,,,,,,,,,,,,,,,,,,,,,,,,,,,,,,,,,,,,,,,,,,,,,,,,,,,
ds-130167,PRODUCT,Rado Centrix M,true,"<p>Edelstahlgehäuse und Band mit Keramik Zwischenteilen schwarz, automatisches Uhrwerk mit 80h Gangreserve, Zifferblatt schwarz mit 11 Diamanten Top Wesselton vs-si 0.110ct und Datumsanzeige, Lünette mit 60 Diamanten Top Wesselton vs-si 0.792ct, Saphirglas, Edelstahlverschluss, Durchmesser: 35mm, 5bar Wasserdicht, fünf Jahre GarantieReferenz: R30231712Verfügbar in der Bijouterie Droz in Zofingen AG</p>",damenuhren;uhren;rado,uhren,,,,Rado,4300,,,,,,2408,1,false,,,130167,R30231712,,,,,,,,,,,,,,,,,,,,,,,,,,,,,,,,,,,,,,,,,,,,,,,,,,,,,,,,,,,,,,,,,,,,,
ds-130167,MEDIA,,,,,,6673aa_522b29b80c964ecaabc3abe492538402~mv2.png,,,,,,,,,,,,,,,,,,,,,,,,,,,,,,,,,,,,,,,,,,,,,,,,,,,,,,,,,,,,,,,,,,,,,,,,,,,,,,,,,,,,,
ds-133653,PRODUCT,Rado Centrix Open Heart,true,"<p>Gehäuse und Band aus Edelstahl PVD gelb mit Keramik schwarz, automatisches Werk, Saphirglas, Zifferblatt Perlmutt mit Brillanten open Heart, Durchmesser 35mm, Wasserdicht bis 5bar, 5 Jahre Garantie </p><p>Referenz: R30032752 </p><p>Verfügbar in der Bijouterie Droz in Zofingen AG</p>",uhren;damenuhren;rado,uhren,,,,Rado,3500,,,,,,1960,1,false,,,133653,R30032752,,,,,,,,,,,,,,,,,,,,,,,,,,,,,,,,,,,,,,,,,,,,,,,,,,,,,,,,,,,,,,,,,,,,,
ds-133653,MEDIA,,,,,,6673aa_19a3d507321b4c4ab6aa23469a5800d6~mv2.png,,,,,,,,,,,,,,,,,,,,,,,,,,,,,,,,,,,,,,,,,,,,,,,,,,,,,,,,,,,,,,,,,,,,,,,,,,,,,,,,,,,,,
ds-129615,PRODUCT,Rado HyperChrome XXL,true,"<p>Gehäuse und Band aus Hightech Keramik Plasma, Oberfläche: matt / poliert, automatisches Uhrwerk mit 47 Stunden Gangreserve und Chronograph-Funktion, Saphirglas, graues Zifferblatt, Titan Faltschliesse, 10 bar Wasserdicht, limitiert auf 999 Stück, fünf Jahre GarantieReferenz: R32022152Verfügbar in der Bijouterie Droz in Zofingen AG</p>",uhren;herrenuhren;rado,uhren,,,,Rado,4700,,,,,,2632,1,false,,,129615,R32022152,,,,,,,,,,,,,,,,,,,,,,,,,,,,,,,,,,,,,,,,,,,,,,,,,,,,,,,,,,,,,,,,,,,,,
ds-129615,MEDIA,,,,,,6673aa_f26304660de34aa790f489f828694543~mv2.png,,,,,,,,,,,,,,,,,,,,,,,,,,,,,,,,,,,,,,,,,,,,,,,,,,,,,,,,,,,,,,,,,,,,,,,,,,,,,,,,,,,,,
ds-129615,MEDIA,,,,,,6673aa_d98ed384153d40ae883243769d775dc0~mv2.png,,,,,,,,,,,,,,,,,,,,,,,,,,,,,,,,,,,,,,,,,,,,,,,,,,,,,,,,,,,,,,,,,,,,,,,,,,,,,,,,,,,,,
ds-129615,MEDIA,,,,,,6673aa_05d68fa665904f829c7f0c87c452f3a1~mv2.png,,,,,,,,,,,,,,,,,,,,,,,,,,,,,,,,,,,,,,,,,,,,,,,,,,,,,,,,,,,,,,,,,,,,,,,,,,,,,,,,,,,,,
ds-129615,MEDIA,,,,,,6673aa_d374c39b6af74d719a01189561e3a72f~mv2.png,,,,,,,,,,,,,,,,,,,,,,,,,,,,,,,,,,,,,,,,,,,,,,,,,,,,,,,,,,,,,,,,,,,,,,,,,,,,,,,,,,,,,
ds-129615,MEDIA,,,,,,6673aa_dd07c19498354fd68e89019d366abddc~mv2.png,,,,,,,,,,,,,,,,,,,,,,,,,,,,,,,,,,,,,,,,,,,,,,,,,,,,,,,,,,,,,,,,,,,,,,,,,,,,,,,,,,,,,
ds-131695,PRODUCT,Maurice Lacroix 1975 GMT,true,"<p>Gehäuse aus Edelstahl mit Lederband schwarz Alligator - Werk: automatic ML165-1 - Durchmesser: 40mm - Zifferblatt silber mit rosé Index - Saphirglas - Wasserdicht bis 10bar - limited Edition 1 von 200, zwei Jahre Garantie</p><p>Referenz: 756048-SS001-130-2</p><p>Verfügbar in der Bijouterie Droz in Zofingen AG</p>",uhren;herrenuhren;maurice-lacroix,uhren,,,,Maurice Lacroix,1990,,,,,,995,1,false,,,131695,756048-SS001-130-2,,,,,,,,,,,,,,,,,,,,,,,,,,,,,,,,,,,,,,,,,,,,,,,,,,,,,,,,,,,,,,,,,,,,,
ds-131695,MEDIA,,,,,,6673aa_c58e224ccdf54cb7ac6ebaa381cf40dd~mv2.png,,,,,,,,,,,,,,,,,,,,,,,,,,,,,,,,,,,,,,,,,,,,,,,,,,,,,,,,,,,,,,,,,,,,,,,,,,,,,,,,,,,,,
ds-131986,PRODUCT,Maurice Lacroix 1975,true,"<p>Gehäuse und Band aus Edelstahl bicolor PVD rosé, Quartzwerk, Saphirglas, Durchmesser 39mm, Zifferblatt silber mit Index und Datum, Wasserdicht bis 10bar, 2 Jahre Garantie </p><p>Referenz: 751007-PVP12-130-1 </p><p>Verfügbar in der Bijouterie Droz in Zofingen AG</p>",uhren;herrenuhren;damenuhren;maurice-lacroix,uhren,,,,Maurice Lacroix,850,,,,,,425,1,false,,,131986,751007-PVP12-130-1,,,,,,,,,,,,,,,,,,,,,,,,,,,,,,,,,,,,,,,,,,,,,,,,,,,,,,,,,,,,,,,,,,,,,
ds-131986,MEDIA,,,,,,6673aa_f843fa1b3a7e4699873361cd7c032c4b~mv2.png,,,,,,,,,,,,,,,,,,,,,,,,,,,,,,,,,,,,,,,,,,,,,,,,,,,,,,,,,,,,,,,,,,,,,,,,,,,,,,,,,,,,,
ds-132295,PRODUCT,Maurice Lacroix 1975,true,"<p>Gehäuse aus Edelstahl mit einem Lederband braun, Quartzwerk Chrono, Saphirglas, Zifferblatt silber mit Datum/Wochentag/Monat, Durchmesser 40mm, Wasserdicht bis 10bar, Limited Edition of 1000, 2 Jahre Garantie </p><p>Referenz: 751138-SS001-130-3</p><p>Verfügbar in der Bijouterie Droz in Zofingen AG</p>",uhren;herrenuhren;maurice-lacroix,uhren,,,,Maurice Lacroix,1200,,,,,,600,1,false,,,132295,751138-SS001-130-3,,,,,,,,,,,,,,,,,,,,,,,,,,,,,,,,,,,,,,,,,,,,,,,,,,,,,,,,,,,,,,,,,,,,,
ds-132295,MEDIA,,,,,,6673aa_58baf6f191be49bc92f96dfd559b50ce~mv2.png,,,,,,,,,,,,,,,,,,,,,,,,,,,,,,,,,,,,,,,,,,,,,,,,,,,,,,,,,,,,,,,,,,,,,,,,,,,,,,,,,,,,,
ds-132597,PRODUCT,Maurice Lacroix 1975,true,"<p>Gehäuse aus Edelstahl, Lederband rosa, Oberfläche: poliert/matt, Quarzwerk, Saphirglas, Zifferblatt Perlmutt rosa mit Index und Datumsanzeige, Durchmesser 33mm, Wasserdicht bis 10bar, zwei Jahre GarantieReferenz: 751006-SS001-560-6Verfügbar in der Bijouterie Droz in Zofingen AG</p>",uhren;damenuhren;maurice-lacroix,,,,,Maurice Lacroix,750,,,,,,375,1,false,,,132597,751006-SS001-560-6,,,,,,,,,,,,,,,,,,,,,,,,,,,,,,,,,,,,,,,,,,,,,,,,,,,,,,,,,,,,,,,,,,,,,
ds-132597,MEDIA,,,,,,6673aa_b312b43e320946d5ab1b548ad04f6d0e~mv2.png,,,,,,,,,,,,,,,,,,,,,,,,,,,,,,,,,,,,,,,,,,,,,,,,,,,,,,,,,,,,,,,,,,,,,,,,,,,,,,,,,,,,,
ds-132838,PRODUCT,Maurice Lacroix 1975,true,"<p>Gehäuse und Band aus Edelstahl poliert/matt, Quarzwerk, Saphirglas, Zifferblatt grün mit Index und Datum, Durchmesser 39mm, Wasserdicht bis 10bar, zwei Jahre GarantieReferenz: 751007-SS002-630-1Verfügbar in der Bijouterie Droz in Zofingen AG</p>",uhren;herrenuhren;maurice-lacroix,,,,,Maurice Lacroix,750,,,,,,375,1,false,,,132838,751007-SS002-630-1,,,,,,,,,,,,,,,,,,,,,,,,,,,,,,,,,,,,,,,,,,,,,,,,,,,,,,,,,,,,,,,,,,,,,
ds-132838,MEDIA,,,,,,6673aa_923015f1f7aa49638af5ca4f412b2fc4~mv2.png,,,,,,,,,,,,,,,,,,,,,,,,,,,,,,,,,,,,,,,,,,,,,,,,,,,,,,,,,,,,,,,,,,,,,,,,,,,,,,,,,,,,,
ds-131940,PRODUCT,Maurice Lacroix Aikonic,true,"<p>Edelstahlgehäuse mit einer schwarzen Keramik Lünette, Kautschukband schwarz, Zifferblatt Open Heart mit Chronograph, automatisches Uhrwerk mit 62h Gangreserve, Saphirglas, Gehäusedurchmesser: 43mm, 10bar Wasserdicht, zwei Jahre GarantieReferenz: AC8018-SSL20-030-2Verfügbar in der Bijouterie Droz in Zofingen AG</p>",uhren;herrenuhren;maurice-lacroix,uhren,,,,Maurice Lacroix,4950,,,,,,2475,1,false,,,131940,AC8018-SSL20-030-2,,,,,,,,,,,,,,,,,,,,,,,,,,,,,,,,,,,,,,,,,,,,,,,,,,,,,,,,,,,,,,,,,,,,,
ds-131940,MEDIA,,,,,,6673aa_f35c5513bb104661b111253789ff0176~mv2.png,,,,,,,,,,,,,,,,,,,,,,,,,,,,,,,,,,,,,,,,,,,,,,,,,,,,,,,,,,,,,,,,,,,,,,,,,,,,,,,,,,,,,
ds-120659,PRODUCT,Rado Integral L,true,"<p>Edelstahlgehäuse und -band mit schwarzen Hightech Keramik Zwischenteilen, schwarzes Zifferblatt mit Index und Datumsanzeige, Titanfaltschliesse, Quarzwerk, 5bar Wasserdicht, fünf Jahre GarantieReferenz: R20206162Verfügbar in der Bijouterie Droz in Zofingen AG</p>",herrenuhren;uhren;rado,uhren,,,,Rado,1950,,,,,,1092,1,false,,,120659,R20206162,,,,,,,,,,,,,,,,,,,,,,,,,,,,,,,,,,,,,,,,,,,,,,,,,,,,,,,,,,,,,,,,,,,,,
ds-120659,MEDIA,,,,,,6673aa_47fb9066ff204933919e14af4efb2148~mv2.png,,,,,,,,,,,,,,,,,,,,,,,,,,,,,,,,,,,,,,,,,,,,,,,,,,,,,,,,,,,,,,,,,,,,,,,,,,,,,,,,,,,,,
ds-132191,PRODUCT,Rado Integral,true,"<p>Gehäuse und Band aus Edelstahl und Keramik schwarz, Quarzwerk, Saphirglas, Durchmesser: 31.5mm, Zifferblatt schwarz mit Index und Datum, Wasserdicht bis 5bar, 5 Jahre GarantieReferenz: R20255162Verfügbar in der Bijouterie Droz in Zofingen AG</p>",uhren;herrenuhren;rado,uhren,,,,Rado,2050,,,,,,1148,1,false,,,132191,R20255162,,,,,,,,,,,,,,,,,,,,,,,,,,,,,,,,,,,,,,,,,,,,,,,,,,,,,,,,,,,,,,,,,,,,,
ds-132191,MEDIA,,,,,,6673aa_0c1672dce50e48d684ad82278afdf26d~mv2.png,,,,,,,,,,,,,,,,,,,,,,,,,,,,,,,,,,,,,,,,,,,,,,,,,,,,,,,,,,,,,,,,,,,,,,,,,,,,,,,,,,,,,
ds-132454,PRODUCT,Rado Integral,true,"<p>Gehäuse und Band aus Edelstahl PVD gelb mit Keramik schwarz, Quartzwerk, Saphirglas, Zifferblatt schwarz mit Index und Datumsanzeige, Durchmesser 31.5mm, Wasserdicht bis 5bar, 5 Jahre Garantie</p><p>Referenz: R20256162</p><p>Verfügbar in der Bijouterie Droz in Zofingen AG</p>",uhren;herrenuhren;rado,uhren,,,,Rado,2150,,,,,,1204,1,false,,,132454,R20256162,,,,,,,,,,,,,,,,,,,,,,,,,,,,,,,,,,,,,,,,,,,,,,,,,,,,,,,,,,,,,,,,,,,,,
ds-132454,MEDIA,,,,,,6673aa_26d16f6222f045969cbf331120f202d4~mv2.png,,,,,,,,,,,,,,,,,,,,,,,,,,,,,,,,,,,,,,,,,,,,,,,,,,,,,,,,,,,,,,,,,,,,,,,,,,,,,,,,,,,,,
ds-128175,PRODUCT,Maurice Lacroix Aikon,true,"<p>Gehäuse und Band aus Edelstahl, Oberfläche: matt, automatisches Werk, Saphriglas, Zifferblatt türkis Côtes de Genève circulaires, Durchmesser 39mm, Wasserdicht bis 20bar, zusätzliches Kautschukband türkis mit einer Dornschliesse, zwei Jahre GarantieReferenz: AI6007-SS00F-431-CVerfügbar in der Bijouterie Droz in Zofingen AG</p>",uhren;damenuhren;maurice-lacroix,,,,,Maurice Lacroix,2450,,,,,,1225,1,false,,,128175,AI6007-SS00F-431-C,,,,,,,,,,,,,,,,,,,,,,,,,,,,,,,,,,,,,,,,,,,,,,,,,,,,,,,,,,,,,,,,,,,,,
ds-128175,MEDIA,,,,,,6673aa_b0b2449fff7044149e192ce9e18172e3~mv2.png,,,,,,,,,,,,,,,,,,,,,,,,,,,,,,,,,,,,,,,,,,,,,,,,,,,,,,,,,,,,,,,,,,,,,,,,,,,,,,,,,,,,,
ds-128175,MEDIA,,,,,,6673aa_39fb8d6183534186bb3f82f5f6968515~mv2.jpg,,,,,,,,,,,,,,,,,,,,,,,,,,,,,,,,,,,,,,,,,,,,,,,,,,,,,,,,,,,,,,,,,,,,,,,,,,,,,,,,,,,,,
ds-128175,MEDIA,,,,,,6673aa_da003a81bc854fc98d967f043a54af26~mv2.jpg,,,,,,,,,,,,,,,,,,,,,,,,,,,,,,,,,,,,,,,,,,,,,,,,,,,,,,,,,,,,,,,,,,,,,,,,,,,,,,,,,,,,,
ds-128175,MEDIA,,,,,,6673aa_9fa471f7ee8947748cd547fc4efb46ad~mv2.jpg,,,,,,,,,,,,,,,,,,,,,,,,,,,,,,,,,,,,,,,,,,,,,,,,,,,,,,,,,,,,,,,,,,,,,,,,,,,,,,,,,,,,,
ds-128175,MEDIA,,,,,,6673aa_85545650b8184367ba1027ec0718e58b~mv2.jpg,,,,,,,,,,,,,,,,,,,,,,,,,,,,,,,,,,,,,,,,,,,,,,,,,,,,,,,,,,,,,,,,,,,,,,,,,,,,,,,,,,,,,
ds-129981,PRODUCT,Maurice Lacroix Aikon,true,"<p>Edelstahlband und -gehäuse, Perlmuttzifferblatt mit 8 Diamanten, Automat, Saphirglas, Faltschliesse, 20bar Wasserdicht, zwei Jahre GarantieReferenz: AI6006-SS002-170-1Verfügbar in der Bijouterie Droz in Zofingen AG</p>",uhren;damenuhren;maurice-lacroix,,,,,Maurice Lacroix,2150,,,,,,1075,1,false,,,129981,AI6006-SS002-170-1,,,,,,,,,,,,,,,,,,,,,,,,,,,,,,,,,,,,,,,,,,,,,,,,,,,,,,,,,,,,,,,,,,,,,
ds-129981,MEDIA,,,,,,6673aa_d70cc107ac514c1cb44b50a7b6d75296~mv2.png,,,,,,,,,,,,,,,,,,,,,,,,,,,,,,,,,,,,,,,,,,,,,,,,,,,,,,,,,,,,,,,,,,,,,,,,,,,,,,,,,,,,,
ds-130244,PRODUCT,Maurice Lacroix Aikon Titan,true,"<p>Gehäuse und Band aus Titan, automatisches Werk ML115, Zifferblatt grau mit Index und Datumsanzeige, Durchmesser 42mm, Wasserdicht bis 20bar, zwei Jahre Garantie</p><p>Referenz: AI6008-TT032-230-1</p><p>Verfügbar in der Bijouterie Droz in Zofingen AG</p>",uhren;herrenuhren;maurice-lacroix,uhren,,,,Maurice Lacroix,2700,,,,,,1350,1,false,,,130244,AI6008-TT032-230-1,,,,,,,,,,,,,,,,,,,,,,,,,,,,,,,,,,,,,,,,,,,,,,,,,,,,,,,,,,,,,,,,,,,,,
ds-130244,MEDIA,,,,,,6673aa_da4f83ab939443fe9fb3dd34ff5f2b5a~mv2.png,,,,,,,,,,,,,,,,,,,,,,,,,,,,,,,,,,,,,,,,,,,,,,,,,,,,,,,,,,,,,,,,,,,,,,,,,,,,,,,,,,,,,
ds-131711,PRODUCT,Maurice Lacroix Aikon weiss,true,"<p>Gehäuse aus Edelstahl mit einem Kautschukband weiss, Quartzwerk, Saphirglas, Zifferblatt weiss Index mit Brillanten, Durchmesser 35mm, Wasserdicht bis 10bar, zwei Jahre Garantie </p><p>Referenz: AI1106-SS000-150-7</p><p>Verfügbar in der Bijouterie Droz in Zofingen AG</p>",uhren;damenuhren;maurice-lacroix,uhren,,,,Maurice Lacroix,990,,,,,,420.75,1,false,,,131711,AI1106-SS000-150-7,,,,,,,,,,,,,,,,,,,,,,,,,,,,,,,,,,,,,,,,,,,,,,,,,,,,,,,,,,,,,,,,,,,,,
ds-131711,MEDIA,,,,,,6673aa_8031bb9f6ed84c8ba917b3fe0bd296ba~mv2.png,,,,,,,,,,,,,,,,,,,,,,,,,,,,,,,,,,,,,,,,,,,,,,,,,,,,,,,,,,,,,,,,,,,,,,,,,,,,,,,,,,,,,
ds-130979,PRODUCT,Maurice Lacroix 1975,true,"<p>Gehäuse aus Edelstahl mit einem Lederband dunkelblau, Quarzwerk, Saphirglas, Zifferblatt blau mit Index und Datumsanzeige, Durchmesser 39mm, Wasserdicht bis 10bar, zwei Jahre Garantie Referenz: 751007-SS001-430-4 </p><p>Verfügbar in der Bijouterie Droz in Zofingen AG</p>",uhren;herrenuhren;maurice-lacroix,uhren,,,,Maurice Lacroix,650,,,,,,325,1,false,,,130979,751007-SS001-430-4,,,,,,,,,,,,,,,,,,,,,,,,,,,,,,,,,,,,,,,,,,,,,,,,,,,,,,,,,,,,,,,,,,,,,
ds-130979,MEDIA,,,,,,6673aa_620e447edebf4b37996c832929fecc47~mv2.png,,,,,,,,,,,,,,,,,,,,,,,,,,,,,,,,,,,,,,,,,,,,,,,,,,,,,,,,,,,,,,,,,,,,,,,,,,,,,,,,,,,,,
ds-125082,PRODUCT,Maurice Lacroix Aikon,true,"<p>Edelstahlgehäuse und -band, rosa Zifferblatt mit Index und Datumsanzeige, Automat, Verschraubte Krone, Durchmesser: 39mm, 20bar Wasserdicht, zwei Jahre GarantieReferenz: AI6007-SS002-731-1Verfügbar in der Bijouterie Droz in Zofingen AG</p>",uhren;damenuhren;maurice-lacroix,,,,,Maurice Lacroix,2050,,,,,,975,1,false,,,125082,AI6007-SS002-731-1,,,,,,,,,,,,,,,,,,,,,,,,,,,,,,,,,,,,,,,,,,,,,,,,,,,,,,,,,,,,,,,,,,,,,
ds-125082,MEDIA,,,,,,6673aa_40df96606b3a44b1a26eaf7ec060be9c~mv2.png,,,,,,,,,,,,,,,,,,,,,,,,,,,,,,,,,,,,,,,,,,,,,,,,,,,,,,,,,,,,,,,,,,,,,,,,,,,,,,,,,,,,,
ds-125082,MEDIA,,,,,,6673aa_f436172ab7d74e9d9f0c8c2019cb3546~mv2.jpg,,,,,,,,,,,,,,,,,,,,,,,,,,,,,,,,,,,,,,,,,,,,,,,,,,,,,,,,,,,,,,,,,,,,,,,,,,,,,,,,,,,,,
ds-125873,PRODUCT,Maurice Lacroix Aikon,true,"<p>Edelstahlgehäuse und -band, blaues Zifferblatt mit Index und Datumsanzeige, Quarzwerk, Saphirglas, 10bar Wasserdicht, zwei Jahre GarantieReferenz: AI1106-SS002-430-1Verfügbar in der Bijouterie Droz in Zofingen AG</p>",uhren;damenuhren;maurice-lacroix,uhren,,,,Maurice Lacroix,990,,,,,,470,1,false,,,125873,AI1106-SS002-430-1,,,,,,,,,,,,,,,,,,,,,,,,,,,,,,,,,,,,,,,,,,,,,,,,,,,,,,,,,,,,,,,,,,,,,
ds-125873,MEDIA,,,,,,6673aa_790597537fe14c50a4869cc1e05e74b9~mv2.png,,,,,,,,,,,,,,,,,,,,,,,,,,,,,,,,,,,,,,,,,,,,,,,,,,,,,,,,,,,,,,,,,,,,,,,,,,,,,,,,,,,,,
ds-132636,PRODUCT,Maurice Lacroix Fiaba Square,true,"<p>Gehäuse und Band aus Edelstahl, Oberfläche: poliert, Quartzwerk, Saphirglas, Zifferblatt silber/römisch, Gehäuse mit 93 Brillanten 0.75ct, Durchmesser 24x34mm, Wasserdicht bis 5bar, 2 Jahre Garantie </p><p>Referenz: FA1205-SD502-110-1 </p><p>Verfügbar in der Bijouterie Droz in Zofingen AG</p>",uhren;damenuhren;maurice-lacroix,uhren,,,,Maurice Lacroix,2850,,,,,,1425,1,false,,,132636,FA1205-SD502-110-1,,,,,,,,,,,,,,,,,,,,,,,,,,,,,,,,,,,,,,,,,,,,,,,,,,,,,,,,,,,,,,,,,,,,,
ds-132636,MEDIA,,,,,,6673aa_dd86ee5ce2744a14a717bd6d9f489b61~mv2.png,,,,,,,,,,,,,,,,,,,,,,,,,,,,,,,,,,,,,,,,,,,,,,,,,,,,,,,,,,,,,,,,,,,,,,,,,,,,,,,,,,,,,
ds-132596,PRODUCT,Maurice Lacroix Fiaba Square,true,"<p>Gehäuse aus Edelstahl PVD gelb poliert mit einem Lederband in braun (Sonderband) mit einer Dornschliesse, Quartzwerk, Saphirglas, Zifferblatt silber/römisch, Durchmesser: 24x34mm, Wasserdicht bis 5bar, zwei Jahre Garantie </p><p>Referenz: FA1205-PVY01-110-2 </p><p>Verfügbar in der Bijouterie Droz in Zofingen AG</p>",uhren;damenuhren;maurice-lacroix,,,,,Maurice Lacroix,1050,,,,,,525,1,false,,,132596,FA1205-PVY01-110-2,,,,,,,,,,,,,,,,,,,,,,,,,,,,,,,,,,,,,,,,,,,,,,,,,,,,,,,,,,,,,,,,,,,,,
ds-132596,MEDIA,,,,,,6673aa_bfe28568018149d28e5cef9cf77027c1~mv2.jpg,,,,,,,,,,,,,,,,,,,,,,,,,,,,,,,,,,,,,,,,,,,,,,,,,,,,,,,,,,,,,,,,,,,,,,,,,,,,,,,,,,,,,
ds-131668,PRODUCT,Maurice Lacroix Masterpiece Square Whell Retrograde,true,"<p>Gehäuse aus Edelstahl mit einem Lederband schwarz, automatisches Uhrwerk, Saphirglas, Zifferblatt silber/blau, Durchmesser 43mm - Garantie: zwei Jahre</p><p>Referenz: MP6058-SS001-110-1 </p><p>Verfügbar in der Bijouterie Droz in Zofingen AG</p>",uhren;herrenuhren;maurice-lacroix,uhren,,,,Maurice Lacroix,7350,,,,,,2940,1,false,,,131668,MP6058-SS001-110-1,,,,,,,,,,,,,,,,,,,,,,,,,,,,,,,,,,,,,,,,,,,,,,,,,,,,,,,,,,,,,,,,,,,,,
ds-131668,MEDIA,,,,,,6673aa_8b4c486b74a345e5b38200e52a7e0f39~mv2.png,,,,,,,,,,,,,,,,,,,,,,,,,,,,,,,,,,,,,,,,,,,,,,,,,,,,,,,,,,,,,,,,,,,,,,,,,,,,,,,,,,,,,
